POS,First Name,Last Name,TM,B,CON,GAP,POW,EYE,K,CONL,GAPL,POWL,EYEL,KL,CONR,GAPR,POWR,EYER,KR,Bunt for Hit,Defense,Speed,Steal,Run Speed,Games,Plate Appearances,At Bats,Hits,Singles,Doubles,Triples,Homeruns,Runs Batted In,Runs,Bases on Balls,Intentional Walks,Hit By Pitch,Strikeouts,Double Plays,Extra Base Hits,AVG,OBP,SLG,ISO,OPS+,BABIP,wRC+,WAR,SB,CS,SB%,Zone Rating,Efficiency, Salary 
SS,Freudis,Nova,HOU,R,13,12,12,8,11,13,12,13,10,11,12,11,12,8,10,8,12,18,18,16,43,150,138,50,32,5,1,12,40,26,7,0,2,28,2,18,0.362,0.393,0.674,0.312,172,0.376,179,2.1,5,0,100,1.4,1.005,0.54
LF,Christian,Yelich,ATL,L,20,13,18,13,13,18,11,16,12,12,20,14,18,13,13,6,12,5,18,14,93,405,349,125,82,16,1,26,75,65,53,5,2,57,11,43,0.358,0.444,0.633,0.275,179,0.371,182,4.9,3,0,100,-1.3,0.972,30.23
LF,Jorge,Vela,WAS,L,17,18,12,12,18,14,14,10,9,16,18,19,13,13,18,12,15,20,20,20,94,422,380,135,92,26,4,13,77,73,35,5,0,35,7,43,0.355,0.403,0.547,0.192,143,0.36,146,3.7,20,7,74.1,2.9,0.996,0.54
2B,Jorge,Leyva,WAS,R,17,16,3,8,18,17,16,3,8,19,17,15,3,8,18,1,14,20,19,20,91,447,421,149,118,21,8,2,32,65,24,0,1,36,3,31,0.354,0.389,0.456,0.102,118,0.383,128,3.6,21,7,75,3.4,1.014,0.54
3B,Franklin,Barreto,MIA,R,15,16,9,10,11,15,16,10,10,12,14,16,9,10,11,12,15,17,17,20,95,426,394,139,101,28,0,10,57,60,25,6,5,76,1,38,0.353,0.398,0.5,0.147,136,0.417,136,3.7,14,1,93.3,-0.5,0.993,6.5
CF,Ricardo,Cespedes,CLE,L,13,13,10,10,10,12,12,9,10,10,14,13,10,11,11,3,12,18,20,20,49,186,164,57,35,12,4,6,29,31,18,1,2,28,3,22,0.348,0.418,0.579,0.232,158,0.392,161,1.9,7,1,87.5,-0.7,1.003,0.8
1B,Nick,Pratto,BAL,L,15,13,13,12,11,13,12,11,11,11,16,14,14,12,11,8,17,13,12,15,89,406,362,125,76,28,1,20,63,66,40,0,1,76,5,49,0.345,0.409,0.594,0.249,155,0.39,165,4.2,4,2,66.7,2.5,1.044,6.88
SS,Carter,Kieboom,DET,R,13,12,11,12,11,14,13,11,13,11,12,12,11,12,11,4,11,5,11,14,38,149,125,43,33,6,0,4,31,26,23,2,0,27,1,10,0.344,0.443,0.488,0.144,143,0.411,149,1.2,0,0,0,-0.8,0.962,4.87
CF,Juan,Farinas,ATL,R,16,16,2,8,18,16,17,2,8,18,15,16,2,7,17,11,17,20,20,20,83,344,320,109,75,29,4,1,31,49,19,1,3,27,3,34,0.341,0.381,0.466,0.125,121,0.367,127,2.8,26,4,86.7,0.5,1.031,0.54
SS,Brendan,Rodgers,HOU,R,15,13,13,10,12,15,13,13,11,12,15,13,13,10,12,5,14,15,20,19,87,401,338,115,78,23,1,13,56,69,47,1,11,67,11,37,0.34,0.432,0.53,0.189,151,0.389,159,4.8,12,1,92.3,-0.4,0.966,16
LF,Jarred,Kelenic,POR,L,13,16,9,12,9,10,14,8,11,8,13,17,9,13,10,6,14,10,15,17,35,105,93,31,20,8,0,3,13,18,11,0,1,26,3,11,0.333,0.41,0.516,0.183,142,0.438,151,0.8,0,0,0,-1.2,0.956,0.54
LF,Jake,Bauers,SF,L,15,13,12,14,13,13,11,11,13,12,16,13,12,14,13,1,14,10,18,17,93,396,348,115,71,24,0,20,75,58,44,1,2,81,10,44,0.33,0.407,0.572,0.241,157,0.382,161,3.3,2,0,100,-6.1,0.972,19.02
CF,Billy,Lasley,SEA,L,14,15,6,8,15,12,12,5,6,14,14,16,7,8,16,5,16,19,20,20,90,422,393,129,89,28,5,7,40,61,21,1,5,67,7,40,0.328,0.369,0.478,0.15,122,0.381,126,3.6,25,3,89.3,2.9,1.028,0.54
CF,Ben,Detiege,DET,L,14,15,9,5,16,13,13,8,5,15,15,15,9,6,17,17,15,19,20,20,92,449,419,135,99,19,6,11,58,80,18,0,7,52,2,36,0.322,0.359,0.475,0.153,115,0.346,121,2.9,20,6,76.9,1.1,1.011,0.54
SS,Brice,Turang,ATL,L,15,11,3,12,13,12,9,2,11,11,15,11,3,12,13,4,14,13,18,20,83,321,295,95,68,23,1,3,34,47,22,0,3,55,3,27,0.322,0.374,0.437,0.115,113,0.387,120,1.3,5,6,45.5,-0.2,1.018,0.54
C,Ben,Rortvedt,ARI,L,11,9,9,8,13,9,8,8,7,12,12,10,10,8,13,6,16,11,13,16,30,100,94,30,21,4,0,5,17,15,5,0,0,19,1,9,0.319,0.354,0.521,0.202,125,0.357,130,0.9,1,0,100,-0.2,0.91,7
C,John Ryan,Murphy,BAL,R,11,14,11,11,10,12,14,11,12,10,10,14,10,11,10,6,14,7,9,9,71,172,154,49,30,14,0,5,21,26,13,0,2,36,1,19,0.318,0.372,0.506,0.188,124,0.379,132,1.6,0,0,0,1.3,1.092,3
RF,Yorinobu,Yano,TOR,R,15,14,14,13,16,16,15,15,14,16,15,14,14,13,15,1,15,11,12,7,91,425,368,117,70,21,2,24,84,83,48,0,4,44,11,47,0.318,0.398,0.582,0.264,153,0.305,160,4,1,0,100,-1,0.995,33
1B,JOHN,MALCOM,POR,L,12,14,10,10,9,11,13,10,9,8,13,15,10,10,9,6,16,8,9,7,42,161,145,46,30,9,1,6,24,15,13,0,2,45,0,16,0.317,0.379,0.517,0.2,133,0.421,140,1,0,0,0,-0.3,1.007,0.54
3B,Orlando,Arcia,ARI,R,16,13,9,10,16,17,14,10,10,17,15,13,9,10,15,5,17,11,16,18,91,406,360,114,79,25,1,9,44,60,40,1,1,55,7,35,0.317,0.383,0.467,0.15,122,0.35,127,3.1,11,2,84.6,0.6,1.007,26.96
2B,Alex,Bregman,HOU,R,16,13,12,15,13,17,14,13,16,14,16,13,12,14,12,8,15,9,17,15,90,437,377,119,78,25,2,14,51,86,56,0,2,76,5,41,0.316,0.406,0.504,0.188,137,0.365,146,4.4,9,2,81.8,2.7,1.01,17
LF,Alex,Verdugo,WAS,L,15,15,12,9,13,13,14,11,9,12,16,16,12,10,14,1,17,8,16,16,84,390,353,111,72,17,2,20,69,60,27,0,4,65,6,39,0.314,0.366,0.544,0.229,133,0.335,139,3.4,1,0,100,6.9,1.032,12.16
2B,Amed,Rosario,SF,R,14,13,10,10,10,16,14,11,10,11,13,13,10,9,10,7,17,10,16,17,94,414,385,121,84,19,5,13,48,60,23,0,2,94,5,37,0.314,0.353,0.491,0.177,122,0.383,125,3,5,1,83.3,2.2,1.013,14
RF,Toyoo,Hashimoto,STL,L,15,16,7,17,17,13,14,6,15,15,15,17,7,18,17,1,13,16,18,15,94,417,343,107,74,24,4,5,36,55,72,10,2,45,8,33,0.312,0.434,0.449,0.137,134,0.348,134,2.5,6,8,42.9,0.4,0.995,17.1
C,Chance,Sisco,CIN,L,15,12,8,13,10,13,12,7,12,9,15,13,8,13,11,1,9,8,9,11,80,307,263,82,63,13,0,6,33,31,37,2,5,63,4,19,0.312,0.404,0.43,0.118,118,0.388,126,2.3,2,0,100,-1,1.019,23
SS,Gavin,Lux,WAS,L,15,13,9,14,12,13,12,8,13,11,15,13,9,14,13,6,16,15,17,18,92,417,367,114,88,18,3,5,45,67,42,0,1,67,4,26,0.311,0.378,0.417,0.106,106,0.363,114,2.3,7,5,58.3,-0.8,0.997,16.13
SS,Tucupita,Marcano,PIT,L,12,10,7,9,13,9,9,5,8,11,13,11,8,9,13,8,15,10,10,15,80,298,269,83,55,14,1,13,32,38,24,4,2,52,3,28,0.309,0.366,0.513,0.204,128,0.338,127,2,2,2,50,-1.9,0.993,0.54
2B,Yunior,Severino,LV,S,13,13,12,12,11,9,12,8,8,8,15,14,13,14,12,7,17,10,15,19,92,358,308,95,54,21,1,19,51,47,46,3,2,72,8,41,0.308,0.399,0.568,0.26,146,0.347,152,3.5,7,3,70,-0.9,0.983,6.25
SS,Willi,Castro,NYY,S,12,13,10,8,12,11,13,9,8,11,12,13,10,8,12,3,12,13,18,20,93,375,344,106,68,23,4,11,44,58,23,1,5,72,8,38,0.308,0.359,0.494,0.186,120,0.363,125,2.5,5,2,71.4,-3.4,0.967,5.06
CF,Mickey,Moniak,PHI,L,16,15,10,12,12,14,15,10,12,11,16,16,11,13,12,5,15,18,20,16,91,416,361,111,65,29,1,16,49,75,51,5,3,70,7,46,0.307,0.397,0.526,0.219,139,0.344,142,4,21,4,84,1.2,0.998,14
1B,Alex,Kirilloff,CLE,L,16,12,14,11,12,14,11,14,10,11,16,12,14,12,12,7,11,12,14,18,90,403,353,108,76,14,2,16,61,50,39,3,6,76,12,32,0.306,0.381,0.493,0.187,127,0.347,130,1.5,6,7,46.2,-4.6,0.921,6.6
RF,Bryce,Harper,NYY,L,15,12,18,18,9,13,12,17,17,8,15,13,19,19,9,2,12,9,17,13,94,415,337,103,43,19,0,41,80,75,70,3,4,97,10,60,0.306,0.427,0.727,0.421,193,0.305,194,5.5,5,4,55.6,-1.5,0.979,22.6
1B,Tim,Korman,DET,S,16,18,15,14,13,14,16,13,12,12,16,18,15,14,13,1,11,6,1,5,95,445,370,113,60,20,1,32,100,86,64,0,2,60,9,53,0.305,0.402,0.624,0.319,162,0.282,167,4.3,1,0,100,-1.7,0.975,0.54
RF,Jeison,Rosario,POR,L,13,15,10,10,11,12,14,9,10,10,14,15,11,11,11,8,18,14,20,17,88,366,332,101,74,18,3,6,40,54,30,0,2,58,5,27,0.304,0.363,0.431,0.127,109,0.352,115,2,12,1,92.3,3.1,1.03,2.88
1B,Luis,Aceves,SEA,S,16,15,19,8,13,15,13,17,7,12,17,15,20,8,13,4,17,3,3,1,92,405,369,112,61,19,0,32,73,64,29,2,5,82,8,51,0.304,0.36,0.615,0.312,151,0.311,154,3.4,0,0,0,1.6,1.014,0.54
3B,Colton,Welker,ARI,R,11,11,11,8,11,13,12,12,9,12,11,11,11,7,11,9,16,7,15,19,29,100,93,28,15,8,1,4,12,10,5,1,1,15,3,13,0.301,0.34,0.538,0.237,125,0.32,125,0.7,0,1,0,0.9,1.033,0.54
3B,Carlos,Correa,HOU,R,14,16,15,14,9,15,17,17,14,10,13,16,15,14,9,5,13,7,18,18,91,431,386,116,68,19,3,26,78,74,40,1,2,105,8,48,0.301,0.367,0.567,0.267,139,0.349,145,3.7,3,0,100,-2.3,0.975,16
2B,Kevin,Newman,CHC,R,13,12,5,13,16,13,12,6,14,16,13,12,5,13,16,2,8,9,16,15,86,357,324,97,71,16,2,8,34,43,30,1,2,38,12,26,0.299,0.362,0.435,0.136,108,0.32,114,0.9,9,2,81.8,-11.4,0.878,9.54
SS,Dansby,Swanson,LAD,R,16,15,11,14,12,16,16,12,14,12,15,15,11,13,12,6,18,11,18,20,90,382,322,96,74,7,3,12,52,55,54,4,1,61,3,22,0.298,0.395,0.45,0.152,124,0.331,126,3.7,12,1,92.3,6.7,1.051,18.51
1B,Lewin,Diaz,DET,L,12,12,15,9,10,11,11,14,9,10,12,12,15,9,10,1,10,5,8,13,84,377,339,101,58,18,1,24,73,59,26,0,6,86,13,43,0.298,0.353,0.569,0.271,135,0.328,140,2.2,0,0,0,0.2,1.053,3.5
2B,Ozzie,Albies,MIN,S,12,10,6,11,13,12,11,7,12,13,11,10,6,11,13,10,17,17,19,20,76,304,262,78,62,9,2,5,23,39,33,0,6,46,8,16,0.298,0.386,0.405,0.107,107,0.343,117,2.3,13,4,76.5,4.2,1.039,6.93
3B,Rens,Goossens,DET,L,13,15,16,14,13,10,12,13,11,12,14,17,18,15,14,1,13,8,19,14,95,438,373,111,55,24,1,31,98,85,55,3,6,74,4,56,0.298,0.393,0.617,0.319,157,0.294,161,4.8,6,1,85.7,-1.1,0.989,42.54
2B,Kevin,Jorenby,CLE,R,14,17,2,9,14,14,17,2,9,14,14,17,2,9,14,13,12,20,18,20,84,363,337,100,64,30,6,0,40,43,23,0,1,39,6,36,0.297,0.343,0.421,0.125,99,0.336,104,1.5,18,9,66.7,0,0.992,0.54
RF,Calvin,Mitchell,PHI,L,15,15,13,11,11,13,15,13,10,11,16,15,14,11,12,2,10,8,15,19,90,361,331,98,52,23,0,23,58,51,25,0,3,70,7,46,0.296,0.349,0.574,0.278,135,0.313,142,2.4,3,1,75,-2.7,0.989,4.41
1B,Wilmer,Flores,CIN,R,12,12,11,8,13,14,13,12,9,14,11,12,11,7,12,1,13,1,8,9,60,163,149,44,30,7,0,7,24,13,10,0,3,31,5,14,0.295,0.35,0.483,0.188,114,0.33,121,0.6,0,0,0,-1.7,0.955,1.5
RF,Dylan,Carlson,WAS,S,12,13,10,11,10,13,11,9,10,11,12,14,10,11,10,4,16,17,19,19,67,134,122,36,23,9,1,3,19,16,11,1,1,29,3,13,0.295,0.358,0.459,0.164,110,0.367,115,0.7,3,1,75,1.1,1.013,0.54
3B,Manny,Machado,TEX,R,14,13,15,13,11,15,15,16,13,11,13,13,15,12,11,1,18,2,14,9,93,417,363,107,62,17,0,28,67,71,49,0,2,93,6,45,0.295,0.379,0.573,0.278,141,0.322,150,4.2,0,0,0,2.1,1.003,36.5
CF,David,Dahl,WAS,L,16,13,13,11,12,15,13,13,11,12,16,14,13,12,12,7,17,14,18,19,94,419,380,112,79,18,2,13,56,57,33,1,0,75,9,33,0.295,0.347,0.455,0.161,106,0.333,111,2.5,6,1,85.7,3.5,1.026,16.97
CF,Mike,Trout,TOR,R,14,16,17,17,8,15,16,17,18,8,14,15,16,17,8,12,15,10,16,18,93,403,326,96,48,19,1,28,88,76,70,6,7,92,3,48,0.294,0.429,0.617,0.322,171,0.33,171,5.5,3,2,60,5.8,1.009,33.26
SS,Wilkerman,Garcia,PHI,S,13,14,7,12,13,12,12,7,11,12,14,14,7,12,13,9,17,17,19,19,88,378,340,100,66,19,3,12,46,42,34,0,1,65,5,34,0.294,0.358,0.474,0.179,115,0.332,122,2.9,7,2,77.8,1.8,1.005,13.28
SS,Francisco,Lindor,SEA,S,12,9,8,8,12,13,10,8,8,13,12,9,8,8,12,8,17,9,18,19,84,349,323,95,69,14,2,10,45,48,23,0,1,65,8,26,0.294,0.341,0.443,0.149,106,0.34,110,1.5,1,0,100,-4.4,0.951,4
3B,Jeimer,Candelario,WAS,S,12,16,12,12,12,11,14,10,11,11,13,16,12,12,12,3,14,7,7,12,91,386,347,102,61,26,0,15,60,59,32,4,3,64,14,41,0.294,0.357,0.499,0.205,118,0.322,120,2.2,1,0,100,-1.1,0.988,16
C,Sean,Murphy,MIL,R,10,10,10,12,9,10,10,11,13,10,10,10,10,12,9,4,16,8,10,12,53,206,184,54,34,10,1,9,22,30,20,1,1,44,2,20,0.293,0.364,0.505,0.212,124,0.341,129,1.8,0,0,0,0.9,1.035,3.5
SS,Richard,Urena,TOR,S,13,14,12,8,11,12,13,11,8,10,13,14,12,8,11,12,16,11,16,20,92,394,362,106,62,19,2,23,71,56,22,0,2,85,9,44,0.293,0.333,0.547,0.254,126,0.322,128,2.4,3,2,60,-6.6,0.946,14.31
3B,Kole,Enright,BAL,S,12,13,12,11,11,11,12,10,10,10,13,13,13,11,11,7,17,13,17,18,73,288,263,77,55,11,0,11,44,45,19,0,3,67,9,22,0.293,0.344,0.46,0.167,106,0.351,113,0.9,4,4,50,-4.7,0.915,0.85
2B,Corey,Seager,BAL,L,14,16,11,10,10,13,15,10,9,10,15,17,12,10,10,5,13,7,10,13,87,377,335,98,67,16,3,12,58,49,32,2,2,84,11,31,0.293,0.35,0.466,0.173,109,0.348,112,1.2,2,3,40,0.6,1.007,11.5
C,Joenny,Vazquez,TEX,R,14,9,16,10,16,15,9,16,11,17,14,9,16,10,16,1,11,2,6,4,81,344,318,93,51,18,0,24,57,55,19,0,6,54,12,42,0.292,0.343,0.575,0.283,131,0.286,140,3.2,0,0,0,-0.6,0.92,16.56
RF,Luis,Merino,COL,L,13,13,11,10,13,12,12,10,9,12,13,14,12,11,13,1,14,9,13,5,75,106,96,28,19,7,0,2,12,13,9,2,0,17,2,9,0.292,0.349,0.427,0.135,93,0.333,95,-0.1,0,1,0,-3.4,0.891,0.54
3B,Fook,Tieh,CLE,R,15,16,7,7,17,15,17,7,7,17,15,15,7,6,17,8,16,20,18,18,90,365,347,101,70,20,7,4,38,46,11,0,3,56,8,31,0.291,0.315,0.424,0.133,91,0.333,94,0.6,15,12,55.6,-1.4,0.993,0.54
LF,Austin,Langworthy,COL,L,14,16,6,13,12,13,15,5,10,10,14,16,6,13,12,9,14,11,17,16,75,320,282,82,54,21,2,5,20,45,36,0,1,72,3,28,0.291,0.373,0.433,0.142,101,0.376,114,1,5,4,55.6,-2.2,0.989,0.54
LF,Josh,Bell,CLE,S,14,15,14,15,12,12,13,13,13,10,15,15,14,16,12,2,13,3,11,12,92,400,351,102,61,19,0,22,52,66,43,0,3,69,11,41,0.291,0.37,0.533,0.242,133,0.304,140,2.7,2,1,66.7,-1.6,0.968,6.9
1B,Bobby,Wernes,ARI,R,12,9,13,13,11,13,10,14,14,12,11,9,13,13,11,2,17,6,8,11,65,163,145,42,30,7,0,5,20,21,18,0,0,29,6,12,0.29,0.368,0.441,0.152,111,0.333,120,0.8,1,0,100,0.4,1.088,0.54
3B,Josh,Morgan,MIL,R,13,11,6,11,14,14,11,6,12,15,13,11,6,11,14,1,16,2,18,16,89,360,335,97,65,20,3,9,38,28,21,2,3,59,17,32,0.29,0.336,0.448,0.158,102,0.328,106,1.3,0,0,0,-2.8,0.965,3.6
1B,Cody,Bellinger,LAD,L,12,11,17,15,8,11,11,16,14,7,12,11,17,16,8,3,16,5,18,14,95,412,363,105,56,23,1,25,78,55,43,0,3,103,6,49,0.289,0.367,0.565,0.275,141,0.336,146,3.2,0,0,0,2.7,1.044,18.8
1B,Geoff,Salazar,NYM,L,12,12,13,10,13,11,10,11,8,12,12,13,14,11,14,1,17,6,6,5,89,378,339,98,58,15,2,23,54,51,22,1,14,63,20,40,0.289,0.354,0.549,0.26,135,0.293,138,2.8,1,0,100,4.7,1.061,0.54
C,Austin,Allen,LV,L,11,10,10,10,12,10,9,8,9,12,11,11,10,10,13,6,8,2,4,11,43,125,111,32,25,4,0,3,20,12,12,0,1,23,5,7,0.288,0.36,0.405,0.117,98,0.337,107,0.5,0,0,0,-0.9,0.979,2.2
CF,Chris,Edwards,ARI,R,10,17,14,10,10,10,17,14,10,10,10,16,14,10,10,11,11,19,20,18,52,146,132,38,13,14,5,6,18,29,12,0,1,32,1,25,0.288,0.352,0.606,0.318,144,0.34,147,1.4,5,0,100,1.4,1.065,0.54
1B,Jon,Shuman,CAR,R,15,16,7,6,19,16,16,7,7,19,15,15,7,6,18,4,12,1,7,9,94,386,358,103,65,33,1,4,42,32,14,0,12,20,14,38,0.288,0.334,0.419,0.131,100,0.295,104,0.7,0,0,0,-0.7,0.997,0.54
2B,Andres,Gimenez,CIN,L,13,12,4,12,14,12,11,4,11,13,13,12,4,12,14,9,20,18,19,20,95,388,365,105,81,19,0,5,35,57,16,0,3,64,2,24,0.288,0.321,0.381,0.093,82,0.336,86,1.4,18,9,66.7,7.1,1.085,5.4
SS,Xavier,Edwards,DET,S,14,10,5,15,13,13,10,5,14,12,14,10,5,15,13,12,20,19,19,16,92,380,320,92,70,12,3,7,37,73,56,3,1,69,8,22,0.287,0.392,0.409,0.122,110,0.344,117,3.4,10,5,66.7,9.8,1.112,0.54
C,Will,Banfield,ATL,R,14,14,12,10,12,15,14,12,11,12,13,13,11,10,12,1,16,9,12,17,78,300,272,78,51,17,0,10,47,32,20,3,5,67,8,27,0.287,0.343,0.46,0.173,109,0.343,109,1.9,1,0,100,1,1.092,0.89
CF,Jacob,Allred,BAL,L,13,13,10,13,10,11,11,8,11,9,14,13,10,13,11,9,12,16,18,19,81,377,328,94,62,17,1,14,50,55,41,0,4,61,4,32,0.287,0.37,0.473,0.186,116,0.313,125,2.2,11,9,55,-1,0.989,3.36
2B,Donny,Sands,TEX,R,13,12,10,10,11,14,12,10,11,12,13,12,10,10,11,8,11,9,13,15,48,182,164,47,35,8,1,3,17,21,16,0,2,43,6,12,0.287,0.357,0.402,0.116,97,0.373,106,0.5,0,1,0,-3.2,0.936,0.54
SS,Scott,Hurst,CHC,L,11,14,8,11,11,10,13,6,10,10,12,15,8,11,11,14,7,14,16,17,80,237,220,63,43,12,4,4,19,27,14,1,2,46,2,20,0.286,0.335,0.432,0.145,99,0.347,102,0.7,4,2,66.7,-0.3,0.986,0.54
3B,Nolan,Arenado,STL,R,14,15,16,11,13,15,15,17,12,13,14,14,16,11,13,2,15,6,5,7,90,363,325,93,55,16,1,21,49,54,34,5,4,65,14,38,0.286,0.361,0.535,0.249,131,0.301,132,2.7,0,0,0,0.4,1.021,31.04
2B,John,Aiello,ARI,S,13,13,11,11,10,13,14,12,11,10,13,13,11,11,10,7,16,11,14,18,88,388,353,101,66,22,1,12,46,48,27,0,4,71,8,35,0.286,0.34,0.456,0.17,106,0.325,112,2,4,2,66.7,0.4,1.006,0.54
CF,Michael,Gigliotti,CAR,L,12,14,4,9,12,11,13,3,9,10,13,14,4,9,12,5,8,10,20,18,90,381,364,104,80,16,4,4,32,37,14,0,1,67,9,24,0.286,0.314,0.385,0.099,86,0.341,87,0.8,17,1,94.4,1.9,0.99,1.05
C,Evan,Skoug,COL,L,12,13,14,10,9,10,12,12,9,9,13,13,14,10,10,1,10,5,3,11,82,330,308,88,50,18,2,18,52,39,18,0,0,80,6,38,0.286,0.322,0.532,0.247,108,0.329,117,1.8,0,0,0,-3.9,0.953,13.75
SS,Bobby,Witt Jr.,TB,R,14,16,8,7,10,15,17,9,7,11,13,16,8,7,10,1,15,11,5,7,92,406,386,110,66,29,5,10,43,42,16,0,3,95,13,44,0.285,0.318,0.464,0.179,103,0.355,106,1.6,0,2,0,-2.7,0.988,0.54
C,Hagen,Danner,LAA,R,12,12,12,11,11,12,13,12,12,11,12,12,12,11,11,9,14,7,7,15,60,209,186,53,37,7,1,8,37,21,16,0,1,49,2,16,0.285,0.337,0.462,0.177,108,0.336,110,1.1,0,1,0,-1,0.91,0.54
3B,Ke'Bryan,Hayes,COL,R,13,12,11,9,11,14,12,11,10,11,13,11,11,9,11,5,17,8,14,13,89,354,330,94,65,15,0,14,56,35,19,1,1,75,10,29,0.285,0.324,0.458,0.173,92,0.329,99,1.5,3,2,60,3.1,1.062,7
LF,Taylor,Trammell,CIN,L,13,12,12,11,11,11,11,10,10,10,13,13,12,11,11,2,16,18,20,14,94,395,362,103,73,17,1,12,43,50,28,2,3,84,8,30,0.285,0.34,0.436,0.152,100,0.341,104,1.3,12,3,80,0.1,0.992,7.19
SS,Sergio,Reguera,BAL,R,14,16,15,12,15,14,16,14,12,15,14,16,15,12,15,15,18,17,17,14,94,432,373,106,65,19,3,19,69,63,44,3,8,59,5,41,0.284,0.367,0.504,0.22,123,0.29,126,2.6,7,10,41.2,-2.7,0.989,0.54
1B,Juan,Membreno,LAA,R,12,17,13,7,12,13,19,14,8,12,12,17,12,7,12,1,16,3,13,13,91,378,352,100,60,24,1,15,61,44,19,2,4,68,11,40,0.284,0.325,0.486,0.202,110,0.313,111,1.5,1,0,100,3.9,1.044,0.54
LF,T.J.,Wooten,DET,R,15,15,13,13,13,15,15,14,13,14,14,15,13,13,13,6,16,16,18,16,93,413,363,103,57,23,2,21,71,67,38,2,6,63,6,46,0.284,0.358,0.532,0.248,128,0.29,131,2.9,10,2,83.3,3.3,1.025,0.54
1B,Joe,Rizzo,TB,L,14,10,20,8,10,12,9,17,7,9,15,10,20,8,10,5,11,8,10,16,96,420,381,108,53,17,3,35,79,62,32,3,5,105,3,55,0.283,0.345,0.619,0.336,146,0.3,148,3,1,0,100,-1.5,0.988,15.78
1B,Mookie,Betts,TOR,R,14,14,11,12,15,16,15,12,12,16,14,14,10,12,15,8,13,10,16,18,82,389,346,98,61,24,2,11,34,63,38,1,1,55,10,37,0.283,0.355,0.46,0.176,112,0.31,116,1.4,4,1,80,-0.6,0.998,17.02
LF,Anderson,Comas,NYM,L,14,13,9,11,12,9,8,6,7,8,15,14,10,12,14,5,16,13,14,20,84,334,298,84,60,16,0,8,36,42,27,1,4,56,4,24,0.282,0.346,0.416,0.134,101,0.321,104,0.8,8,2,80,-1.9,0.995,0.54
RF,Max,Kepler,MIA,L,14,15,13,14,12,12,14,12,13,11,14,15,13,14,13,5,12,6,16,15,90,369,328,92,53,21,2,16,47,50,40,1,1,60,8,39,0.28,0.36,0.503,0.223,125,0.302,130,2,3,1,75,-2.3,0.973,8
1B,Kyle,Jacobsen,POR,R,13,15,10,12,12,13,13,9,11,11,14,15,10,13,12,4,10,11,16,18,57,230,207,58,33,14,1,10,34,30,20,0,1,46,3,25,0.28,0.345,0.502,0.222,119,0.316,124,0.9,2,1,66.7,-0.7,1,0.54
3B,Nick,Gordon,MIN,L,15,13,7,9,14,13,12,6,9,13,15,13,7,9,14,12,18,16,15,20,93,416,382,107,77,22,1,7,41,45,20,0,7,60,8,30,0.28,0.327,0.398,0.118,87,0.316,91,1.2,8,4,66.7,2.4,1.013,14
C,Jin-De,Jhang,LAA,L,13,11,4,8,15,12,11,4,8,14,14,12,4,8,15,6,12,6,9,12,47,179,161,45,36,9,0,0,17,19,14,0,3,29,5,9,0.28,0.346,0.335,0.056,82,0.338,89,0.5,0,0,0,-0.6,0.924,1.8
CF,Jim,Stewart,ATL,L,13,14,11,12,14,12,13,10,10,14,14,15,11,12,15,11,13,18,13,11,71,202,190,53,38,8,2,5,24,25,10,0,2,24,2,15,0.279,0.322,0.421,0.142,93,0.298,98,0.6,7,3,70,0.5,1.018,0.54
RF,Rahim,Kidd,DET,L,14,12,14,14,11,12,10,11,11,9,15,13,15,14,11,3,14,8,15,19,88,369,305,85,56,7,1,21,53,55,54,3,1,60,6,29,0.279,0.38,0.515,0.236,130,0.276,132,2.2,3,1,75,-1,0.989,0.54
DH,Ryan,O'Hearn,SEA,L,11,12,15,12,5,10,11,14,12,5,11,12,16,13,5,1,1,4,10,9,73,296,252,70,44,7,0,19,43,40,40,0,2,81,7,26,0.278,0.38,0.532,0.254,138,0.333,143,1.8,0,0,0,-0.2,0.909,6.1
1B,Yordan,Alvarez,SF,L,14,12,13,14,11,13,10,11,12,11,15,12,14,14,12,4,12,8,11,15,95,411,364,101,64,23,1,13,49,53,43,1,0,86,9,37,0.277,0.351,0.453,0.176,112,0.328,115,1.2,1,1,50,-1.6,0.98,5.5
CF,Luis,Soto,CLE,L,13,12,10,10,14,12,9,7,8,13,14,13,11,10,14,10,18,19,19,19,86,386,350,97,68,20,3,6,23,57,27,1,6,56,8,29,0.277,0.338,0.403,0.126,93,0.314,98,1.9,21,4,84,3.5,1.051,0.54
LF,D.J.,Ward,TOR,R,13,15,10,16,15,13,15,10,16,15,13,15,10,16,15,2,15,8,18,20,80,355,296,82,51,21,2,8,36,51,55,1,1,48,4,31,0.277,0.389,0.443,0.166,119,0.305,126,2.1,4,1,80,0.9,0.987,0.54
RF,Josh,Berenbaum,BOS,L,10,12,11,10,8,8,9,8,8,7,10,13,12,11,8,9,11,12,14,10,72,281,260,72,42,21,0,9,36,34,14,0,4,71,5,30,0.277,0.321,0.462,0.185,99,0.346,104,0.5,1,0,100,-2.9,0.964,0.54
3B,Fernando,Tatis Jr.,POR,R,13,13,14,10,9,14,14,15,11,10,12,13,13,10,9,10,19,15,18,19,91,392,358,99,59,19,1,20,68,54,28,1,2,92,4,40,0.277,0.331,0.503,0.226,115,0.319,117,2.6,5,2,71.4,3.5,1.039,5.07
SS,Royce,Lewis,DET,R,15,14,10,13,12,16,15,11,13,12,14,14,10,12,12,8,15,18,20,20,93,447,398,110,76,21,2,11,62,77,39,0,1,60,9,34,0.276,0.34,0.422,0.146,97,0.3,101,2.2,24,2,92.3,0.8,1.024,11.25
3B,Kris,Bryant,MIA,R,12,14,17,14,4,13,15,18,14,4,11,14,17,14,4,3,11,6,16,12,94,401,337,93,45,23,1,24,61,60,55,2,8,131,8,48,0.276,0.389,0.564,0.288,148,0.377,151,3.6,0,0,0,-2.2,0.996,13.75
CF,Miguel,Aparicio,CIN,L,10,12,4,10,8,11,13,5,10,10,9,11,4,9,8,8,17,13,19,17,68,128,116,32,20,6,1,5,12,16,11,2,1,26,4,12,0.276,0.344,0.474,0.198,110,0.318,110,0.8,7,0,100,0.7,1.064,0.8
RF,Kyle,Tucker,BAL,L,12,10,11,8,12,11,9,10,8,11,12,10,11,8,12,4,14,14,19,20,72,164,156,43,32,2,0,9,23,29,7,0,0,29,3,11,0.276,0.305,0.462,0.186,94,0.286,99,0.3,2,0,100,-1.8,0.966,1.4
3B,Jorge,Polanco,LV,S,11,13,9,11,13,12,14,10,12,14,11,13,8,11,13,9,14,9,16,14,66,200,178,49,20,20,3,6,28,23,20,0,1,35,6,29,0.275,0.35,0.522,0.247,121,0.312,128,1.5,1,1,50,1.1,0.989,3.8
C,Omar,Baldo,STL,S,14,13,12,9,11,13,12,11,8,10,14,13,12,9,12,2,16,7,10,16,66,241,222,61,39,14,0,8,33,24,15,0,3,56,5,22,0.275,0.328,0.446,0.171,101,0.333,106,1.3,0,0,0,0.1,1.092,0.54
2B,Rougned,Odor,TEX,L,13,15,14,7,11,12,14,13,7,10,13,15,14,7,11,12,12,8,17,12,79,342,313,86,52,16,0,18,52,50,19,0,4,71,5,34,0.275,0.322,0.498,0.224,108,0.301,112,1.2,3,0,100,-6.5,0.952,15.4
3B,Bryan,Lizardo,BOS,S,11,10,9,10,10,10,9,8,9,9,12,10,10,10,11,4,11,10,12,15,82,364,336,92,58,23,0,11,39,38,20,0,7,79,5,34,0.274,0.328,0.44,0.167,96,0.329,103,1.4,0,0,0,-0.1,0.989,0.54
3B,Eric,Stevens,LAD,S,12,12,10,12,11,13,13,11,13,11,12,11,9,11,11,3,20,10,14,20,92,371,336,92,67,14,2,9,47,44,30,1,3,76,9,25,0.274,0.338,0.408,0.134,97,0.329,100,1.6,2,1,66.7,2.9,1.033,0.54
LF,Yoan,Moncada,LAD,S,14,17,15,15,8,13,16,14,14,7,15,18,15,15,8,11,16,17,20,19,90,413,344,94,51,30,1,12,55,61,62,4,6,99,3,43,0.273,0.392,0.471,0.198,128,0.35,131,3.2,23,4,85.2,3.8,1.053,20.43
2B,Ryan,Mountcastle,NYY,R,13,14,12,9,10,14,14,13,9,10,12,14,12,8,10,4,10,7,15,17,50,180,172,47,29,9,0,9,31,23,6,1,0,42,5,18,0.273,0.294,0.483,0.209,98,0.309,98,0.1,1,1,50,-5.4,0.909,0.54
C,Keibert,Ruiz,LAD,S,11,12,9,9,15,11,11,7,8,15,12,12,9,9,14,4,13,7,9,14,77,303,272,74,52,17,1,4,31,24,19,1,7,43,19,22,0.272,0.332,0.386,0.114,90,0.307,92,1.2,1,0,100,0.8,1.092,0.54
LF,Ronald,Acuna,POR,R,13,11,12,13,12,15,12,13,13,12,13,11,12,12,12,8,17,13,20,20,85,374,331,90,49,22,3,16,54,60,27,0,7,71,8,41,0.272,0.335,0.502,0.23,116,0.297,117,2.1,13,2,86.7,3.1,1.003,8.93
RF,Victor,Reyes,LV,S,12,11,9,9,12,11,11,8,9,11,12,11,9,9,12,1,12,9,15,12,59,137,129,35,28,6,0,1,10,14,7,0,0,30,1,7,0.271,0.307,0.341,0.07,68,0.343,72,-0.2,2,0,100,-1.7,0.927,0.8
C,Victor,Caratini,CHC,S,11,12,8,12,11,10,11,8,11,11,11,12,8,12,11,1,9,4,7,13,64,196,177,48,37,7,0,4,18,17,14,4,4,30,5,11,0.271,0.337,0.379,0.107,88,0.306,85,0.4,0,0,0,-1.4,0.753,1.34
C,Willson,Contreras,TOR,R,13,14,12,12,11,14,15,12,13,11,13,14,11,12,11,2,10,5,13,13,77,310,273,74,40,18,2,14,55,40,31,0,2,73,3,34,0.271,0.346,0.505,0.234,120,0.317,124,2.6,0,0,0,2.6,0.874,8.86
C,Riley,Adams,WAS,R,11,12,10,11,10,11,11,9,10,9,11,13,10,12,10,1,13,9,15,13,77,312,266,72,46,16,0,10,51,37,32,2,9,69,5,26,0.271,0.365,0.444,0.173,108,0.326,113,2.1,1,0,100,1.1,1.229,0.54
LF,Khalil,Lee,LV,L,12,13,11,13,9,10,12,11,12,7,13,13,12,13,9,8,15,12,18,18,92,378,329,89,54,21,2,12,34,49,45,0,2,87,2,35,0.271,0.361,0.456,0.185,109,0.333,118,1.4,7,2,77.8,-4,0.978,2.6
RF,Tate,Matheny,BOS,R,12,14,12,14,10,13,15,13,14,11,12,14,12,14,10,3,11,8,9,10,69,280,244,66,37,20,0,9,33,40,33,0,1,61,7,29,0.27,0.357,0.463,0.193,110,0.324,118,0.3,0,1,0,-11.5,0.881,2.2
1B,Miguel,Sano,HOU,R,10,13,17,13,4,11,14,18,14,4,9,12,16,13,4,1,17,8,13,14,93,401,348,94,40,22,2,30,81,64,45,1,3,129,8,54,0.27,0.354,0.603,0.333,144,0.33,147,3.2,1,1,50,2.9,1.053,15
CF,Esteban,Pineda,SF,L,15,16,2,5,17,12,12,2,4,15,15,17,2,5,17,8,17,20,20,17,79,294,278,75,54,16,3,2,34,34,16,0,0,45,3,21,0.27,0.31,0.371,0.101,80,0.316,83,0.5,15,7,68.2,1.2,1.018,0.54
RF,Seth,Beer,MIL,L,14,12,15,14,11,12,11,13,13,10,15,12,15,14,11,4,12,14,17,16,91,406,349,94,57,10,3,24,77,57,45,3,6,78,5,37,0.269,0.357,0.521,0.252,125,0.277,128,2,9,0,100,-5.5,0.974,16
1B,Pavin,Smith,WAS,L,14,15,12,14,11,13,14,12,13,11,14,15,12,14,11,1,17,8,5,10,94,414,364,98,64,22,0,12,59,55,43,3,3,66,5,34,0.269,0.348,0.429,0.159,100,0.297,104,1,0,0,0,1.5,1.021,2
CF,Arturo,Flores,TEX,R,10,11,9,9,12,10,11,9,9,12,10,11,9,9,12,11,17,14,20,20,87,322,301,81,51,19,3,8,40,37,17,0,2,75,10,30,0.269,0.311,0.432,0.163,89,0.332,94,1.4,5,0,100,2.8,1.043,0.54
SS,Eddys,Leonard,COL,R,9,15,3,11,10,11,16,4,12,11,9,15,2,11,10,9,18,19,20,20,81,252,227,61,44,14,1,2,17,27,17,1,4,46,4,17,0.269,0.328,0.366,0.097,74,0.326,80,0.6,9,3,75,0.8,1.012,0.54
CF,Jackie,Bradley Jr.,NYY,L,10,13,13,12,7,9,12,11,11,7,10,14,13,12,7,7,13,5,15,10,65,179,149,40,21,11,0,8,24,25,24,0,3,49,4,19,0.268,0.374,0.503,0.235,127,0.337,133,0.4,1,0,100,-7.2,0.777,1.2
C,Chris,Betts,MIN,L,9,12,11,12,7,9,11,9,11,6,10,12,12,12,7,1,12,9,9,9,50,187,168,45,27,9,0,9,30,22,14,0,3,51,5,18,0.268,0.332,0.482,0.214,108,0.327,114,1.1,0,0,0,-0.6,1.092,2
LF,Anderson,Cosma,CWS,L,14,13,10,12,12,10,11,7,10,10,16,14,12,13,13,10,14,18,17,20,72,256,221,59,34,12,5,8,24,39,33,4,0,57,3,25,0.267,0.362,0.475,0.208,116,0.327,115,0.7,2,2,50,-0.2,0.972,5.5
RF,Garrett,Mitchell,CLE,L,14,14,13,12,9,13,13,12,11,9,14,14,14,12,9,9,19,18,20,16,75,328,281,75,46,12,2,15,47,40,44,4,1,78,4,29,0.267,0.366,0.484,0.217,120,0.316,122,2.5,18,1,94.7,5.9,1.085,5.5
DH,Jose C.,Urena,NYY,R,12,10,18,8,13,12,10,19,9,14,11,10,18,7,13,1,1,5,10,11,88,378,356,95,54,16,0,25,56,50,20,0,1,80,15,41,0.267,0.307,0.522,0.256,111,0.278,116,1,0,0,0,-0.6,0.972,3.06
RF,Nomar,Mazara,TEX,L,15,15,14,6,9,14,14,14,6,9,16,15,15,7,10,1,10,5,12,12,94,418,386,103,56,12,4,31,73,66,22,1,5,100,12,47,0.267,0.311,0.56,0.293,118,0.277,122,1.9,0,0,0,-1.5,0.961,15.51
C,Abraham,Toro-Hernandez,HOU,S,11,12,9,11,9,12,13,11,12,10,10,11,9,11,9,8,13,12,12,14,60,128,120,32,19,7,1,5,12,22,6,0,2,30,2,13,0.267,0.313,0.467,0.2,100,0.318,105,0.7,2,0,100,-0.1,0.977,1.5
SS,Isan,Diaz,LAA,L,12,16,13,14,9,11,15,13,13,8,12,16,14,14,9,11,14,11,15,16,92,403,349,93,52,20,2,19,50,56,48,1,0,93,7,41,0.266,0.352,0.499,0.232,121,0.308,123,3.2,6,1,85.7,2.2,0.997,27
2B,Anthony,Rendon,NYY,R,11,13,11,12,10,12,14,11,13,11,10,13,11,12,10,5,12,3,14,18,61,224,199,53,34,10,1,8,24,29,19,1,4,48,10,19,0.266,0.341,0.447,0.181,104,0.313,108,0.8,1,0,100,-2.6,0.958,5
2B,Marcus,Semien,NYM,R,12,12,14,13,13,13,13,15,14,13,12,12,14,13,12,11,11,6,15,11,93,388,342,91,65,8,1,17,50,38,39,0,2,85,12,26,0.266,0.34,0.444,0.178,106,0.302,110,1.7,2,1,66.7,-1.8,0.966,20
CF,Mike,McHugh,POR,L,13,18,13,11,9,12,16,11,10,9,13,19,13,11,10,7,16,18,20,20,92,399,361,96,64,18,3,11,47,53,32,1,5,103,2,32,0.266,0.333,0.424,0.158,98,0.343,102,1.9,14,3,82.4,2,1.002,0.54
SS,Luis R.,Guzman,POR,R,11,8,16,11,12,15,11,20,15,14,10,7,14,10,11,3,18,12,14,14,82,305,271,72,44,7,0,21,59,50,29,0,3,59,7,28,0.266,0.341,0.524,0.258,123,0.264,128,2.8,4,2,66.7,4.1,1.051,6.2
LF,Jeff,Howell,TB,L,12,15,19,9,9,10,12,15,7,8,12,16,20,10,9,1,17,12,20,17,94,369,335,89,47,12,1,29,67,63,24,3,5,95,7,42,0.266,0.32,0.567,0.301,127,0.278,126,2.2,3,2,60,2,1.006,0.54
SS,J.P.,Crawford,ARI,L,12,13,8,16,15,11,12,8,15,15,12,13,9,17,15,6,14,12,19,20,76,300,256,68,52,9,0,7,15,41,42,3,1,44,5,16,0.266,0.371,0.383,0.117,99,0.298,104,1.3,11,3,78.6,-2.2,0.974,13
RF,Will,Benson,PIT,L,11,14,15,13,6,10,12,14,12,5,11,15,15,13,6,6,14,14,20,16,78,182,166,44,27,8,1,8,24,29,13,0,1,65,0,17,0.265,0.32,0.47,0.205,105,0.383,108,0.7,4,1,80,-0.3,0.987,0.83
3B,Joshua,Lowe,ATL,L,13,13,14,12,8,12,11,13,11,8,13,13,14,12,8,9,14,16,16,16,93,397,351,93,55,19,1,18,59,47,45,3,0,93,1,38,0.265,0.348,0.479,0.214,114,0.311,117,1.9,4,6,40,-1.8,0.974,0.54
2B,Marcos,Brito,BAL,S,14,12,5,12,12,12,11,4,10,11,15,12,6,12,13,7,17,12,19,20,73,306,268,71,50,19,0,2,26,46,30,0,5,58,7,21,0.265,0.348,0.358,0.093,84,0.329,92,0.9,5,1,83.3,0,1.037,2.4
SS,Kevin,Smith,SF,R,12,12,10,10,10,12,12,10,11,10,12,12,9,10,10,6,16,12,14,16,92,367,336,89,59,17,2,11,51,36,23,2,3,98,11,30,0.265,0.314,0.426,0.161,95,0.338,93,1.1,0,0,0,-1.8,0.993,0.54
RF,Jared,Hart,CAR,R,12,11,13,10,10,13,12,13,11,10,12,11,12,10,9,6,13,14,14,18,92,377,344,91,50,14,3,24,60,63,27,2,4,94,1,41,0.265,0.324,0.532,0.267,123,0.295,123,1.7,5,1,83.3,-2.7,0.982,0.54
2B,Chris,McCarter,ATL,L,13,16,13,10,13,11,11,9,7,11,14,18,14,12,14,6,13,16,19,20,84,324,295,78,49,11,2,16,50,47,20,2,6,56,2,29,0.264,0.323,0.478,0.214,107,0.277,107,1.7,11,1,91.7,0.8,0.984,0.54
DH,Arturo,Meza,CLE,S,14,17,15,12,12,11,12,11,10,11,15,18,17,13,13,1,1,6,11,1,81,329,299,79,35,17,1,26,72,51,22,0,3,70,9,44,0.264,0.316,0.589,0.324,129,0.255,132,1.6,0,0,0,-0.2,0.989,0.54
3B,Rafael,Devers,MIA,L,15,14,14,11,11,14,13,13,11,10,16,15,14,11,12,2,13,14,19,12,95,400,352,93,66,13,1,13,43,55,42,2,2,81,4,27,0.264,0.343,0.418,0.153,95,0.305,101,1,12,1,92.3,0.8,1.017,18
LF,Luis,Robert,MIN,R,13,13,11,13,10,14,14,12,14,11,13,13,11,13,10,6,16,16,17,13,93,434,371,98,64,15,3,16,44,65,56,4,3,86,9,34,0.264,0.363,0.45,0.186,110,0.303,113,1.6,11,6,64.7,-6.3,0.964,8.13
LF,Blake,Rutherford,LAA,L,15,15,13,11,9,12,13,12,10,9,16,15,14,12,10,8,15,15,20,17,92,425,379,100,65,13,3,19,47,60,36,2,7,100,4,35,0.264,0.336,0.464,0.201,109,0.308,111,1.8,17,2,89.5,-0.6,1.025,26
1B,Nicholas,Castellanos,BAL,R,13,15,12,10,10,14,15,13,11,10,12,15,12,10,10,7,17,9,10,8,51,183,171,45,26,13,0,6,28,18,8,0,1,41,6,19,0.263,0.298,0.444,0.181,89,0.312,91,0.2,2,0,100,-1.3,0.918,9.3
2B,Luis V.,Garcia,POR,L,12,12,11,12,11,11,9,8,10,10,13,13,12,12,12,11,19,20,20,15,93,428,384,101,75,15,0,11,36,66,37,0,3,70,2,26,0.263,0.33,0.388,0.125,89,0.294,94,1.9,31,9,77.5,4.1,1.042,0.54
C,T.J.,Collett,BAL,L,11,13,13,9,8,10,12,12,9,8,12,13,13,10,8,2,10,6,10,13,62,220,202,53,37,4,1,11,26,29,15,0,2,54,3,16,0.262,0.318,0.455,0.193,97,0.304,103,1.3,1,1,50,1.8,1.192,0.54
1B,Rowdy,Tellez,LV,L,12,11,16,12,9,11,11,15,12,9,13,11,16,13,10,3,13,4,6,11,94,405,359,94,55,16,0,23,61,64,39,0,3,94,11,39,0.262,0.337,0.499,0.237,111,0.29,119,1.6,0,0,0,-0.1,1.005,28.22
RF,Victor,Robles,TB,R,15,12,11,11,12,16,13,12,11,13,14,12,11,10,11,12,16,14,18,20,91,408,363,95,63,16,4,12,39,51,28,4,13,82,2,32,0.262,0.334,0.427,0.165,99,0.305,99,1.4,13,4,76.5,3.7,1.001,8.93
1B,Roni,Tapia,PIT,R,11,11,13,13,8,13,11,18,14,10,10,11,12,13,7,1,16,13,14,16,73,221,195,51,35,6,0,10,35,26,23,0,2,57,7,16,0.262,0.344,0.446,0.185,106,0.318,112,0.8,4,0,100,-0.6,0.967,0.54
2B,Garret,Shuman,BOS,R,10,13,7,10,18,10,13,7,11,19,10,13,7,10,18,1,18,4,8,7,50,210,199,52,30,15,1,6,26,24,9,0,0,12,13,22,0.261,0.29,0.437,0.176,84,0.251,87,0.4,0,0,0,1,1.041,0.54
DH,Joe,Garman,POR,R,13,17,15,13,14,13,17,15,14,14,13,17,15,13,14,2,1,4,12,17,83,328,291,76,38,22,1,15,52,43,29,1,7,58,16,38,0.261,0.341,0.498,0.237,117,0.279,122,1.1,0,1,0,0,0,0.54
1B,Matt,Carpenter,PHI,L,12,14,13,15,9,11,13,11,14,8,12,14,13,15,9,1,18,1,14,11,85,353,303,79,46,13,2,18,47,48,41,2,5,82,15,33,0.261,0.354,0.495,0.234,119,0.295,123,1.7,1,0,100,1.6,1.053,10.86
LF,Jorge,Nava,HOU,L,12,15,17,12,13,9,12,13,9,11,13,16,18,13,13,2,9,2,8,13,83,341,296,77,38,19,0,20,60,43,35,3,4,47,15,39,0.26,0.34,0.527,0.267,122,0.243,122,1,0,0,0,-7.8,0.913,33
LF,Gregory,Polanco,CHC,L,12,12,11,13,10,10,12,10,12,10,13,13,12,13,10,8,13,7,14,15,80,273,250,65,38,14,0,13,35,30,22,1,0,68,5,27,0.26,0.319,0.472,0.212,103,0.306,107,0.2,0,1,0,-5.3,0.981,2.8
2B,Stephen,Alemais,PIT,R,12,10,5,7,13,14,10,6,8,14,12,10,5,7,13,9,16,10,16,13,59,241,227,59,42,11,1,5,22,21,9,0,2,49,12,17,0.26,0.292,0.383,0.123,76,0.309,77,0.2,4,1,80,-0.9,0.99,0.54
3B,Luis,Almanzar,PHI,R,13,14,12,10,9,15,14,14,10,10,12,13,12,9,9,9,16,16,20,16,87,375,351,91,58,15,4,14,54,50,21,1,1,89,6,33,0.259,0.303,0.444,0.185,92,0.31,94,1.3,5,0,100,1.3,1.011,4
1B,Luis,Aviles,CAR,R,11,11,12,11,13,12,12,14,11,13,11,11,12,11,12,2,16,9,13,12,90,376,351,91,56,20,1,14,44,39,21,0,2,60,8,35,0.259,0.303,0.442,0.182,96,0.276,97,1.5,2,0,100,2.1,1.021,15
2B,David,Hamilton,STL,L,11,14,5,12,10,9,11,4,10,10,12,14,5,12,11,6,17,14,16,15,90,356,313,81,55,20,1,5,35,40,39,0,1,78,5,26,0.259,0.34,0.377,0.118,89,0.326,95,1.2,9,4,69.2,0.6,1.006,0.54
RF,Mike,Galloway,TOR,L,9,10,15,11,8,7,7,11,8,7,10,11,17,12,8,1,9,16,18,20,66,272,236,61,36,9,0,16,50,51,29,0,5,63,0,25,0.258,0.349,0.5,0.242,120,0.283,126,1.4,13,1,92.9,0.3,1.053,0.54
C,Meibrys,Viloria,CWS,L,13,12,11,13,12,12,12,10,12,11,13,13,11,13,12,8,14,7,6,13,75,313,271,70,52,10,1,7,36,38,29,1,8,55,9,18,0.258,0.342,0.38,0.122,89,0.294,94,1.3,0,0,0,1,1.092,7
CF,Manuel,Margot,LAA,R,13,15,9,10,14,15,15,10,11,14,13,15,8,10,14,7,18,17,19,18,92,401,364,94,70,14,3,7,37,52,25,1,5,60,6,24,0.258,0.312,0.371,0.113,80,0.29,80,1.1,13,6,68.4,6.8,1.055,16
C,Humberto,Mendoza,SEA,L,12,16,11,8,13,11,13,9,6,12,12,17,11,8,13,1,12,1,2,1,43,171,159,41,26,11,0,4,12,19,11,0,1,34,8,15,0.258,0.31,0.403,0.145,87,0.306,91,0.7,1,0,100,0.3,1.092,0.54
C,Elih,Marrero,PHI,S,13,12,8,12,13,12,10,7,11,11,13,12,8,13,14,3,16,9,12,16,75,296,264,68,48,13,0,7,26,39,30,3,1,47,9,20,0.258,0.334,0.386,0.129,89,0.289,91,1.2,2,1,66.7,1.2,1.366,8.5
LF,Andrew,Benintendi,MIA,L,16,17,13,15,16,15,16,13,14,15,16,18,13,15,16,8,17,7,16,14,94,413,365,94,58,18,9,9,48,53,42,3,3,50,10,36,0.258,0.337,0.43,0.173,101,0.275,102,1.1,0,1,0,0.9,1.048,23
C,Andrew,Noviello,BOS,L,12,11,9,10,11,10,11,8,9,10,12,12,9,10,11,9,13,12,15,15,31,109,101,26,11,13,0,2,12,13,6,0,1,16,1,15,0.257,0.306,0.446,0.188,90,0.289,94,0.4,0,0,0,-0.7,1.092,0.8
SS,Wenceel,Perez,CWS,S,13,12,4,11,12,13,14,4,11,13,13,12,3,10,12,10,19,18,20,20,81,332,303,78,57,14,3,4,22,37,22,0,6,58,6,21,0.257,0.319,0.363,0.106,78,0.306,84,1,13,1,92.9,0.1,1.023,0.85
LF,Luis,Bandes,MIN,R,11,13,11,10,10,13,15,13,11,11,11,13,10,10,9,2,13,6,9,15,36,114,105,27,18,6,1,2,11,10,8,0,1,21,6,9,0.257,0.316,0.39,0.133,82,0.305,88,0.1,0,0,0,-0.1,0.98,1
2B,Ryne,Birk,BOS,L,10,11,8,13,12,9,10,6,12,11,11,11,8,14,12,8,9,8,13,14,70,287,249,64,45,12,1,6,26,30,31,3,3,40,8,19,0.257,0.343,0.386,0.129,88,0.282,91,0.2,2,0,100,-5.6,0.949,2.1
DH,Michael,Conforto,MIN,L,12,14,14,14,8,10,14,12,13,7,12,14,14,15,8,5,0,6,13,14,93,387,323,83,41,19,4,19,59,54,54,5,6,102,5,42,0.257,0.37,0.517,0.26,127,0.312,128,1.6,1,0,100,-1.5,0.976,20
1B,David,Thompson,BOS,R,12,14,14,13,11,13,15,15,14,11,12,14,13,13,11,4,15,3,14,11,94,347,300,77,42,14,1,20,52,51,42,4,4,62,10,35,0.257,0.355,0.51,0.253,125,0.261,125,2,1,0,100,2.2,1.078,5.1
C,Michael,Curry,SF,R,11,13,11,11,9,11,14,13,11,10,10,13,10,11,9,4,14,6,8,13,50,163,141,36,25,6,0,5,15,18,10,1,10,41,6,11,0.255,0.348,0.404,0.149,100,0.326,102,0.7,0,0,0,-0.9,0.437,0.54
3B,Kody,Clemens,COL,L,14,13,9,10,13,12,12,8,8,12,15,14,9,10,13,9,14,13,14,20,86,365,333,85,59,16,2,8,43,51,21,1,7,60,6,26,0.255,0.31,0.387,0.132,73,0.287,80,0.5,5,3,62.5,-0.3,0.986,7
2B,Domingo,Leyba,SEA,S,12,12,8,12,13,13,12,9,12,13,12,12,8,12,13,9,15,10,17,17,87,390,345,88,60,20,0,8,41,50,38,0,2,68,8,28,0.255,0.332,0.383,0.128,89,0.296,92,1.4,6,0,100,2.1,1.001,5.6
RF,Kwang-Min,Kwon,MIL,L,12,12,8,11,10,9,10,7,9,8,13,13,9,12,11,10,18,14,18,16,89,368,330,84,51,23,0,10,32,45,32,1,5,86,6,33,0.255,0.329,0.415,0.161,93,0.315,98,1.8,2,0,100,5,1.009,6
1B,Justin,Bellinger,BOS,L,10,12,12,11,8,9,12,11,10,7,10,12,13,11,9,1,15,7,10,17,62,250,232,59,29,15,0,15,36,33,17,1,1,71,4,30,0.254,0.308,0.513,0.259,106,0.301,111,0.7,0,0,0,-0.2,1.01,0.54
SS,Luis,Paez,BOS,R,12,13,9,9,11,13,13,12,11,12,11,12,8,8,11,9,19,16,19,20,94,420,386,98,56,31,3,8,28,42,24,0,5,94,11,42,0.254,0.303,0.412,0.158,82,0.313,86,1.3,2,4,33.3,5.2,1.057,0.54
3B,Joseph,Perez,TB,R,12,14,10,13,9,13,15,11,14,10,12,14,10,13,9,1,13,8,12,18,93,380,335,85,51,26,0,8,33,48,41,0,1,82,5,34,0.254,0.335,0.403,0.149,94,0.312,99,1.1,1,0,100,-2.5,0.95,0.54
RF,Keston,Hiura,COL,R,14,14,10,11,13,15,14,11,12,13,14,14,10,11,13,10,10,8,16,20,79,276,249,63,42,15,0,6,35,30,25,0,1,52,12,21,0.253,0.322,0.386,0.133,77,0.297,86,0,3,0,100,-2.4,0.964,2.8
CF,Trent,Clark,TB,L,10,13,13,13,5,8,12,12,12,4,11,13,13,13,6,10,15,18,19,19,78,295,253,64,39,13,0,12,40,44,33,0,5,90,1,25,0.253,0.349,0.447,0.194,108,0.342,113,2,13,2,86.7,3.8,1.042,10.03
RF,Austin,Beck,SF,R,14,14,12,12,11,15,16,13,12,12,14,14,12,11,11,10,20,15,20,16,94,411,364,92,68,14,4,6,37,48,39,5,5,85,8,24,0.253,0.331,0.363,0.11,85,0.312,84,0.5,7,3,70,3.3,1.042,7.25
SS,Cash,Case,MIL,S,12,11,8,13,11,12,11,8,12,11,12,11,8,13,11,9,14,18,18,19,89,420,364,92,64,20,3,5,35,62,50,0,2,92,8,28,0.253,0.345,0.365,0.113,86,0.325,93,1.1,6,3,66.7,-2.8,0.974,0.54
CF,Jean,Soto,NYM,L,12,11,5,12,10,8,8,4,8,8,14,12,6,14,11,7,13,17,18,20,83,337,297,75,53,14,1,7,21,41,33,1,7,62,5,22,0.253,0.341,0.377,0.125,91,0.298,97,1,16,7,69.6,-0.7,0.994,3.2
3B,Andy,Ibanez,CWS,R,11,13,10,11,13,12,14,11,12,13,11,13,10,11,13,8,12,11,15,11,42,142,123,31,18,8,0,5,16,17,15,0,0,18,4,13,0.252,0.329,0.439,0.187,98,0.255,100,0.6,0,0,0,1.2,1.012,6
LF,Bradley,Zimmer,NYY,L,11,15,13,14,5,10,14,13,14,5,11,15,13,15,5,8,16,14,19,13,92,429,377,95,49,32,3,11,43,60,44,1,6,135,3,46,0.252,0.339,0.44,0.188,102,0.362,107,1.6,12,1,92.3,0.2,1.025,9
LF,Byron,Buxton,BAL,R,12,16,13,12,8,13,16,14,13,9,11,16,13,12,8,5,14,7,19,18,90,330,294,74,35,20,7,12,51,47,34,4,1,98,10,39,0.252,0.331,0.49,0.238,109,0.337,109,1,1,0,100,-0.9,0.972,17.96
2B,Daniel,Brito,PHI,L,14,14,9,13,13,13,13,8,12,12,14,15,9,13,13,9,15,14,15,18,84,356,315,79,56,14,3,6,38,48,37,0,0,58,7,23,0.251,0.327,0.371,0.121,83,0.287,88,0.8,5,4,55.6,1.1,1.028,10.52
3B,Maikel,Franco,NYY,R,13,14,13,9,11,14,14,14,10,12,13,13,13,9,11,3,14,6,6,10,92,428,391,98,56,23,0,19,54,50,32,0,3,87,12,42,0.251,0.311,0.455,0.205,97,0.276,101,1.4,0,0,0,-1.8,0.978,27.19
SS,Jonathan,Arauz,CWS,S,12,13,9,12,10,11,11,8,11,9,13,13,10,13,11,9,16,14,15,20,79,300,264,66,42,16,1,7,32,41,28,0,2,61,6,24,0.25,0.323,0.398,0.148,87,0.296,91,0.9,2,1,66.7,1.2,1.007,1.89
RF,Gilberto,Celestino,HOU,R,12,13,11,12,10,10,12,11,11,10,13,13,11,12,11,4,14,11,19,14,72,294,264,66,46,7,3,10,34,35,25,0,2,66,1,20,0.25,0.317,0.413,0.163,89,0.295,94,0.3,4,3,57.1,-0.4,0.982,0.54
3B,Joey,Gallo,LV,L,10,12,20,11,3,9,11,18,10,2,10,13,20,12,3,2,12,5,5,8,93,388,344,86,30,14,2,40,76,68,42,2,1,148,10,56,0.25,0.333,0.651,0.401,144,0.295,149,3.6,0,0,0,-1,1.007,14
C,M.J.,Melendez,CLE,L,12,13,12,12,6,11,12,11,11,5,13,13,13,12,6,8,19,11,9,20,74,311,288,72,51,14,2,5,23,29,22,2,0,104,4,21,0.25,0.303,0.365,0.115,74,0.374,75,0.4,1,0,100,-1.7,1.008,6.7
3B,Nick,Senzel,TOR,R,14,15,12,14,9,15,16,13,14,10,13,15,12,14,9,7,14,10,18,17,93,392,344,86,49,22,1,14,57,51,35,0,6,101,8,37,0.25,0.325,0.442,0.192,99,0.306,103,1.3,6,1,85.7,-3,0.963,11.55
RF,Mike,Siani,LAD,L,14,14,9,12,11,12,13,8,11,10,14,15,10,12,12,4,18,15,17,16,84,339,304,76,52,14,1,9,38,30,27,4,5,67,2,24,0.25,0.32,0.391,0.141,87,0.291,86,-0.1,5,3,62.5,-2.4,0.997,0.54
2B,Allen,Cordoba,LAD,R,12,12,3,12,15,13,13,4,12,16,12,12,3,12,15,14,16,17,19,14,90,420,373,93,64,26,1,2,28,61,32,0,8,63,10,29,0.249,0.32,0.34,0.091,76,0.294,79,0.7,16,3,84.2,0.8,1.016,5
2B,Addison,Russell,LAA,R,14,14,13,13,11,14,14,14,14,11,14,14,13,13,11,6,18,3,18,20,91,423,373,93,56,16,1,20,57,57,38,1,6,71,23,37,0.249,0.325,0.458,0.209,104,0.255,106,2.5,1,1,50,6.9,1.039,17.26
1B,Bryan,Muniz,HOU,R,10,11,15,16,9,11,11,16,17,9,10,11,15,16,9,7,9,7,8,10,93,393,333,83,44,14,0,25,67,65,57,2,1,96,6,39,0.249,0.359,0.517,0.267,125,0.271,130,1.8,1,1,50,0,0,3.5
1B,Dominic,Smith,TEX,L,14,11,12,10,13,12,10,11,9,12,14,11,13,10,13,1,15,1,9,12,91,355,325,81,58,11,0,12,37,38,25,1,1,68,13,23,0.249,0.301,0.394,0.145,78,0.277,81,-0.2,0,0,0,1.2,1.027,15.5
1B,Paul,Goldschmidt,LAA,R,11,14,14,17,8,13,15,15,18,8,11,14,14,16,8,1,8,3,16,12,91,363,321,80,48,13,1,18,54,42,38,1,2,92,7,32,0.249,0.331,0.464,0.215,96,0.291,105,0.5,2,0,100,-4.8,0.869,7.53
1B,Dylan,White,MIN,R,11,11,11,7,10,12,12,13,7,11,10,10,11,7,10,1,19,6,9,9,89,348,305,76,53,16,0,7,40,38,24,2,16,79,16,23,0.249,0.334,0.37,0.121,83,0.312,89,0.4,2,0,100,3.6,1.043,0.54
RF,JUAN,PIE,SEA,L,11,13,8,11,9,10,11,6,8,9,12,14,9,12,10,5,14,15,18,20,69,285,253,63,40,15,3,5,33,37,26,0,4,69,3,23,0.249,0.327,0.391,0.142,90,0.322,94,0.5,8,1,88.9,-0.9,0.996,0.54
1B,Trevor,Story,MIL,R,11,14,15,13,7,11,15,16,14,7,10,14,15,13,7,7,16,10,18,14,89,389,342,85,37,17,2,29,63,53,41,3,6,123,14,48,0.249,0.339,0.564,0.316,129,0.295,132,2.5,4,1,80,3.2,1.033,6.99
RF,Brandon,Boissiere,TOR,L,14,10,5,12,14,12,9,4,11,13,15,10,5,12,14,4,13,16,18,17,49,193,161,40,30,4,3,3,21,30,25,0,6,26,7,10,0.248,0.37,0.366,0.118,96,0.28,105,0.2,7,4,63.6,-3.8,0.93,0.54
C,Ryan,January,CAR,L,10,12,13,12,7,9,11,12,12,6,10,12,13,12,7,5,9,7,12,14,79,322,286,71,44,18,2,7,34,35,31,0,5,92,7,27,0.248,0.332,0.399,0.15,95,0.342,100,1.6,3,0,100,-0.1,0.964,9.38
CF,Yusniel,Diaz,LAD,R,13,13,12,13,11,14,14,13,13,12,13,13,11,13,11,11,12,19,20,19,90,406,371,92,60,14,2,16,39,58,34,4,0,86,6,32,0.248,0.31,0.426,0.178,92,0.281,91,1.1,17,5,77.3,-0.8,0.99,5
2B,Arturo,Mata,CWS,L,11,10,12,10,10,11,8,10,9,10,12,10,13,10,11,9,20,19,13,15,70,268,246,61,40,9,2,10,41,28,16,0,4,60,1,21,0.248,0.302,0.423,0.175,86,0.287,91,1.2,1,0,100,4.8,1.072,0.54
1B,Zack,Collins,CWS,L,13,13,16,13,8,10,12,14,12,6,13,13,16,13,8,1,10,3,2,7,94,396,355,88,49,15,1,23,56,43,39,2,0,108,5,39,0.248,0.321,0.49,0.242,107,0.288,110,0.7,0,0,0,-4.1,0.925,15
SS,Sergio,Alcantara,CHC,S,11,8,3,12,12,12,9,4,13,13,11,8,3,12,12,5,16,13,16,17,91,365,331,82,64,13,3,2,26,35,32,3,1,59,10,18,0.248,0.315,0.323,0.076,69,0.295,70,0.6,6,3,66.7,3.6,1.023,0.54
RF,Edwin,Ventura,CWS,R,12,10,13,14,11,13,11,15,14,12,12,10,13,13,11,5,13,10,14,13,80,325,303,75,57,8,4,6,33,28,21,2,0,76,4,18,0.248,0.295,0.36,0.112,70,0.311,71,-1,1,2,33.3,-4.8,0.967,0.54
C,Griffin,Helms,MIN,R,10,10,11,13,8,11,10,11,13,8,10,10,11,13,8,1,14,9,1,1,49,186,166,41,26,6,0,9,28,23,18,0,1,48,4,15,0.247,0.324,0.446,0.199,97,0.294,103,1,0,0,0,0,0.819,0.54
LF,Keenan,Bell,STL,L,12,12,14,10,8,10,10,12,9,7,13,13,14,11,9,9,18,8,11,14,94,422,385,95,59,14,2,20,57,47,32,0,2,107,11,36,0.247,0.308,0.449,0.203,96,0.291,98,1.2,2,4,33.3,4.9,1.026,0.54
C,Francisco,Mejia,MIL,S,11,10,9,8,13,10,10,9,7,12,12,10,9,8,14,8,16,8,12,11,47,160,150,37,31,4,0,2,13,19,6,0,4,24,6,6,0.247,0.294,0.313,0.067,59,0.282,64,0.2,0,0,0,1.9,1.214,14
CF,Leonardo,Gonzalez,MIA,L,11,11,5,13,11,8,9,4,10,8,12,12,5,14,12,7,15,17,18,20,85,320,276,68,57,7,1,3,23,42,38,5,5,61,3,11,0.246,0.347,0.312,0.065,77,0.305,78,0.1,8,3,72.7,-2.2,1.003,0.54
SS,Jelfry,Marte,PIT,S,11,11,7,10,11,12,12,9,12,12,10,11,6,10,11,11,20,19,20,19,55,219,203,50,38,6,1,5,17,19,14,0,1,48,2,12,0.246,0.297,0.36,0.113,72,0.298,75,0.4,8,6,57.1,2.8,1.035,1.02
3B,Gregory,Guerrero,PIT,R,12,12,11,12,10,14,13,12,13,11,12,12,10,12,10,8,17,5,19,17,91,377,333,82,61,14,0,7,35,44,38,0,3,77,10,21,0.246,0.326,0.351,0.105,79,0.298,85,0.7,3,0,100,-0.5,0.996,3.73
SS,Willy,Adames,MIN,R,11,14,11,14,8,13,15,13,15,8,11,14,11,14,8,6,8,8,16,13,74,301,264,65,39,15,1,10,42,29,33,1,1,89,6,26,0.246,0.331,0.424,0.178,95,0.331,99,0.3,1,1,50,-9,0.884,12.41
SS,Gleyber,Torres,ATL,R,13,10,12,9,11,13,10,13,10,11,12,10,12,9,11,6,16,16,19,15,92,366,342,84,59,12,1,12,49,44,18,1,1,69,9,25,0.246,0.281,0.392,0.146,75,0.271,74,0.6,11,3,78.6,0.5,1.016,27.5
RF,Yoenis,Cespedes,COL,R,11,12,15,10,9,13,13,16,11,10,11,12,14,9,8,6,11,6,12,13,85,252,224,55,26,13,0,16,43,34,25,2,2,75,2,29,0.246,0.325,0.518,0.272,106,0.291,113,0.4,0,0,0,-5.6,0.937,1.6
C,Brett,Cumberland,CHC,S,12,11,7,14,10,11,10,7,14,10,12,11,8,14,11,3,8,5,6,8,56,199,167,41,26,8,0,7,23,19,27,1,3,36,3,15,0.246,0.36,0.419,0.174,104,0.274,109,1,0,0,0,-2,0.819,4.02
CF,Cole,Brannen,ARI,L,14,13,10,10,12,12,12,10,9,11,15,14,11,11,12,8,14,17,19,20,76,304,277,68,43,18,1,6,40,30,22,1,4,71,6,25,0.245,0.309,0.383,0.137,80,0.308,84,0.9,11,3,78.6,2.9,1.008,8.91
1B,Brandon,Belt,CIN,L,11,13,11,15,5,10,12,10,13,5,11,13,11,15,5,1,14,5,14,8,80,302,249,61,28,15,1,17,50,38,50,0,2,78,7,33,0.245,0.374,0.518,0.273,129,0.284,137,2,2,0,100,0.8,1.011,3.2
SS,Kendall,Simmons,LV,R,12,10,9,10,10,13,11,10,11,10,12,10,9,10,10,9,19,20,20,18,87,317,286,70,43,17,1,9,34,37,26,2,3,87,3,27,0.245,0.312,0.406,0.161,84,0.318,87,1.8,13,0,100,6.2,1.079,0.75
CF,Leodys,Taveras,CWS,S,13,10,8,11,12,15,12,11,13,12,12,9,8,11,11,7,12,18,18,20,70,262,237,58,36,13,2,7,28,26,21,1,3,51,0,22,0.245,0.314,0.405,0.16,86,0.285,89,0.5,1,0,100,2.7,1.023,0.95
1B,Luis,Ramirez,ATL,S,14,15,16,10,12,15,16,17,10,12,14,15,16,10,12,1,11,3,7,4,34,151,139,34,20,12,0,2,16,17,10,0,1,26,7,14,0.245,0.298,0.374,0.129,76,0.286,79,-0.3,0,2,0,-0.2,0.997,0.54
2B,Ismael,Albarado,TB,R,14,16,1,7,15,14,17,1,7,15,14,15,1,7,15,10,14,20,15,5,69,274,262,64,44,18,1,1,24,23,8,1,2,44,6,20,0.244,0.27,0.332,0.088,58,0.288,56,-0.8,4,4,50,-2.6,0.978,0.54
SS,Richie,Martin,TEX,R,10,10,4,11,9,11,10,5,12,10,10,10,4,11,9,11,18,15,13,18,89,326,291,71,51,13,3,4,25,34,26,0,8,77,3,20,0.244,0.323,0.351,0.107,75,0.319,82,0.8,3,5,37.5,2.7,1.014,1.4
RF,Brandon,Marsh,LAA,L,12,14,11,10,9,10,13,10,9,8,13,15,11,11,10,12,20,20,20,17,69,271,246,60,42,12,1,5,25,34,23,2,1,69,2,18,0.244,0.311,0.362,0.118,77,0.32,78,0.9,24,7,77.4,8.4,1.108,0.54
C,Tomas,Nido,PIT,R,12,11,11,8,11,12,12,11,9,11,12,11,11,8,11,3,14,7,4,10,60,224,201,49,36,6,2,5,21,17,19,1,0,48,9,13,0.244,0.305,0.368,0.124,76,0.291,76,0.6,0,0,0,2.1,1.192,1.04
1B,Josh,Naylor,MIA,L,13,12,16,6,11,10,12,15,8,9,14,12,16,5,11,1,4,1,19,16,56,170,160,39,23,7,1,8,21,15,6,1,2,41,7,16,0.244,0.28,0.45,0.206,88,0.279,85,0.1,0,0,0,-0.5,0.961,6.9
SS,Zack,Prajzner,STL,R,11,9,5,13,11,11,9,5,14,11,11,9,5,13,11,10,19,16,20,20,94,357,312,76,56,13,0,7,37,52,41,7,2,72,11,20,0.244,0.333,0.353,0.109,81,0.294,79,1.3,12,4,75,6.1,1.042,0.54
1B,Jomar,Reyes,PIT,R,10,12,13,9,9,11,13,14,9,10,10,12,13,9,9,1,17,8,5,14,81,255,239,58,30,14,1,13,28,30,12,0,2,67,7,28,0.243,0.282,0.473,0.23,94,0.28,95,0.2,1,1,50,-0.9,0.971,0.8
RF,Ramon,Laureano,CHC,R,11,13,9,13,8,12,14,9,13,8,11,13,8,13,8,9,14,17,20,12,82,325,281,68,47,10,3,8,30,37,34,3,9,88,3,21,0.242,0.342,0.384,0.142,90,0.323,94,1,14,2,87.5,-0.8,0.984,2.1
DH,Dylan,Cozens,SEA,L,11,13,16,12,5,11,12,16,11,4,11,13,16,13,5,1,0,10,19,13,88,382,343,83,45,17,0,21,58,51,38,2,0,146,2,38,0.242,0.317,0.475,0.233,106,0.35,107,0.6,7,1,87.5,-7.5,0.916,3.7
CF,Adrian,Hernandez,LV,R,11,11,11,10,9,12,13,13,11,10,10,11,11,9,8,10,16,20,20,20,85,298,269,65,40,17,0,8,29,37,22,5,6,75,4,25,0.242,0.312,0.394,0.152,81,0.305,80,0.7,13,2,86.7,1.8,1.042,0.54
3B,Sean,Inzunza,LAA,S,13,17,14,15,13,11,12,10,11,11,14,19,15,17,14,2,16,10,17,19,92,400,337,81,40,27,2,12,48,53,48,2,9,74,7,41,0.24,0.345,0.439,0.199,105,0.268,108,1.9,7,0,100,-0.9,0.988,0.54
LF,Austin,Meadows,ARI,L,14,17,11,11,11,13,16,11,11,10,15,17,11,11,11,10,20,18,19,17,94,393,362,87,49,24,4,10,53,47,27,0,1,85,7,38,0.24,0.293,0.412,0.171,82,0.285,84,0.9,12,1,92.3,3.9,1.042,20
1B,Ik-sung,Tark,STL,S,14,16,16,14,13,12,14,14,12,12,14,17,17,15,13,1,18,4,11,7,94,405,354,85,45,19,0,21,47,51,47,3,3,84,10,40,0.24,0.333,0.472,0.232,109,0.256,111,2.1,0,0,0,8.7,1.142,35
C,Max,Pentecost,MIA,R,13,14,10,9,11,14,15,11,9,11,13,14,10,8,10,5,13,8,11,12,71,272,250,60,41,12,0,7,32,27,16,2,5,65,8,19,0.24,0.299,0.372,0.132,76,0.298,76,0.6,0,1,0,1.4,0.91,1.85
3B,Brady,McConnell,COL,R,11,11,6,11,11,12,12,7,11,11,10,11,6,11,10,7,17,15,17,20,76,228,205,49,35,8,3,3,13,25,20,1,1,54,5,14,0.239,0.307,0.351,0.112,65,0.307,70,0.1,4,1,80,0.9,1.014,0.54
CF,Jonathan,Capellan,CIN,S,12,11,6,11,13,9,10,4,10,9,13,11,7,11,14,10,18,16,18,20,71,255,235,56,43,9,1,3,29,23,17,2,2,43,3,13,0.238,0.294,0.323,0.085,61,0.279,62,0,6,3,66.7,2.8,1.033,0.54
CF,Hunter,Bishop,NYM,L,11,13,8,11,10,10,12,7,10,8,12,13,8,11,11,10,13,19,18,20,81,246,227,54,42,6,0,6,24,26,17,1,0,63,6,12,0.238,0.289,0.344,0.106,67,0.3,67,-0.1,2,1,66.7,2.4,1.014,0.54
RF,Stephen,Piscotty,COL,R,11,15,12,12,10,12,16,12,13,10,11,15,12,12,10,3,15,6,12,13,95,377,337,80,47,23,2,8,33,38,28,0,9,104,11,33,0.237,0.312,0.389,0.151,74,0.319,82,-0.6,0,1,0,-11.4,0.918,17.47
SS,Aramis,Ademan,CAR,L,12,12,8,11,11,11,11,8,11,11,13,13,9,12,12,7,18,16,18,18,92,381,347,82,51,20,3,8,36,43,27,0,0,79,4,31,0.236,0.288,0.38,0.144,77,0.28,76,1.2,17,2,89.5,3.8,1.036,4.5
LF,Luis,Serrano,PHI,L,16,14,20,20,14,12,11,16,16,13,18,15,20,20,15,4,12,13,10,4,94,411,326,77,35,7,0,35,81,65,78,5,0,59,4,42,0.236,0.377,0.58,0.344,145,0.176,144,3,1,0,100,-1.7,0.979,10.25
RF,Ian,Happ,ARI,S,12,14,11,14,9,13,15,12,15,9,12,14,11,14,8,8,14,8,19,15,93,387,340,80,54,12,1,13,59,42,41,0,3,92,7,26,0.235,0.321,0.391,0.156,86,0.283,91,1,6,2,75,4.9,1.052,12
2B,Connor,Justus,MIN,R,11,10,3,12,12,11,11,4,12,12,10,10,3,12,12,5,17,7,15,19,51,110,98,23,14,7,1,1,4,15,10,0,1,27,4,9,0.235,0.312,0.357,0.122,74,0.314,78,0,1,0,100,-1.1,0.989,0.8
CF,Luis,Bautista,CWS,R,10,14,12,15,10,10,14,12,16,10,10,14,11,15,10,11,16,20,18,15,90,397,337,79,44,13,3,19,51,60,51,1,4,88,6,35,0.234,0.339,0.46,0.226,106,0.258,110,2.6,8,3,72.7,6.2,1.027,0.54
2B,Jacob,Amaya,CAR,R,11,7,5,12,15,11,8,5,12,15,11,7,5,11,14,7,19,13,20,17,57,142,128,30,27,1,2,0,8,8,11,0,3,23,5,3,0.234,0.31,0.273,0.039,59,0.286,64,0.1,2,0,100,1,1.042,0.54
DH,Kol-in-sen,Yao,TB,L,12,15,15,17,13,10,12,12,13,12,13,16,16,18,13,1,0,1,5,6,96,395,320,75,40,16,1,18,44,54,70,2,4,82,13,35,0.234,0.377,0.459,0.225,119,0.258,126,1.6,1,0,100,0,0,20.56
CF,Daniel,Quiceno,PIT,L,13,13,3,10,14,8,10,3,7,9,15,14,3,11,16,9,14,19,18,15,89,377,350,82,64,14,2,2,21,29,24,0,0,55,5,18,0.234,0.283,0.303,0.069,55,0.272,56,-1,10,11,47.6,-0.5,0.998,3.36
CF,Jorge,Ortega,TB,L,13,16,4,5,12,12,15,4,5,12,13,17,4,5,12,8,11,17,13,15,37,146,137,32,20,10,0,2,14,14,5,0,2,23,1,12,0.234,0.271,0.35,0.117,62,0.268,61,-0.1,2,1,66.7,0.3,0.97,0.54
2B,Trea,Turner,CWS,R,12,15,11,10,7,12,16,11,10,7,11,15,10,10,7,14,13,14,20,20,50,182,167,39,23,11,1,4,18,20,13,0,0,50,2,16,0.234,0.287,0.383,0.15,73,0.307,75,0.1,3,0,100,-0.2,0.975,21
RF,Desmond,Lindsay,LAA,R,11,14,12,11,10,12,15,13,11,10,10,14,11,11,10,7,13,10,16,12,36,136,116,27,17,7,1,2,13,22,14,1,5,33,2,10,0.233,0.338,0.362,0.129,86,0.305,90,0,4,1,80,-1.4,0.953,1.3
C,J.J.,Hancock,DET,L,10,10,10,11,10,9,9,8,10,9,11,11,10,11,10,3,12,5,7,12,75,310,272,63,47,13,1,2,27,28,25,0,7,79,7,16,0.232,0.309,0.309,0.077,63,0.314,67,0,0,1,0,-2.1,0.805,2
1B,Casey,Gillaspie,ARI,S,12,13,15,14,10,11,12,14,12,9,13,14,15,14,10,7,12,3,4,8,88,313,268,62,28,19,1,14,36,40,42,3,1,79,6,34,0.231,0.335,0.466,0.235,107,0.271,108,0.8,0,0,0,0.1,1.004,11
1B,Bobby,Bradley,NYY,L,11,11,18,13,5,10,10,16,10,4,12,11,19,13,5,3,8,1,10,6,94,397,352,81,35,12,0,34,72,59,38,2,6,146,7,46,0.23,0.315,0.554,0.324,123,0.272,124,2,0,0,0,-4.9,0.88,9.03
SS,Luis,Bustamante,MIA,R,13,19,12,4,10,13,19,12,4,10,13,19,12,4,10,1,16,9,10,11,45,184,174,40,21,12,2,5,22,17,6,1,2,52,8,19,0.23,0.264,0.408,0.178,74,0.299,70,0.2,1,0,100,0.6,1.021,0.54
1B,Matt,Morrow,COL,L,11,10,9,14,11,10,9,8,13,10,12,10,9,15,12,2,10,5,11,14,86,206,183,42,31,5,0,6,18,28,21,0,1,57,7,11,0.23,0.311,0.355,0.126,67,0.298,76,-0.2,0,1,0,0.1,0.96,0.77
2B,Xander,Bogaerts,TOR,R,14,14,11,13,12,16,15,12,14,12,14,14,11,13,11,8,15,6,15,11,92,381,332,76,45,20,0,11,35,47,44,1,3,93,12,31,0.229,0.323,0.389,0.16,87,0.283,91,1.4,1,0,100,3.8,1.006,33.19
CF,Clint,Frazier,NYY,R,10,11,16,12,5,11,12,16,13,6,10,11,16,12,4,5,7,12,18,16,89,358,315,72,37,10,3,22,47,51,39,2,3,131,7,35,0.229,0.318,0.489,0.26,107,0.307,109,1,3,0,100,-8.5,0.934,9.5
2B,Jorge,Otero,NYM,L,11,14,7,11,11,10,11,6,9,10,11,15,8,12,12,2,13,19,19,19,68,119,105,24,14,7,1,2,10,15,8,0,4,21,4,10,0.229,0.303,0.371,0.143,78,0.262,81,0,4,2,66.7,-0.5,0.989,0.54
C,Gary,Sanchez,NYY,R,13,13,16,10,9,14,14,16,11,9,13,13,16,10,8,8,15,8,6,9,79,320,289,66,30,13,0,23,37,41,29,2,1,95,3,36,0.228,0.3,0.512,0.284,106,0.25,107,1.7,0,0,0,-0.4,0.84,15.45
C,Clint,Coulter,MIA,R,10,10,12,9,9,11,11,13,9,10,9,10,12,9,9,5,16,6,12,14,54,141,127,29,22,4,1,2,20,16,11,1,2,41,7,7,0.228,0.3,0.323,0.094,65,0.321,65,0.1,0,0,0,0.8,1.092,2.59
3B,Kenny,Hernandez,NYM,L,11,13,8,13,9,10,11,7,12,8,12,14,9,13,9,11,15,16,18,19,83,318,272,62,41,14,1,6,28,39,36,0,10,78,4,21,0.228,0.34,0.353,0.125,85,0.298,93,0.8,9,1,90,-2.7,0.977,1.3
LF,Micah,Donovan,TEX,R,12,13,17,13,9,12,14,18,14,10,12,13,17,13,9,10,11,16,9,11,63,214,194,44,24,10,1,9,36,31,18,3,2,62,3,20,0.227,0.299,0.428,0.201,85,0.285,84,-0.2,0,0,0,-2.7,0.973,0.54
RF,Jahmai,Jones,CIN,R,13,13,11,12,11,14,13,11,13,12,12,13,10,12,11,10,17,19,20,20,91,412,366,83,57,16,1,9,43,55,38,5,2,79,5,26,0.227,0.299,0.35,0.123,68,0.261,67,-0.1,12,7,63.2,7.3,1.065,9.98
LF,Joc,Pederson,TEX,L,9,12,16,16,6,8,11,14,15,5,9,12,16,16,6,1,15,9,14,12,78,318,269,61,32,15,0,14,28,46,40,2,6,87,3,29,0.227,0.339,0.439,0.212,99,0.278,104,1,0,0,0,0.8,1.014,16.3
2B,Ricardo,De La Torre,CIN,R,11,13,4,12,10,12,14,5,13,12,11,13,3,12,10,8,19,17,20,17,89,353,314,71,51,16,2,2,23,40,31,1,6,89,11,20,0.226,0.307,0.309,0.083,62,0.308,66,0.6,25,3,89.3,4,1.051,1.27
CF,Daniel,Montano,HOU,L,13,14,9,11,10,11,12,8,11,8,14,14,9,12,11,7,16,13,15,18,81,307,275,62,39,15,1,7,34,40,25,3,5,59,4,23,0.225,0.3,0.364,0.138,73,0.261,73,0.4,3,2,60,3.2,1.012,0.85
RF,Jack,Gerstenmaier,WAS,R,12,11,11,11,11,13,12,11,12,12,12,11,11,11,11,7,12,15,18,16,67,152,142,32,18,9,0,5,14,19,7,1,1,32,2,14,0.225,0.265,0.394,0.169,67,0.255,65,-0.2,0,0,0,-0.6,0.954,0.54
SS,Juan,Gil,CAR,S,11,11,4,11,11,8,9,3,10,8,12,12,5,12,11,6,17,20,17,20,80,301,276,62,46,11,1,4,21,29,18,1,4,63,3,16,0.225,0.28,0.315,0.091,59,0.275,59,0.5,9,2,81.8,8.6,1.082,0.54
DH,Tyler,O'Neill,SEA,R,10,14,17,12,5,11,14,18,12,6,10,13,16,11,5,1,0,11,19,12,37,158,138,31,18,3,0,10,22,23,16,0,3,52,3,13,0.225,0.316,0.464,0.239,103,0.273,107,0.3,2,1,66.7,-2.3,0.935,2.5
CF,Quentin,Holmes,PIT,R,12,16,6,11,12,13,16,8,11,12,11,16,6,10,12,8,15,17,20,19,93,358,332,74,51,17,1,5,28,36,17,0,6,65,7,23,0.223,0.272,0.325,0.102,57,0.262,58,0.3,13,2,86.7,11.7,1.138,0.54
RF,Jhailyn,Ortiz,CHC,R,10,12,15,10,7,10,13,16,12,7,10,12,15,10,6,5,15,10,18,15,80,222,202,45,25,4,2,14,24,28,13,0,5,72,6,20,0.223,0.285,0.47,0.248,93,0.265,95,0.1,3,1,75,-3.9,0.924,1.9
LF,Lewis,Brinson,MIN,R,10,15,14,10,6,11,16,15,11,8,10,15,14,10,6,6,15,11,15,14,84,374,337,75,34,21,2,18,57,42,27,1,7,137,6,41,0.223,0.291,0.457,0.234,90,0.308,93,0.7,1,1,50,2.5,0.985,4
C,Jorge,Alfaro,BOS,R,10,11,12,5,6,11,13,13,7,6,9,11,12,5,5,10,18,8,11,12,71,279,261,58,41,12,0,5,15,25,14,0,4,94,2,17,0.222,0.272,0.326,0.103,54,0.327,57,0.1,0,0,0,2.5,1.092,7.5
RF,Corey D.,Ray,MIL,L,12,15,14,12,8,11,14,13,11,8,12,15,14,12,8,5,11,10,18,19,87,343,306,68,37,22,0,9,47,34,33,2,0,102,7,31,0.222,0.294,0.382,0.16,74,0.296,75,-0.4,0,1,0,-0.6,0.98,11
C,Austin,Hedges,LV,R,11,11,13,9,11,12,11,14,10,11,11,11,13,9,11,8,20,7,5,7,76,297,280,62,43,13,0,6,21,28,13,0,2,76,7,19,0.221,0.26,0.332,0.111,52,0.281,53,-0.2,0,0,0,1.4,1.161,22
C,Yasmani,Grandal,POR,S,8,9,13,14,5,8,8,12,15,5,9,9,14,13,5,1,11,6,3,6,70,266,235,52,30,10,1,11,36,33,28,0,1,64,5,22,0.221,0.306,0.413,0.191,87,0.255,91,1.1,0,0,0,1.4,0.977,5.5
SS,Imani,Willis,NYM,R,12,11,7,13,12,12,12,7,13,13,11,11,7,13,12,6,9,12,16,15,90,375,330,73,55,11,0,7,32,34,40,1,1,75,13,18,0.221,0.305,0.318,0.097,66,0.263,69,-0.7,6,0,100,-11,0.893,0.54
3B,Christian,Arroyo,CIN,R,14,13,5,10,11,15,14,6,11,12,13,13,5,10,11,1,12,4,16,15,65,126,118,26,20,2,0,4,14,13,8,0,0,34,2,6,0.22,0.27,0.339,0.119,57,0.275,60,-0.3,0,0,0,-1,0.92,0.9
LF,Hunter,Renfroe,TOR,R,10,14,15,10,8,12,15,16,10,8,10,14,15,9,7,3,14,11,12,15,39,157,141,31,13,9,1,8,28,23,12,1,4,40,3,18,0.22,0.299,0.468,0.248,97,0.247,99,0.1,1,0,100,-0.2,0.976,0.54
C,Tyler C.,Moore,NYM,L,9,10,12,12,7,9,9,11,11,6,10,10,12,12,7,1,10,2,4,10,70,266,223,49,34,3,0,12,32,30,33,3,3,74,6,15,0.22,0.323,0.395,0.175,89,0.262,87,0.7,0,0,0,-1.5,0.971,3.4
1B,Anthony,Rizzo,TEX,L,11,14,14,14,10,9,13,13,13,8,12,15,15,14,10,2,15,7,13,7,83,328,284,62,30,19,0,13,41,42,32,2,9,67,9,32,0.218,0.314,0.423,0.204,88,0.237,92,0.1,2,0,100,0.7,1.053,15
C,Garrett,Wolforth,POR,S,10,10,9,10,11,10,11,9,11,12,10,10,9,10,11,2,18,10,16,14,26,101,92,20,16,2,1,1,7,11,6,1,3,20,6,4,0.217,0.287,0.293,0.076,54,0.268,54,0.1,4,0,100,1,1.092,0.54
CF,Patrick,Kelley,CAR,S,13,12,4,12,11,13,13,4,12,11,13,12,4,12,11,13,19,19,19,20,93,375,342,74,57,12,4,1,25,25,22,4,6,79,4,17,0.216,0.273,0.284,0.067,50,0.275,45,-0.5,11,1,91.7,4,1.061,0.54
3B,Jorge,Bravo,BOS,R,14,16,1,11,11,14,16,1,11,11,14,16,1,11,11,11,16,20,17,11,31,117,111,24,19,3,2,0,11,6,4,1,0,25,1,5,0.216,0.241,0.279,0.063,34,0.276,27,-0.7,0,2,0,-0.2,0.998,0.54
3B,Sergio,Marrufo,NYM,R,10,15,8,9,13,11,15,8,9,13,10,15,8,9,13,6,17,5,5,11,32,107,93,20,8,7,0,5,13,16,6,0,7,24,3,12,0.215,0.308,0.452,0.237,98,0.231,102,0.3,0,0,0,-1.1,0.959,0.54
C,Andrew,Yerzy,HOU,L,12,13,14,9,10,10,12,11,7,9,12,14,15,9,10,6,8,10,7,16,75,302,276,59,31,14,2,12,38,39,22,0,1,74,5,28,0.214,0.272,0.409,0.196,75,0.244,77,0.3,2,0,100,-3,0.652,0.54
3B,Austin,Riley,MIL,R,11,13,15,11,6,11,14,15,11,6,11,13,14,11,6,2,14,8,11,15,87,357,324,69,42,14,0,13,41,41,31,1,1,107,8,27,0.213,0.283,0.377,0.164,70,0.273,73,-0.2,0,0,0,-3.5,0.957,4
CF,Drew,Waters,PIT,S,12,11,8,6,9,10,14,5,5,8,12,11,9,7,10,8,16,16,20,18,79,270,249,53,39,10,1,3,25,17,10,3,10,72,6,14,0.213,0.271,0.297,0.084,50,0.287,47,-0.7,5,1,83.3,3.2,1.038,0.54
RF,Seuly,Matias,LV,R,11,12,19,17,5,12,13,20,18,6,10,11,19,16,5,3,16,14,19,18,91,377,315,67,34,13,0,20,44,44,60,5,0,132,7,33,0.213,0.338,0.444,0.232,100,0.287,102,1,8,2,80,-0.8,0.998,11.88
RF,Austin,Hays,NYM,R,11,14,10,11,9,12,15,12,12,9,10,14,10,11,9,11,17,14,16,15,75,263,240,51,38,10,1,2,16,22,18,2,3,69,6,13,0.212,0.275,0.287,0.075,50,0.288,48,-0.8,4,1,80,2.2,1.006,0.54
CF,Akil,Baddoo,STL,L,10,13,11,12,8,9,12,10,11,7,11,14,11,12,8,7,16,17,20,15,94,407,364,77,50,14,2,11,40,40,36,3,4,114,1,27,0.212,0.289,0.352,0.14,68,0.275,67,0,25,1,96.2,-3.5,0.981,4.2
CF,Lazaro,Armenteros,SF,R,10,13,14,10,5,11,13,14,11,6,10,13,14,10,4,4,19,18,19,20,73,189,166,35,18,8,1,8,15,28,16,0,4,71,3,17,0.211,0.293,0.416,0.205,86,0.303,87,0.7,6,1,85.7,3.4,1.052,0.54
C,Jason,Avers,SEA,R,10,11,10,12,9,11,11,11,13,10,10,11,10,12,9,4,15,10,11,15,53,207,190,40,30,4,0,6,19,17,15,1,1,49,9,10,0.211,0.271,0.326,0.116,57,0.25,57,0,1,1,50,1,1.092,0.54
RF,Jonathan,Sierra,CHC,L,12,13,13,11,8,10,12,12,11,8,12,14,14,11,8,2,15,8,11,15,83,266,245,51,32,9,0,10,23,24,19,0,1,84,9,19,0.208,0.268,0.367,0.159,64,0.272,66,-0.3,1,0,100,1.6,1.027,0.54
RF,Luis,Aldaz,LAD,R,14,14,3,9,17,15,15,3,10,17,14,14,3,9,16,7,8,17,20,20,59,169,149,31,21,9,1,0,15,14,13,0,7,23,3,10,0.208,0.302,0.282,0.074,57,0.246,63,-0.3,9,0,100,-1.5,0.909,0.54
LF,Jiandido,Tromp,PHI,R,11,12,16,16,7,12,13,17,17,7,10,12,15,15,7,6,9,7,12,12,68,142,125,26,14,5,1,6,16,16,17,0,0,44,1,12,0.208,0.303,0.408,0.2,84,0.267,89,0,0,0,0,-1.1,0.92,15
C,Hunter,Taylor,STL,R,10,10,13,12,10,12,11,14,13,11,10,10,13,12,10,2,14,8,6,10,57,183,150,31,19,7,0,5,21,20,27,8,3,51,5,12,0.207,0.335,0.353,0.147,82,0.271,68,0,0,0,0,-1.4,0.765,3
C,Nick,Ciuffo,NYM,L,10,10,7,7,9,9,9,6,7,8,10,10,8,8,9,7,20,4,11,13,44,109,103,21,16,3,0,2,12,3,5,0,0,33,3,5,0.204,0.239,0.291,0.087,40,0.275,38,-0.2,0,0,0,0.9,1.092,1.1
RF,George,Springer,MIN,R,10,11,14,14,5,11,11,15,14,5,10,11,14,14,5,8,10,6,15,12,85,351,309,63,36,12,0,15,34,48,37,1,5,137,5,27,0.204,0.299,0.388,0.184,77,0.306,82,-0.2,2,0,100,-2.9,0.957,3.1
RF,Grant,Burton,ATL,R,14,15,12,14,11,11,13,11,12,9,14,15,13,14,12,7,15,15,19,14,90,377,326,66,42,12,1,11,35,50,43,1,2,85,7,24,0.202,0.296,0.347,0.144,69,0.235,71,-0.7,12,5,70.6,-3,0.958,0.54
1B,Josh,Britt,CHC,L,11,18,17,6,7,10,14,14,5,6,12,19,18,7,7,1,12,1,3,6,94,393,371,75,36,15,0,24,62,35,16,1,0,145,8,39,0.202,0.232,0.437,0.235,69,0.245,66,-1.4,0,0,0,-4.5,0.954,0.54
DH,Jose,Altuve,TEX,R,13,11,7,8,14,16,11,8,10,14,13,10,7,8,14,2,0,7,17,11,27,101,94,19,15,3,0,1,7,9,5,0,1,17,6,4,0.202,0.25,0.266,0.064,34,0.237,34,-0.7,1,0,100,0,0,1.04
1B,Freddie,Freeman,BAL,L,11,15,14,16,7,10,14,13,14,8,12,15,14,16,7,1,12,3,13,6,52,153,124,25,17,4,0,4,15,15,25,2,3,42,3,8,0.202,0.346,0.331,0.129,77,0.266,84,-0.1,0,0,0,-0.4,0.902,7
C,Ismerling,Mota,SF,R,10,10,11,9,7,10,10,11,10,8,9,10,11,9,6,7,17,10,10,13,62,233,208,41,29,7,0,5,16,21,20,4,2,74,7,12,0.197,0.27,0.303,0.106,53,0.273,47,-0.2,0,0,0,1.9,1.092,0.54
3B,Dermis,Garcia,CHC,R,9,12,16,13,3,10,13,16,13,3,9,12,16,13,3,11,12,9,16,20,93,378,341,67,42,11,0,14,34,37,31,3,6,128,8,25,0.196,0.275,0.352,0.155,63,0.266,63,-0.2,6,0,100,0.4,1.006,0.54
1B,Triston,Casas,STL,L,14,15,15,10,8,13,14,14,9,8,15,15,15,10,8,1,16,8,10,10,60,105,97,19,9,5,0,5,15,11,7,0,1,40,6,10,0.196,0.257,0.402,0.206,70,0.269,71,-0.1,0,0,0,0.7,1.119,0.54
RF,Jorge,Soler,BAL,R,10,14,13,13,6,11,14,14,14,7,10,13,13,13,5,7,15,9,10,11,90,346,307,60,36,13,0,11,37,44,34,1,3,117,8,24,0.195,0.28,0.345,0.15,61,0.271,65,-1,1,0,100,-2.9,0.996,15
DH,Kyle,Schwarber,MIL,L,10,13,16,14,5,9,12,16,13,5,10,13,16,14,5,3,0,3,9,14,84,353,298,58,22,12,0,24,62,51,50,0,4,122,7,36,0.195,0.318,0.477,0.282,103,0.224,109,0.8,0,0,0,0,0,16
SS,Delvin,Perez,CIN,R,12,14,5,11,12,13,14,6,11,13,12,13,5,10,12,9,19,19,20,17,92,364,334,64,43,17,1,3,35,36,23,0,2,82,13,21,0.192,0.245,0.275,0.084,36,0.241,36,-0.1,11,4,73.3,11.6,1.1,7.5
C,K.J.,Harrison,TB,R,13,13,11,9,10,14,14,12,10,11,13,13,11,9,10,1,11,8,19,16,65,243,228,43,23,16,0,4,31,16,13,2,1,74,3,20,0.189,0.235,0.311,0.123,42,0.258,38,-0.7,2,0,100,-0.3,1.092,0.54
LF,Tim,Anderson,PHI,R,14,15,11,6,9,15,15,12,6,10,13,15,11,6,9,10,15,13,17,17,45,108,101,19,10,4,2,3,22,9,4,0,1,28,1,9,0.188,0.224,0.356,0.168,48,0.225,45,-0.4,0,0,0,-0.7,0.985,2.08
3B,Matt,Chapman,SEA,R,8,12,17,12,4,9,12,18,14,5,8,12,16,12,4,3,14,6,14,16,78,315,277,51,25,6,1,19,42,41,31,1,4,109,7,26,0.184,0.274,0.419,0.235,80,0.212,80,0.3,1,0,100,-0.1,1.001,8.13
C,Jonah,Dean-Hargroves,PIT,R,10,15,12,11,8,11,16,13,12,8,10,15,11,11,8,1,14,7,11,8,43,156,147,27,17,4,0,6,15,11,9,0,0,40,5,10,0.184,0.231,0.333,0.15,46,0.208,46,-0.1,2,0,100,1.1,1.092,0.54
3B,Arturo,Rangel,SEA,R,10,12,12,10,7,10,13,12,10,8,10,12,12,10,7,1,13,7,14,11,47,177,157,28,14,10,0,4,20,17,12,0,6,52,8,14,0.178,0.26,0.318,0.14,52,0.233,55,-0.9,1,0,100,-4.1,0.872,0.54
SS,Dalton,Guthrie,POR,R,13,11,5,10,12,14,12,7,10,13,12,11,4,9,12,11,11,11,14,19,41,103,92,16,13,2,0,1,8,9,5,0,4,25,7,3,0.174,0.243,0.228,0.054,26,0.221,27,-0.9,0,0,0,-4.9,0.846,0.54
C,Mike,Zunino,ARI,R,9,12,14,10,6,9,13,14,10,6,9,12,13,10,6,1,13,4,9,9,71,265,239,40,18,13,1,8,26,24,19,6,5,96,8,22,0.167,0.242,0.331,0.163,48,0.234,39,-0.5,0,0,0,1.9,0.874,9
