Position,Name,Team,Bats,Work Ethic,Contact,Gap,Power,Eye,K,Defense,Speed,Stealing,Running,Games,Plate Appearances,Hits,XBH,Homeruns,RBI,Walk Pct,Int Walks,Hit by Pitch,Strikeout Pct,Average,On Base Pct,Slugging Pct,WAR,Stolen Bases,Caught Stealing,Efficiency, Salary in Millions 
SS,L. Bustamante,MIA,R,Low,13,19,13,4,10,16,9,10,11,109,446,97,42,10,47,4.5,3,6,25.1,0.233,0.278,0.387,0.6,1,0,1.014, 0.54 
LF,A. Benintendi,NYY,L,High,15,18,13,14,16,17,7,16,15,158,704,178,66,20,83,10.4,5,7,11.8,0.288,0.366,0.476,4.1,0,1,1.048, 23.00 
1B,J. Britt,CHC,L,Normal,12,18,17,6,7,11,1,3,7,162,677,131,72,39,104,4.9,6,3,34.6,0.207,0.247,0.445,-1.7,0,0,0.954, 0.54 
1B,T. Korman,DET,S,Normal,17,18,15,15,14,11,5,1,5,160,746,186,88,48,156,13.5,2,5,12.9,0.296,0.391,0.591,6.2,1,0,0.975, 0.54 
CF,M. McHugh,POR,L,High,13,18,13,11,10,16,18,20,20,159,684,159,67,26,84,8.9,1,8,23.1,0.26,0.333,0.462,4.4,30,3,1.01, 0.54 
LF,J. Vela,WAS,L,High,17,18,12,12,18,15,20,20,20,161,717,218,74,26,126,8.6,7,0,9.8,0.338,0.391,0.544,6.6,40,9,1.019, 0.54 
CF,C. Edwards,ARI,R,Normal,10,17,14,10,10,11,19,20,18,116,426,105,61,22,75,6.8,0,12,21.8,0.276,0.344,0.568,3.3,15,3,1.044, 0.54 
DH,J. Garman,POR,R,Normal,13,17,15,13,14,1,3,13,17,144,593,149,71,27,93,8.6,3,12,14.3,0.283,0.358,0.523,2.8,0,3,0, 0.54 
LF,M. Heeke,CWS,L,Normal,13,17,16,7,11,18,15,14,15,101,388,93,56,27,69,3.4,0,7,22.9,0.256,0.291,0.567,1.9,3,1,1.004, 0.54 
3B,S. Inzunza,LAA,S,High,14,17,14,15,14,16,10,17,20,157,682,150,73,26,92,14.4,4,12,17.3,0.266,0.381,0.493,5.3,11,2,1, 0.54 
2B,K. Jorenby,CLE,R,High,14,17,2,9,14,12,20,18,20,149,621,174,58,3,77,5.5,1,3,12.6,0.299,0.341,0.427,2.2,26,15,0.985, 0.54 
LF,A. Meadows,ARI,L,Normal,14,17,11,11,11,20,18,19,17,157,656,150,60,16,76,7.8,2,6,21.6,0.253,0.316,0.416,2.4,20,6,1.058, 20.00 
1B,J. Membreno,LAA,R,Normal,12,17,13,7,12,16,3,13,13,157,654,169,79,27,102,5.7,2,9,18.5,0.281,0.329,0.504,3.1,1,0,1.043, 0.54 
DH,A. Meza,CLE,S,High,14,17,15,12,12,1,6,11,1,136,559,134,65,37,106,8.2,1,9,19.7,0.27,0.338,0.554,2.8,1,0,0.99, 0.54 
LF,Y. Moncada,LAD,S,Normal,15,17,15,15,8,16,17,20,19,155,692,159,73,29,106,15.9,7,10,21.7,0.28,0.403,0.514,6,35,10,1.024, 20.43 
CF,J. Ortega,TB,L,Normal,14,17,5,6,13,14,17,13,15,101,405,91,35,6,40,3.7,0,9,18.5,0.243,0.286,0.371,0,7,5,0.978, 0.54 
2B,I. Albarado,TB,R,High,14,16,1,7,16,14,20,15,5,133,530,151,45,1,52,4.2,6,3,12.6,0.303,0.332,0.407,1.3,15,6,0.99, 0.54 
3B,F. Barreto,MIA,R,Normal,14,16,9,10,11,15,17,17,20,159,724,215,58,19,81,6.2,7,10,18.4,0.324,0.374,0.468,5.2,22,5,0.997, 6.50 
CF,J. Bravo,BOS,R,High,14,16,1,11,12,14,20,18,12,78,294,70,21,1,25,5.4,2,2,20.7,0.256,0.3,0.359,-0.2,2,3,0.999, 0.54 
LF,B. Buxton,BAL,R,Normal,12,16,13,12,8,14,7,19,18,153,584,152,73,28,90,8.9,5,4,27.7,0.289,0.357,0.549,3.5,2,0,0.965, 17.96 
3B,J. Candelario,WAS,S,Normal,12,16,12,12,12,14,7,7,12,156,649,159,64,24,93,8.3,4,4,16.8,0.271,0.335,0.468,3,1,0,0.992, 16.00 
3B,C. Correa,HOU,R,High,14,16,15,14,9,13,7,18,18,156,730,185,78,40,119,9.7,1,5,23.6,0.285,0.358,0.535,5.6,4,1,0.989, 16.00 
SS,I. Diaz,LAA,L,Normal,12,16,14,13,9,14,11,15,16,152,674,153,64,29,77,11.3,1,1,23,0.259,0.343,0.469,4.6,9,3,0.998, 27.00 
CF,J. Farinas,ATL,R,High,16,16,2,8,18,16,20,20,20,144,582,172,53,2,47,5.3,1,8,8.4,0.32,0.363,0.444,4,37,6,1.028, 0.54 
RF,T. Hashimoto,STL,L,High,15,16,7,17,16,12,16,18,15,162,729,183,53,8,62,18.9,17,3,12.3,0.311,0.444,0.439,5.1,25,10,0.993, 17.10 
CF,Q. Holmes,PIT,R,High,12,16,6,11,12,15,17,20,19,154,603,131,42,8,53,4.8,0,12,19.2,0.235,0.286,0.349,1.3,21,5,1.128, 0.54 
LF,A. Langworthy,COL,L,Normal,14,16,6,12,12,14,11,18,16,135,561,142,47,10,33,10.5,1,5,21.4,0.286,0.368,0.425,1.8,13,7,0.979, 0.54 
2B,J. Leyva,WAS,R,Normal,17,16,3,8,19,14,20,19,20,158,751,243,65,2,59,4.1,0,4,6.7,0.34,0.371,0.457,5.6,33,10,1.018, 0.54 
2B,C. McCarter,ATL,L,High,13,16,13,10,13,13,16,19,20,150,617,147,58,26,91,6.3,3,6,17.3,0.259,0.313,0.462,2.1,20,7,0.969, 0.54 
C,H. Mendoza,SEA,L,Normal,12,16,11,8,13,13,1,2,1,81,303,73,30,11,32,6.3,1,3,19.5,0.261,0.314,0.446,1.6,1,0,1.084, 0.54 
CF,E. Pineda,SF,L,High,15,16,2,5,17,17,20,20,17,135,514,139,44,2,67,5.4,2,0,12.6,0.289,0.326,0.401,1.8,30,14,1.028, 0.54 
SS,S. Reguera,BAL,R,High,16,16,18,12,15,18,17,18,14,158,733,188,72,32,110,9.3,4,14,13.4,0.292,0.369,0.515,5.4,13,12,0.988, 0.54 
2B,C. Seager,BAL,L,Normal,14,16,11,10,10,13,7,10,13,152,659,177,60,26,114,7,3,4,21.5,0.295,0.344,0.488,2.6,4,4,1.008, 11.50 
1B,J. Shuman,CAR,R,Normal,15,16,7,6,19,11,1,7,9,161,677,169,61,6,66,4.1,3,18,7.4,0.27,0.318,0.392,0.1,0,0,0.98, 0.54 
1B,I. Tark,STL,S,Normal,13,16,16,14,12,18,4,11,7,162,703,155,73,36,83,12.5,5,6,20.3,0.255,0.354,0.494,4.3,0,0,1.108, 35.00 
3B,F. Tieh,CLE,R,High,16,16,8,7,19,16,20,19,18,156,672,189,51,10,69,4.3,0,7,11.9,0.301,0.336,0.435,2.2,29,23,1.002, 0.54 
CF,M. Trout,TOR,R,Normal,14,16,17,17,8,15,10,16,18,159,689,157,84,45,134,15.8,9,12,24.8,0.278,0.403,0.593,8.2,10,4,1.012, 33.26 
SS,B. Witt Jr.,TB,R,Normal,14,16,8,7,10,14,11,5,7,155,692,169,66,16,75,4,0,6,23.3,0.258,0.294,0.418,1.2,1,2,0.98, 0.54 
1B,L. Aceves,SEA,S,Normal,17,15,20,8,13,17,3,3,1,160,700,183,86,52,125,7,4,8,18.9,0.287,0.343,0.585,5.1,0,0,1.014, 0.54 
3B,N. Arenado,STL,R,High,14,15,16,11,13,15,6,5,7,157,660,152,61,29,86,8.5,7,4,20.5,0.255,0.321,0.457,2.6,0,0,1.018, 31.04 
LF,J. Bell,CLE,S,Normal,14,15,14,15,12,13,3,11,12,155,684,181,75,37,106,11.4,1,3,15.5,0.303,0.383,0.556,5.3,2,2,0.96, 6.90 
LF,L. Brinson,MIN,R,Normal,10,15,14,10,6,14,10,15,14,138,595,118,61,26,80,7.2,1,7,32.6,0.219,0.282,0.436,0.4,4,2,0.99, 4.00 
RF,G. Burton,ATL,R,Normal,14,15,12,14,11,15,15,19,14,156,637,126,47,18,74,11.8,2,3,22.3,0.23,0.321,0.386,-0.2,19,10,0.969, 0.54 
C,J. Dean-Hargroves,PIT,R,Normal,10,15,11,11,7,14,7,11,8,68,223,43,20,9,24,5.4,0,0,27.8,0.204,0.247,0.384,0.2,2,0,1.092, 0.54 
CF,B. Detiege,DET,L,High,14,15,9,5,16,15,19,20,20,156,751,212,58,14,86,4.8,0,13,11.5,0.305,0.35,0.441,4.7,43,6,1.006, 0.54 
3B,R. Goossens,DET,L,Normal,13,15,16,14,14,13,8,19,15,158,722,181,91,47,155,11.4,5,12,17.6,0.291,0.381,0.592,7,7,1,0.969, 42.54 
RF,A. Hays,NYM,R,High,11,15,10,11,9,17,14,16,15,132,483,89,32,12,41,6.8,2,7,26.3,0.204,0.268,0.334,-1,6,2,0.999, 0.54 
LF,J. Howell,TB,L,Normal,12,15,19,9,9,17,11,20,17,155,619,154,81,55,123,6.5,3,6,24.1,0.273,0.323,0.614,5,7,2,1.007, 0.54 
1B,K. Jacobsen,POR,R,Normal,13,15,10,12,12,11,11,16,18,75,297,74,32,11,42,8.1,0,1,19.5,0.274,0.334,0.478,1.1,6,1,0.999, 0.54 
RF,M. Kepler,MIA,L,Normal,14,15,13,14,12,12,6,16,15,155,634,161,66,27,92,10.4,1,4,18.1,0.287,0.365,0.508,3.5,3,1,0.974, 8.00 
CF,B. Lasley,SEA,L,Normal,14,15,6,8,15,16,19,20,20,154,722,203,68,14,71,5.5,3,9,13.4,0.304,0.35,0.46,5,38,7,1.017, 0.54 
SS,E. Leonard,COL,R,Normal,9,15,3,11,10,18,18,20,20,147,483,100,33,3,31,6.8,3,8,22.8,0.228,0.293,0.329,0.1,13,4,1.018, 0.54 
CF,M. Margot,LAA,R,Normal,13,15,9,10,14,18,17,19,18,155,657,149,41,11,58,6.5,1,6,14.8,0.248,0.303,0.363,2,20,7,1.058, 16.00 
RF,C. Mitchell,PHI,L,High,16,15,13,12,12,10,8,15,19,155,629,176,81,38,115,9.2,0,11,18.3,0.317,0.39,0.603,5.9,5,1,0.976, 4.41 
CF,M. Moniak,PHI,L,High,16,15,10,13,11,15,18,20,16,159,737,195,77,27,85,10.6,7,6,18,0.3,0.379,0.507,6.7,33,5,1.004, 14.00 
LF,J. Nava,HOU,L,Normal,12,15,17,12,13,9,1,7,13,140,569,124,68,35,103,10.2,6,8,13.5,0.252,0.334,0.531,1.5,0,0,0.909, 33.00 
2B,R. Odor,TEX,L,Normal,13,15,14,7,11,12,7,17,12,134,581,155,61,26,79,5.5,0,6,18.9,0.291,0.337,0.508,2.8,3,0,0.957, 15.40 
RF,S. Piscotty,COL,R,High,11,15,12,13,10,15,6,12,13,160,632,130,51,15,51,7.6,1,11,26.9,0.228,0.3,0.374,-1.7,0,1,0.923, 17.47 
RF,C. Ray,MIL,L,Normal,12,15,14,12,8,10,10,18,19,152,636,126,55,19,87,9.3,3,5,27.4,0.223,0.299,0.391,0.1,3,3,0.968, 11.00 
1B,A. Rizzo,TEX,L,High,12,15,14,14,10,14,7,13,7,139,551,116,60,22,74,10.2,5,13,20.9,0.242,0.336,0.461,1.1,2,1,1.043, 15.00 
RF,J. Rosario,POR,L,Normal,13,15,10,10,11,18,14,20,17,151,627,170,50,13,65,8.5,0,4,15.8,0.301,0.362,0.442,3.5,18,5,1.029, 2.88 
3B,N. Senzel,TOR,R,Normal,14,15,12,14,9,14,10,18,17,157,660,142,52,19,80,9.2,1,8,26.4,0.244,0.321,0.401,1.4,6,2,0.956, 11.55 
1B,P. Smith,WAS,L,Normal,13,15,12,13,11,17,8,5,10,161,694,154,60,25,96,11.5,4,4,18.6,0.255,0.343,0.439,1.7,0,0,1.003, 2.00 
SS,D. Swanson,SF,R,High,15,15,11,14,12,17,11,18,20,155,665,171,57,26,91,12.8,4,1,18.9,0.299,0.386,0.5,6.7,14,1,1.045, 18.51 
RF,A. Verdugo,WAS,L,Normal,15,15,12,10,13,16,8,16,16,144,627,177,62,28,108,7.2,0,7,15.6,0.312,0.366,0.524,5.1,2,0,1.028, 12.16 
LF,D. Ward,TOR,R,Low,13,15,10,16,15,15,8,18,20,141,642,143,55,17,67,15.9,1,3,14.3,0.27,0.388,0.442,3.9,5,2,1.007, 0.54 
LF,T. Wooten,DET,R,Normal,14,15,13,13,13,16,16,17,16,158,698,173,73,33,107,9.5,4,10,16.8,0.281,0.358,0.511,4.6,13,5,1.019, 0.54 
DH,K. Yao,TB,L,Normal,13,15,15,17,13,1,1,5,6,147,582,124,53,30,68,16.7,4,11,17.5,0.263,0.399,0.507,3.6,2,0,0, 20.56 
RF,B. Zimmer,NYY,L,High,11,15,13,14,5,15,14,19,13,157,734,155,74,26,73,11.2,2,10,32.7,0.242,0.337,0.444,2.9,16,1,1.016, 9.00 
SS,W. Adames,MIN,R,Normal,11,14,11,14,8,8,8,16,13,127,517,114,50,17,75,10.6,2,2,30.9,0.251,0.333,0.437,0.8,4,1,0.881, 12.41 
RF,L. Aldaz,LAD,R,High,14,14,3,9,17,8,17,20,20,104,296,56,17,1,21,7.1,0,9,15.5,0.211,0.291,0.289,-0.6,19,0,0.907, 0.54 
3B,L. Almanzar,PHI,R,Normal,13,14,13,9,9,16,16,20,17,150,654,159,56,30,105,4.9,2,3,23.7,0.259,0.298,0.454,2.7,13,1,1.032, 4.00 
3B,O. Arcia,ARI,R,Normal,16,14,9,10,16,17,10,16,18,157,711,215,56,14,77,9.3,1,4,13.6,0.339,0.402,0.478,6.1,20,9,1.001, 26.96 
CF,A. Baddoo,STL,L,Normal,11,14,11,12,8,16,17,20,15,161,688,145,54,22,83,7.4,3,7,28.3,0.232,0.296,0.394,1.7,35,2,1.004, 4.20 
C,W. Banfield,ATL,R,Normal,14,14,12,10,12,16,9,12,17,138,522,133,49,16,72,5.6,3,8,22,0.278,0.327,0.449,2.9,2,0,0.975, 0.89 
2B,L. Bautista,CWS,R,High,10,14,13,15,10,17,20,18,15,153,687,131,55,24,70,11.5,3,4,21.3,0.22,0.313,0.403,2.3,16,4,1.017, 0.54 
RF,A. Beck,SF,R,High,14,14,12,12,11,20,15,20,16,159,707,172,56,19,70,8.5,8,8,19.2,0.271,0.339,0.434,2.9,18,4,1.049, 7.25 
RF,W. Benson,PIT,L,Normal,11,14,15,13,6,14,14,20,16,143,452,103,42,21,57,9.7,4,6,31.9,0.259,0.34,0.472,2.3,10,1,0.989, 0.83 
1B,M. Betts,TOR,R,High,14,14,11,12,15,13,10,16,18,144,685,163,63,21,69,9.9,1,1,12.7,0.268,0.341,0.444,1.9,5,2,0.989, 17.02 
2B,X. Bogaerts,TOR,R,Normal,14,14,11,13,12,15,6,15,11,156,635,129,47,18,56,12.4,3,4,22.8,0.235,0.334,0.388,2.4,1,1,1, 33.19 
2B,D. Brito,PHI,L,Normal,14,14,9,13,13,15,14,15,18,146,614,142,48,12,69,10.1,0,1,16.4,0.262,0.336,0.407,2.5,8,5,1.024, 10.52 
3B,K. Bryant,MIA,R,Normal,12,14,17,14,5,11,6,16,12,160,676,152,72,38,95,12.4,3,16,32.5,0.265,0.373,0.526,5.1,2,0,1.029, 13.75 
1B,M. Carpenter,PHI,L,High,12,14,13,15,9,18,1,13,11,148,609,136,57,30,80,11,2,6,24,0.258,0.344,0.483,2.7,1,0,1.058, 10.86 
1B,N. Castellanos,BAL,R,Normal,13,14,12,10,10,17,9,10,8,76,266,65,29,12,49,4.9,0,3,20.7,0.265,0.308,0.482,0.8,3,0,0.926, 9.30 
DH,M. Conforto,MIN,L,Normal,12,14,13,14,8,1,6,13,14,156,657,136,64,28,85,14.2,8,9,24.5,0.247,0.363,0.477,2.1,2,0,0.973, 20.00 
C,W. Contreras,TOR,R,Normal,13,14,12,12,11,10,5,13,13,131,529,131,55,25,87,10.6,2,4,22.7,0.282,0.362,0.512,4.6,1,1,0.819, 8.86 
CF,D. Dahl,WAS,L,Normal,16,14,13,12,12,17,14,18,20,160,706,188,56,26,108,8.1,2,2,18.4,0.296,0.35,0.471,4.7,12,2,1.025, 16.97 
3B,R. Devers,MIA,L,Normal,15,14,14,11,11,13,14,19,12,160,663,174,60,32,85,9.5,2,3,19.9,0.294,0.362,0.505,4.1,12,2,1.007, 18.00 
SS,W. Garcia,PHI,S,High,13,14,7,12,13,17,17,19,19,153,666,163,53,19,82,9.6,1,4,16.8,0.277,0.348,0.438,3.8,15,5,0.991, 13.28 
CF,M. Gigliotti,CAR,L,Normal,12,14,4,9,12,8,10,20,19,156,656,176,51,8,59,3.8,0,1,18.1,0.282,0.309,0.398,1.3,22,1,0.984, 1.05 
1B,P. Goldschmidt,LAA,R,High,11,14,14,17,8,8,3,16,12,132,524,107,43,23,75,11.3,4,2,27.5,0.233,0.321,0.428,0.3,2,0,0.839, 7.53 
2B,D. Hamilton,STL,L,Normal,11,14,5,12,10,16,13,16,15,152,587,125,37,8,57,9.7,0,4,21.5,0.239,0.317,0.344,1,12,5,1.008, 0.54 
RF,I. Happ,ARI,S,Normal,13,14,11,15,9,13,8,19,15,148,551,126,41,17,93,12,0,3,22.9,0.265,0.355,0.424,2.6,10,2,1.06, 12.00 
RF,K. Hiura,COL,R,High,14,14,10,11,13,10,8,16,20,135,452,106,32,10,52,7.7,0,3,19.5,0.257,0.319,0.383,0,6,0,0.969, 2.80 
2B,J. Homan,CLE,S,Normal,11,14,8,14,13,18,16,14,10,64,253,39,14,6,23,11.9,0,1,16.2,0.177,0.278,0.305,-0.5,5,4,0.99, 0.54 
SS,S. Hurst,CHC,L,Normal,11,14,8,11,11,7,14,16,17,140,420,108,41,7,34,4.8,1,4,19.3,0.273,0.315,0.43,0.9,5,3,0.98, 0.54 
SS,R. Lewis,DET,R,Normal,15,14,10,13,12,15,17,20,20,155,745,190,56,16,97,9.4,0,1,15.2,0.289,0.354,0.426,4.4,38,4,1.026, 11.25 
RF,D. Lindsay,LAA,R,Normal,11,14,12,11,10,13,10,16,12,62,241,54,20,5,28,10.4,2,5,24.1,0.258,0.349,0.416,0.6,4,2,0.979, 1.30 
1B,J. MALCOM,POR,L,Normal,13,14,12,10,9,16,8,9,7,98,387,98,44,17,69,8.3,0,3,25.1,0.282,0.344,0.513,1.8,0,0,1.006, 0.54 
RF,B. Marsh,LAA,L,Normal,12,14,11,10,9,20,20,20,17,121,510,115,33,9,49,6.9,2,1,22.4,0.244,0.297,0.357,1.2,39,11,1.095, 0.54 
RF,T. Matheny,BOS,R,Normal,12,14,12,14,10,11,8,9,10,126,526,116,50,13,57,10.6,0,3,22.8,0.249,0.333,0.413,0.2,0,1,0.918, 2.20 
RF,N. Mazara,TEX,L,High,14,14,14,7,9,10,4,12,13,159,712,191,83,48,132,6.3,3,9,22.6,0.293,0.344,0.58,4.4,0,0,0.96, 15.51 
RF,G. Mitchell,CLE,L,Normal,13,14,13,12,9,18,17,20,16,137,606,163,59,29,105,12.7,6,1,21.1,0.312,0.398,0.54,6.2,32,8,1.065, 5.50 
CF,D. Montano,HOU,L,Low,13,14,9,11,10,16,13,15,19,127,458,92,34,11,53,8.3,4,6,19.9,0.225,0.298,0.367,0.7,3,3,1.017, 0.85 
2B,R. Mountcastle,NYY,R,High,12,14,12,8,10,10,7,15,17,78,281,77,28,12,44,3.6,1,0,21.7,0.287,0.31,0.485,0.5,2,1,0.909, 0.54 
C,J. Murphy,BAL,R,Normal,11,14,10,11,9,14,7,9,9,119,242,60,23,5,25,6.6,0,2,23.1,0.271,0.322,0.421,1.3,0,0,1.248, 3.00 
C,M. Pentecost,DET,R,High,13,14,10,9,10,13,8,11,12,121,473,120,41,9,71,7,3,9,22.4,0.28,0.344,0.418,2.3,1,1,1.005, 1.85 
SS,D. Perez,CIN,R,Normal,12,14,5,11,12,19,19,20,17,156,619,119,32,4,49,7.4,3,4,22.1,0.211,0.273,0.287,0.8,23,5,1.077, 7.50 
3B,J. Perez,TB,R,Normal,12,14,11,13,9,13,8,12,18,157,651,150,56,14,67,11.4,2,1,21.5,0.263,0.346,0.412,2.4,4,2,0.968, 0.54 
LF,H. Renfroe,TOR,R,Normal,10,14,15,10,8,13,10,12,15,62,246,48,27,15,42,6.9,1,5,25.6,0.214,0.285,0.473,0.2,1,0,0.972, 0.54 
LF,B. Rutherford,LAA,L,High,15,14,13,11,9,15,15,20,17,157,709,167,64,26,90,8.7,6,14,21.6,0.267,0.343,0.463,3.5,28,3,1.046, 26.00 
LF,L. Serrano,PHI,L,Normal,16,14,20,20,14,12,12,10,4,161,713,147,77,55,140,18.7,8,1,14.6,0.258,0.394,0.587,6,4,2,0.978, 10.25 
RF,M. Siani,LAD,L,High,14,14,10,12,11,17,14,17,16,141,565,123,38,14,59,8,5,7,19.6,0.242,0.31,0.375,-0.1,11,3,0.99, 0.54 
CF,J. Stewart,ATL,L,High,13,14,11,12,14,13,18,13,11,129,399,99,29,11,47,6.5,0,2,13,0.268,0.318,0.414,1.3,10,7,1.034, 0.54 
1B,T. Story,MIL,R,High,10,14,15,13,7,16,10,18,14,154,667,148,79,45,100,10.8,4,10,31.6,0.253,0.345,0.548,4.2,4,1,1.022, 6.99 
1B,D. Thompson,BOS,R,Normal,11,14,12,13,11,15,3,14,11,155,604,130,50,27,75,11.9,5,9,19.2,0.25,0.35,0.453,2.7,2,0,1.051, 5.10 
SS,R. Urena,TOR,S,High,13,14,11,8,11,15,11,16,20,156,654,162,69,31,107,5.4,0,2,22.3,0.267,0.307,0.49,2.7,5,2,0.97, 14.31 
RF,Y. Yano,TOR,R,Normal,15,14,14,13,16,15,11,12,7,153,709,180,73,38,140,12,1,11,11,0.297,0.389,0.55,6.1,2,1,1.014, 33.00 
2B,J. Aiello,ARI,S,High,13,13,11,11,10,16,11,14,18,154,689,168,59,24,87,6.2,0,8,21.6,0.266,0.318,0.437,2.8,9,2,1.005, 0.54 
CF,J. Allred,BAL,L,Normal,13,13,10,13,10,12,16,17,18,145,671,170,62,27,89,9.7,0,7,18.3,0.287,0.361,0.484,3.7,14,15,0.991, 3.36 
3B,J. Arauz,CWS,S,Normal,12,13,9,12,10,19,14,15,20,135,531,116,48,14,61,9.4,1,7,19.8,0.248,0.328,0.418,2.1,6,2,1.016, 1.89 
CF,L. Armenteros,SF,R,Normal,10,13,14,10,5,19,18,19,20,118,266,48,24,11,25,8.3,0,5,38,0.204,0.283,0.404,0.9,7,2,1.057, 0.54 
C,O. Baldo,STL,S,Normal,14,13,12,9,11,16,7,10,16,127,494,115,40,13,58,6.7,0,5,25.3,0.253,0.31,0.398,1.8,0,0,1.322, 0.54 
LF,J. Bauers,SF,L,Normal,15,13,12,14,13,14,10,18,17,158,676,184,72,33,124,10.9,2,3,19.8,0.31,0.386,0.545,4.8,4,1,0.97, 19.02 
1B,B. Belt,CIN,L,Normal,10,13,11,15,5,13,5,14,7,134,520,108,55,27,84,13.1,0,4,28.7,0.243,0.346,0.492,2.5,5,0,1.013, 3.20 
CF,H. Bishop,NYM,L,Low,11,13,8,11,10,13,19,19,20,133,396,80,21,8,32,5.3,1,1,27.3,0.217,0.258,0.32,-1.1,5,3,1.011, 0.54 
CF,J. Bradley Jr.,NYY,L,High,10,13,13,12,7,12,5,15,11,104,285,64,28,15,38,11.2,0,5,28.1,0.262,0.354,0.504,1.1,1,0,0.877, 1.20 
CF,C. Brannen,ARI,L,Normal,13,13,10,10,11,14,17,19,20,134,529,112,35,9,57,8.9,4,5,22.1,0.235,0.31,0.353,1,20,5,1.008, 8.91 
2B,A. Bregman,HOU,R,High,16,13,12,15,13,15,9,17,14,155,746,198,70,23,88,13,0,5,17.6,0.308,0.403,0.497,7.1,12,4,1.01, 17.00 
RF,D. Carlson,WAS,S,High,12,13,10,11,10,16,17,18,19,108,216,54,21,5,32,9.3,1,1,24.1,0.278,0.349,0.443,1,5,2,1.019, 0.54 
SS,W. Castro,NYY,S,High,12,13,10,8,12,12,13,18,20,158,632,157,52,17,62,6,1,7,19,0.27,0.322,0.425,1.8,7,6,0.958, 5.06 
RF,G. Celestino,HOU,R,Normal,12,13,11,12,10,13,11,19,14,122,493,115,34,17,57,10.1,0,3,22.7,0.263,0.341,0.428,1.2,5,4,0.985, 0.54 
CF,R. Cespedes,CLE,L,High,13,13,10,10,10,11,17,20,20,83,319,93,36,12,52,8.2,1,3,17.2,0.326,0.386,0.554,2.6,14,2,0.997, 0.80 
CF,T. Clark,TB,L,Normal,10,13,13,13,5,15,18,19,19,114,407,87,31,16,51,12,1,7,30.7,0.251,0.354,0.432,2.5,18,6,1.039, 10.03 
3B,K. Clemens,COL,L,Normal,14,13,9,9,13,14,13,14,20,152,644,156,49,17,77,6.1,2,9,18.5,0.264,0.318,0.41,1.3,10,9,0.985, 7.00 
C,T. Collett,BAL,L,Normal,11,13,13,9,8,10,6,10,13,117,407,99,34,19,49,5.4,0,3,26.5,0.26,0.305,0.454,2.1,1,1,1.16, 0.54 
LF,A. Comas,NYM,L,Normal,14,13,9,11,12,16,12,14,20,148,579,142,46,15,59,6.9,1,10,19.5,0.272,0.333,0.418,0.9,9,3,0.994, 0.54 
LF,A. Cosma,CWS,L,Normal,14,13,10,12,12,14,17,17,20,125,439,99,36,10,39,12.1,5,1,21,0.261,0.35,0.426,0.7,5,2,0.97, 5.50 
DH,D. Cozens,SEA,L,Normal,11,13,16,12,4,1,10,19,13,150,623,129,57,32,99,10.8,2,1,36.9,0.233,0.316,0.452,0.6,10,1,0.913, 3.70 
SS,J. Crawford,ARI,L,High,12,13,8,16,15,14,12,19,20,136,534,124,32,13,41,15.5,3,2,12.4,0.277,0.392,0.413,3.5,19,5,0.969, 13.00 
C,M. Curry,SF,R,Normal,10,13,11,11,9,14,6,8,13,80,249,53,20,10,28,8,2,14,24.1,0.25,0.354,0.443,1.4,0,0,0.624, 0.54 
2B,R. De La Torre,CIN,R,Normal,11,13,4,12,10,19,17,20,17,152,611,118,36,6,42,10,7,10,24.5,0.221,0.311,0.316,1,38,3,1.036, 1.27 
SS,M. De Leon,LAD,S,Normal,12,13,5,8,13,16,8,17,16,80,264,60,15,0,31,6.8,2,3,22,0.253,0.308,0.321,0.1,0,0,1.01, 1.20 
CF,Y. Diaz,LAD,R,Normal,13,13,11,13,11,12,19,20,19,155,692,158,46,26,74,10.4,9,2,20.2,0.256,0.335,0.42,2.7,35,11,0.996, 5.00 
LF,M. Donovan,TEX,R,High,12,13,17,13,10,11,16,10,11,105,345,75,37,20,64,12.2,6,2,27,0.251,0.347,0.515,1.1,1,0,0.956, 0.54 
3B,K. Enright,BAL,S,Normal,12,13,12,11,11,17,13,17,18,128,510,127,46,24,72,7.5,0,6,22.9,0.276,0.336,0.483,2.2,7,5,0.944, 0.85 
LF,E. Florial,NYY,L,High,10,13,14,13,5,17,17,20,15,69,210,41,19,10,24,8.6,0,1,37.6,0.218,0.287,0.426,0,6,2,0.936, 1.10 
3B,M. Franco,NYY,R,Normal,13,13,13,10,11,14,6,6,10,157,720,168,69,29,88,6.7,0,5,20.8,0.253,0.308,0.446,2.3,0,0,0.983, 27.19 
1B,C. Gillaspie,ARI,S,High,12,13,15,14,9,12,3,4,8,151,540,117,61,28,79,12.6,3,2,26.5,0.25,0.346,0.504,2.5,0,0,1.007, 11.00 
3B,N. Gordon,MIN,L,High,15,13,7,9,14,18,16,15,20,157,707,198,54,12,66,5.7,0,9,15.3,0.306,0.353,0.427,3.2,15,14,1.014, 14.00 
3B,K. Hernandez,NYM,L,High,11,13,8,13,9,16,17,18,19,144,577,121,45,13,52,10.7,1,16,24.1,0.243,0.345,0.396,2.4,15,3,1.002, 1.30 
3B,A. Ibanez,CWS,R,High,11,13,10,11,13,12,11,15,11,66,204,43,19,8,27,9.8,0,0,14.7,0.243,0.313,0.441,0.6,0,1,1.003, 6.00 
RF,J. Jones,CIN,R,High,13,13,11,13,11,17,19,20,20,156,702,152,50,17,78,9.8,13,4,18.1,0.244,0.321,0.384,1.5,32,11,1.064, 9.98 
RF,R. Laureano,CHC,R,High,11,13,9,13,8,14,17,20,12,146,569,130,45,15,57,9,4,15,26.7,0.259,0.344,0.415,2.3,23,2,0.985, 2.10 
LF,K. Lee,LV,L,Low,11,13,11,12,8,15,12,18,18,156,641,150,59,24,71,11.9,1,3,22.9,0.268,0.358,0.463,2.3,9,4,0.974, 2.60 
3B,J. Lowe,ATL,L,Normal,12,13,14,12,8,14,16,16,16,159,675,156,65,30,94,10.7,3,1,26.4,0.26,0.339,0.472,3.1,12,8,0.965, 0.54 
SS,G. Lux,WAS,L,Normal,15,13,9,13,12,16,15,17,18,159,712,181,41,8,67,10.1,1,4,16.2,0.29,0.364,0.386,3.2,15,10,1.011, 16.13 
3B,M. Machado,TEX,R,High,13,13,15,13,10,18,2,14,9,158,713,172,76,45,110,11.6,0,5,21.5,0.277,0.365,0.547,6.5,1,0,1.01, 36.50 
C,M. Melendez,CLE,L,Normal,12,13,12,12,6,19,11,9,20,127,528,118,41,12,59,9.5,4,1,33.3,0.249,0.321,0.395,1.6,2,2,1.044, 6.70 
DH,T. O'Neill,SEA,R,Normal,10,13,17,12,5,1,11,19,12,67,278,54,23,16,42,8.3,0,6,33.1,0.22,0.299,0.443,0.2,2,1,0.946, 2.50 
SS,L. Paez,BOS,R,Normal,12,13,9,9,11,19,16,19,20,156,675,164,63,10,52,5.8,1,9,21.8,0.264,0.315,0.406,2.1,6,7,1.043, 0.54 
RF,J. PIE,SEA,L,Normal,11,13,8,11,9,15,15,18,20,121,452,102,32,7,44,9.3,2,5,23.9,0.254,0.331,0.378,0.6,8,3,1.012, 0.54 
3B,J. Polanco,LV,S,Normal,11,13,9,11,13,14,9,17,14,105,320,80,40,9,38,9.4,0,1,15.3,0.278,0.347,0.497,2,2,1,0.99, 3.80 
1B,N. Pratto,BAL,L,Normal,15,13,13,12,11,17,12,12,15,153,698,201,72,35,102,11.3,1,1,17.8,0.328,0.403,0.561,6.3,6,4,1.037, 6.88 
CF,D. Quiceno,PIT,L,Normal,13,13,3,10,14,14,19,18,15,146,575,138,32,3,36,6.6,2,0,13.9,0.259,0.307,0.334,0,21,12,0.998, 3.36 
2B,A. Rendon,NYY,R,Normal,11,13,11,12,10,12,3,14,18,110,415,98,35,17,55,10.4,1,5,22.2,0.27,0.353,0.463,1.8,1,0,0.949, 5.00 
1B,J. Reyes,PIT,R,Normal,10,13,13,9,9,16,7,5,14,125,332,71,33,14,31,4.5,1,3,26.8,0.228,0.268,0.428,-0.2,1,1,1.004, 0.80 
3B,A. Riley,MIL,R,Normal,11,13,15,11,6,14,8,11,15,149,619,130,53,26,80,8.1,4,2,30,0.23,0.294,0.417,0.8,0,0,0.967, 4.00 
CF,L. Robert,MIN,R,Low,13,13,11,13,10,10,16,17,13,157,732,169,57,26,78,10.8,4,4,20.2,0.263,0.346,0.441,1.9,19,8,0.961, 8.13 
SS,B. Rodgers,HOU,R,High,15,13,13,10,12,14,15,20,19,152,698,177,62,26,90,9.7,1,16,19.3,0.292,0.374,0.481,5.3,16,2,0.96, 16.00 
3B,A. Rosario,SF,R,Normal,14,13,10,10,10,17,10,16,17,157,684,192,56,20,87,6.6,1,2,21.9,0.305,0.35,0.466,4.3,7,2,1.007, 14.00 
2B,A. Russell,LAA,R,High,13,13,13,13,11,18,2,18,20,155,722,161,66,34,91,10.7,1,15,17,0.259,0.353,0.478,5.5,2,1,1.04, 17.26 
2B,B. Rust,SF,L,Normal,14,13,10,5,19,15,7,4,1,79,321,83,35,15,46,4.4,0,7,9.3,0.28,0.325,0.5,1.6,0,0,0.966, 0.54 
C,G. Sanchez,NYY,R,Normal,13,13,16,10,8,15,7,6,9,125,500,107,53,34,65,8.4,2,3,29.8,0.237,0.304,0.506,2.9,0,0,0.856, 15.45 
DH,K. Schwarber,MIL,L,Normal,10,13,16,14,5,1,2,9,14,146,619,107,61,40,103,15,1,8,33.6,0.207,0.337,0.484,2,0,0,0.99, 16.00 
2B,Y. Severino,LV,S,Normal,13,13,12,12,11,17,10,14,19,157,621,164,66,30,86,11.8,3,6,21.4,0.304,0.391,0.542,5.8,12,3,0.988, 6.25 
2B,G. Shuman,BOS,R,Normal,10,13,7,10,18,18,4,8,7,77,292,75,29,8,36,4.8,0,0,5.5,0.273,0.305,0.44,1,0,0,1.046, 0.54 
RF,J. Sierra,CHC,L,High,12,13,13,11,8,15,8,11,15,146,454,87,30,15,39,7.5,1,3,29.3,0.21,0.274,0.357,-0.6,1,0,1.003, 0.54 
C,E. Skoug,COL,L,High,12,13,14,10,10,10,5,3,11,141,559,151,65,33,102,5.2,0,0,23.4,0.288,0.323,0.543,3.7,0,0,1.009, 13.75 
RF,J. Soler,BAL,R,Normal,10,13,13,13,6,15,9,10,11,111,417,74,33,17,55,9.8,1,4,33.1,0.201,0.285,0.382,-0.6,1,0,0.995, 15.00 
3B,F. Tatis Jr.,POR,R,High,13,13,14,10,9,19,15,19,19,156,671,146,58,25,90,7,1,3,26.5,0.237,0.293,0.413,1.9,15,3,1.04, 5.07 
LF,C. Yelich,ATL,L,Normal,20,13,18,13,13,12,5,18,14,131,569,182,65,43,112,11.2,5,2,15.8,0.363,0.437,0.669,7.5,4,0,0.97, 30.23 
C,A. Yerzy,HOU,L,High,11,13,14,8,9,8,10,7,16,123,498,115,52,23,68,7,1,4,20.9,0.253,0.309,0.474,2.3,3,1,0.752, 0.54 
C,R. Adams,WAS,R,High,11,12,10,11,9,13,9,15,13,132,518,120,36,14,77,8.9,3,12,23.4,0.265,0.345,0.407,2.5,1,0,1.173, 0.54 
SS,A. Ademan,CAR,L,Normal,12,12,8,12,11,18,15,18,18,160,635,147,51,8,47,6.6,1,0,21.4,0.251,0.3,0.374,1.9,22,6,1.036, 4.50 
C,J. Alfaro,BOS,R,Normal,10,12,12,5,6,18,8,11,12,118,450,98,36,11,43,3.8,1,10,33.8,0.233,0.278,0.371,0.9,0,0,1.137, 7.50 
1B,Y. Alvarez,LAD,L,Normal,13,12,13,13,11,12,8,11,15,131,566,134,46,17,63,10.8,2,1,20.7,0.268,0.347,0.434,1.5,1,1,0.965, 5.50 
CF,M. Aparicio,CIN,L,Normal,10,12,4,9,8,17,13,19,17,109,202,45,14,5,17,9.9,4,1,19.8,0.249,0.327,0.392,0.8,7,0,1.053, 0.80 
RF,S. Beer,BAL,L,High,14,12,15,14,11,12,14,17,16,152,671,152,58,35,123,11.2,5,9,17.7,0.263,0.352,0.492,3.3,11,0,0.97, 16.00 
LF,K. Bell,STL,L,High,12,12,14,11,8,18,8,12,14,161,726,146,56,31,86,6.9,0,4,27.5,0.22,0.278,0.401,0.2,3,5,1.015, 0.54 
1B,J. Bellinger,BOS,L,High,9,12,12,11,8,15,7,10,17,114,450,92,44,22,65,6.7,1,3,28.9,0.224,0.278,0.439,-0.4,0,0,0.989, 0.54 
C,C. Betts,MIN,L,Normal,9,12,11,12,6,12,9,9,9,84,318,71,29,14,41,6.9,1,5,27.7,0.246,0.308,0.443,1.2,0,0,0.993, 2.00 
2B,M. Brito,BAL,S,Normal,14,12,5,12,12,17,13,19,20,127,525,129,29,5,47,10.1,1,8,17.1,0.28,0.363,0.372,2.2,8,1,1.035, 2.40 
C,V. Caratini,CHC,S,Normal,10,12,8,12,11,9,4,7,13,114,340,83,21,5,28,7.9,4,5,18.5,0.271,0.338,0.373,0.8,0,0,0.907, 1.34 
RF,Y. Cespedes,COL,R,High,11,12,14,10,9,11,6,12,13,145,410,85,42,19,55,8.3,2,4,28.5,0.23,0.3,0.447,-0.2,1,0,0.946, 1.60 
1B,Z. Collins,CWS,L,Normal,13,12,16,13,8,10,3,2,7,155,649,142,66,32,91,8.9,5,0,27.1,0.242,0.308,0.468,0.2,0,0,0.908, 15.00 
2B,A. Cordoba,LAD,R,Normal,12,12,3,12,15,16,17,20,14,154,688,146,42,5,47,8.1,0,10,15.7,0.238,0.31,0.326,0.9,26,4,1.01, 5.00 
C,H. Danner,LAA,R,Normal,12,12,12,11,11,14,7,7,15,100,368,82,27,15,62,6.5,0,2,24.7,0.248,0.298,0.424,1,0,1,1.048, 0.54 
1B,L. Diaz,DET,L,Normal,12,12,15,9,10,10,5,8,13,148,651,173,82,45,136,7.1,0,10,24,0.295,0.352,0.59,4.3,1,0,1.043, 3.50 
1B,W. Flores,CIN,R,High,11,12,11,8,13,13,1,8,9,92,263,70,26,10,40,7.2,2,4,19,0.294,0.355,0.487,0.9,0,0,0.954, 1.50 
3B,J. Gallo,LV,L,Normal,10,12,20,11,3,12,5,5,8,155,625,139,91,64,126,9.3,3,4,38.2,0.25,0.323,0.648,5.4,0,0,0.984, 14.00 
3B,D. Garcia,CHC,R,Normal,9,12,16,13,3,12,9,16,20,158,649,118,46,30,73,9.2,5,9,36.4,0.204,0.288,0.391,0.5,8,0,0.988, 0.54 
3B,G. Guerrero,PIT,R,Normal,12,12,11,12,10,17,5,19,17,157,642,144,43,13,60,9.5,0,7,22.4,0.254,0.331,0.375,1.9,5,1,1.021, 3.73 
RF,B. Harper,MIA,L,Normal,15,12,18,18,9,11,9,17,13,161,692,169,88,56,114,16.5,5,4,23.4,0.296,0.415,0.647,8,8,5,0.963, 22.60 
3B,K. Hayes,COL,R,Normal,13,12,11,9,11,17,8,14,13,153,612,156,51,22,77,6,4,4,22.5,0.276,0.323,0.444,2.3,3,3,1.048, 7.00 
C,R. January,CAR,L,Normal,10,12,13,12,7,9,7,12,14,134,544,114,47,16,57,8.5,0,7,26.5,0.233,0.307,0.399,1.9,4,0,0.946, 9.38 
CF,P. Kelley,CAR,S,High,13,12,5,12,12,18,19,19,20,159,638,136,39,2,46,7.2,10,8,19.4,0.237,0.299,0.32,0,17,3,1.038, 0.54 
RF,R. Kidd,DET,L,High,15,12,14,14,12,14,8,15,19,153,639,148,45,30,78,14.2,6,1,16.3,0.276,0.376,0.474,3.1,3,2,0.993, 0.54 
SS,C. Kieboom,DET,R,Normal,12,12,11,13,11,11,6,11,14,56,211,56,14,6,38,13.3,2,0,19.4,0.308,0.398,0.451,1.3,0,0,0.976, 4.87 
RF,K. Kwon,MIL,L,Normal,12,12,8,12,10,18,14,18,16,154,641,149,56,16,59,8.6,3,8,23.1,0.26,0.332,0.415,2.8,5,1,1.011, 6.00 
2B,D. Leyba,SEA,S,Normal,12,12,8,11,13,15,10,17,18,135,596,136,42,14,57,9.1,0,3,18.5,0.256,0.327,0.387,2.1,7,0,1.004, 5.60 
C,E. Marrero,PHI,S,Normal,13,12,8,12,13,16,9,12,16,129,515,120,33,12,51,10.9,6,3,15.7,0.264,0.348,0.39,2.5,3,2,1.173, 8.50 
RF,S. Matias,LV,R,Normal,11,12,19,17,5,16,13,19,18,153,621,113,63,36,84,17.2,6,0,32.7,0.221,0.355,0.484,3,15,2,0.99, 11.88 
1B,J. Naylor,MIA,L,Normal,13,12,16,6,11,4,1,19,16,99,233,53,19,10,29,3,1,2,24.9,0.239,0.268,0.419,-0.1,0,0,0.959, 6.90 
2B,K. Newman,CHC,R,High,13,12,5,14,16,8,9,17,15,147,615,149,43,11,44,9.6,2,4,11.5,0.272,0.347,0.4,0.3,15,4,0.879, 9.54 
SS,F. Nova,HOU,R,Normal,13,12,12,8,11,12,18,18,16,74,252,81,30,20,59,4.4,0,2,17.5,0.345,0.373,0.651,3.3,9,0,1.009, 0.54 
DH,R. O'Hearn,SEA,L,Normal,11,12,15,12,5,1,4,10,9,133,524,123,55,31,71,11.6,1,3,30.9,0.27,0.359,0.526,2.7,0,0,0.944, 6.10 
RF,J. Ortiz,CHC,R,Normal,10,12,15,10,7,15,10,18,15,115,316,58,27,17,33,6,0,7,32.6,0.201,0.267,0.42,-0.4,3,2,0.936, 1.90 
LF,J. Pederson,TEX,L,Normal,9,12,16,16,6,15,9,14,12,130,535,98,48,24,53,12.1,3,9,28,0.214,0.323,0.425,1.1,1,0,0.995, 16.30 
SS,W. Perez,CWS,S,High,13,12,4,11,12,19,18,20,20,131,557,145,40,9,46,5.7,0,6,18.3,0.281,0.33,0.409,2.7,17,2,1.031, 0.85 
LF,G. Polanco,CHC,L,Normal,12,12,11,13,10,13,7,14,15,142,468,96,38,19,48,7.5,2,0,24.6,0.222,0.28,0.403,-1.2,0,1,0.96, 2.80 
3B,A. Rangel,SEA,R,Normal,10,12,12,10,7,13,6,14,11,107,415,66,27,11,42,6.3,0,14,32,0.178,0.256,0.31,-1.6,2,2,0.936, 0.54 
RF,V. Robles,TB,R,Normal,15,12,11,11,12,16,14,19,20,150,679,172,53,21,72,6.2,5,23,18.9,0.283,0.35,0.449,3.3,22,8,1.001, 8.93 
C,K. Ruiz,NYY,S,Normal,11,12,9,9,15,13,7,9,14,109,426,102,32,8,42,5.6,1,9,14.3,0.264,0.318,0.391,1.4,1,1,0.955, 0.54 
1B,G. Salazar,NYM,L,High,12,12,13,10,13,17,6,6,5,155,660,167,69,39,103,6.2,1,19,15.9,0.28,0.344,0.532,4.2,1,0,1.047, 0.54 
2B,D. Sands,TEX,R,High,13,12,10,10,11,11,9,13,15,82,291,67,22,8,31,9.3,0,2,23,0.256,0.33,0.405,0.5,0,1,0.931, 0.54 
1B,M. Sano,HOU,R,High,10,12,17,13,4,17,8,13,14,159,674,142,78,47,120,11.1,4,5,33.4,0.241,0.33,0.537,3.5,3,1,1.042, 15.00 
2B,M. Semien,NYM,R,Normal,12,12,14,13,12,11,7,14,11,161,667,154,47,26,80,10.3,0,2,20.5,0.261,0.337,0.438,2.9,2,2,0.977, 20.00 
C,C. Sisco,CIN,L,Normal,14,12,8,13,10,9,8,9,11,136,535,128,34,11,55,10.1,5,6,21.3,0.271,0.351,0.389,2.3,2,0,0.997, 23.00 
1B,D. Smith,TEX,L,Normal,13,12,12,10,13,15,1,9,12,156,633,149,45,23,60,7.3,2,2,19,0.257,0.311,0.416,0.5,0,0,1.022, 15.50 
2B,K. Smith,SF,R,Normal,12,12,10,10,10,16,12,14,16,130,482,110,36,13,63,7.1,4,6,26.1,0.253,0.312,0.4,1.2,0,0,1.001, 0.54 
CF,L. Soto,CLE,L,Normal,13,12,10,10,14,18,19,19,19,144,646,169,52,14,67,6,2,9,14.7,0.286,0.336,0.429,3.5,32,8,1.042, 0.54 
3B,E. Stevens,LAD,S,High,13,12,11,12,12,20,10,14,20,158,635,152,44,15,82,10.2,1,4,18.7,0.271,0.349,0.409,3.4,3,4,1.048, 0.54 
C,A. Toro-Hernandez,HOU,S,Normal,11,12,9,11,9,13,12,12,14,100,220,55,19,6,21,6.8,0,3,22.3,0.272,0.332,0.441,1.3,3,0,1.005, 1.50 
LF,T. Trammell,CIN,L,High,13,12,12,11,11,16,18,20,14,160,674,170,50,20,72,7.4,3,4,20.6,0.276,0.333,0.425,2.1,24,5,0.993, 7.19 
LF,J. Tromp,PHI,R,Normal,10,12,16,16,6,9,7,12,12,112,225,49,24,14,36,13.8,0,0,29.3,0.253,0.356,0.526,1.2,0,0,0.853, 15.00 
RF,E. Verschueren,BOS,R,High,10,12,16,10,13,13,12,5,4,56,210,39,15,9,31,7.6,2,1,20,0.205,0.267,0.379,-0.7,0,1,0.967, 0.54 
C,M. Viloria,CWS,L,Normal,13,12,11,13,12,14,8,6,13,124,520,125,32,12,54,10.4,2,8,17.5,0.277,0.36,0.408,3.1,0,0,1.092, 7.00 
C,M. Zunino,ARI,R,Normal,9,12,12,10,6,13,4,9,9,93,350,60,35,12,39,6.6,7,7,35.4,0.189,0.257,0.379,0,0,0,0.924, 9.00 
LF,R. Acuna,POR,R,Normal,14,11,12,12,12,17,13,20,20,144,625,148,55,21,76,8.2,3,9,17.9,0.268,0.335,0.449,2.5,22,5,0.995, 8.93 
C,J. Avers,SEA,R,Normal,10,11,10,11,9,15,10,12,15,92,352,72,22,11,34,8,1,1,24.4,0.224,0.287,0.361,0.7,3,1,1.092, 0.54 
1B,L. Aviles,CAR,R,Normal,11,11,12,11,13,16,8,13,12,157,643,148,51,19,73,6.4,2,4,18.2,0.249,0.3,0.401,0.7,2,0,0.958, 15.00 
1B,C. Bellinger,SF,L,High,12,11,17,15,8,16,5,18,14,161,701,168,77,42,122,11.7,2,3,25.2,0.275,0.361,0.539,5,0,1,1.048, 18.80 
RF,J. Berenbaum,BOS,L,Normal,9,11,11,10,8,11,12,14,10,125,486,122,51,16,61,4.9,0,6,26.1,0.271,0.314,0.456,0.7,4,0,0.965, 0.54 
2B,R. Birk,BOS,L,Normal,11,11,8,13,12,8,8,13,14,121,508,112,30,10,44,10.8,3,6,13.8,0.255,0.343,0.37,0,2,1,0.918, 2.10 
CF,J. Capellan,CIN,S,Normal,12,11,6,11,13,18,17,18,20,123,440,103,26,9,63,8,4,2,16.1,0.259,0.318,0.372,1,9,7,1.029, 0.54 
SS,C. Case,MIL,S,Normal,12,11,8,13,11,14,18,18,19,153,723,164,47,12,65,10.8,0,6,19.6,0.259,0.345,0.378,2.2,12,5,0.973, 0.54 
C,B. Cumberland,CHC,S,High,11,11,7,14,10,8,5,6,8,93,339,74,25,10,30,10,1,6,19.5,0.25,0.338,0.402,1.2,0,0,0.832, 4.02 
CF,A. Flores,TEX,R,High,9,11,9,9,12,17,14,20,20,148,543,121,45,15,68,6.1,0,4,21,0.243,0.291,0.4,1.8,6,0,1.035, 0.54 
CF,C. Frazier,NYY,R,High,10,11,15,12,4,7,11,18,16,100,400,85,40,26,52,10.5,2,3,35.5,0.241,0.326,0.51,1.3,3,0,0.925, 9.50 
2B,L. Garcia,POR,L,Normal,12,11,11,12,11,19,20,20,15,158,720,172,43,18,59,7.9,0,6,17.4,0.265,0.328,0.388,3.4,47,13,1.04, 0.54 
3B,J. Gerstenmaier,WAS,R,Normal,12,11,11,11,12,12,15,18,16,106,258,56,21,8,22,7.8,1,2,17.4,0.239,0.304,0.402,0.1,0,1,0.95, 0.54 
SS,J. Gil,CAR,S,Normal,11,11,4,11,11,18,20,17,20,133,485,99,27,7,38,7.4,3,10,17.9,0.229,0.3,0.337,1.4,10,5,1.083, 0.54 
2B,A. Gimenez,CIN,L,High,13,11,4,11,13,20,18,19,20,161,671,173,40,8,64,6.1,2,4,14.9,0.279,0.327,0.373,2.5,34,10,1.067, 5.40 
RF,J. Hart,CAR,R,Normal,12,11,13,10,10,13,14,14,18,160,656,152,61,34,91,7.3,5,10,26.2,0.255,0.321,0.477,2.1,6,2,0.981, 0.54 
C,A. Hedges,LV,R,High,11,11,13,9,11,20,7,5,7,124,484,111,40,18,44,6.8,4,4,23.8,0.251,0.307,0.422,2,0,0,1.274, 22.00 
CF,A. Hernandez,LV,R,High,11,11,11,10,9,16,20,20,20,143,537,113,42,14,57,6.1,7,10,26.6,0.23,0.291,0.374,0.2,18,3,1.028, 0.54 
C,J. Holland,LAD,R,Normal,12,11,13,8,9,15,7,11,15,68,249,55,17,8,32,4,0,2,24.9,0.233,0.269,0.381,0.4,0,0,0.884, 0.54 
C,J. Jhang,LAA,L,Normal,13,11,4,8,15,12,6,9,12,72,274,59,14,1,24,6.6,0,4,17.2,0.235,0.296,0.299,0,0,0,0.899, 1.80 
1B,A. Kirilloff,CLE,L,Normal,15,11,14,12,11,11,12,14,18,157,699,197,55,25,107,8.2,5,9,18.2,0.315,0.377,0.488,2.7,12,7,0.91, 6.60 
SS,J. Marte,PIT,S,Normal,11,11,7,10,11,20,19,20,19,119,509,111,27,9,31,4.9,0,4,20.6,0.233,0.275,0.33,0.4,23,11,1.032, 1.02 
3B,B. McConnell,COL,R,Normal,11,11,6,11,10,17,15,17,20,107,276,56,16,3,14,8.3,1,1,25.4,0.224,0.29,0.324,-0.3,4,1,1.009, 0.54 
3B,J. Morgan,MIL,R,High,13,11,6,11,14,16,2,18,16,153,638,163,55,20,75,6.6,2,7,17.1,0.277,0.332,0.447,2.5,0,0,0.98, 3.60 
1B,B. Muniz,HOU,R,Normal,10,11,15,17,9,8,7,8,10,159,680,136,63,38,107,14.4,2,2,24.9,0.237,0.347,0.478,2.2,1,1,1.043, 3.50 
C,T. Nido,PIT,R,High,12,11,11,8,11,14,7,4,10,113,434,91,24,7,41,8.3,1,0,21.7,0.233,0.293,0.338,0.6,0,0,1.134, 1.04 
RF,V. Reyes,LV,S,Normal,12,11,9,9,11,12,9,15,12,94,208,56,12,4,19,5.3,0,0,23.1,0.286,0.322,0.393,0.3,2,0,0.95, 0.80 
C,M. Rivera,TB,R,High,10,11,10,8,9,17,4,5,11,79,297,70,24,8,35,6.1,0,1,24.6,0.255,0.301,0.401,1.2,0,0,1.092, 0.54 
SS,K. Simmons,LV,R,Normal,12,11,9,10,10,18,20,20,18,147,556,119,44,15,62,7.2,3,8,26.1,0.236,0.3,0.384,2.6,23,1,1.062, 0.75 
CF,J. Soto,NYM,L,Normal,12,11,5,12,10,13,17,18,20,146,570,122,32,8,32,8.9,2,15,21.6,0.243,0.33,0.34,0.7,23,15,0.994, 3.20 
RF,G. Springer,MIN,R,High,10,11,14,14,5,10,6,15,12,140,578,102,44,22,58,9.7,2,13,37.4,0.201,0.296,0.375,-0.7,3,0,0.958, 3.10 
1B,R. Tapia,PIT,R,Normal,11,11,13,13,8,16,13,14,16,110,368,78,27,15,46,10.3,0,3,25.8,0.239,0.323,0.414,0.7,4,0,1.011, 0.54 
C,H. Taylor,STL,R,Normal,11,11,13,12,10,14,8,6,10,79,240,39,14,6,25,15,9,6,26.7,0.202,0.339,0.337,0.1,0,0,0.794, 3.00 
1B,R. Tellez,LV,L,Normal,12,11,16,13,9,13,4,6,11,160,683,151,68,40,110,9.5,0,8,23,0.25,0.329,0.497,2.5,0,0,1.005, 28.22 
SS,B. Turang,ATL,L,Normal,15,11,3,12,13,13,13,18,20,151,618,166,49,5,60,7.8,0,4,20.7,0.295,0.353,0.406,1.7,14,9,1.04, 0.54 
CF,D. Waters,PIT,S,Normal,12,11,8,6,9,15,15,20,18,116,334,68,16,4,31,3.3,4,11,24.9,0.219,0.27,0.299,-1.1,7,2,1.032, 0.54 
1B,D. White,MIN,R,High,11,11,11,7,10,19,6,9,9,125,489,101,32,10,50,6.1,3,23,24.3,0.234,0.316,0.354,0.1,2,0,1.055, 0.54 
SS,I. Willis,NYM,R,Normal,12,11,7,14,12,9,12,16,15,151,624,117,28,8,45,9.6,2,3,19.2,0.211,0.289,0.292,-2.3,7,1,0.893, 0.54 
SS,O. Albies,CLE,S,Normal,11,10,6,12,13,13,17,19,20,124,520,146,36,11,50,7.9,0,9,15.2,0.313,0.378,0.448,4,27,8,1.015, 6.93 
2B,S. Alemais,PIT,R,High,12,10,5,7,13,15,10,16,13,76,289,69,20,6,24,3.8,1,3,18.7,0.254,0.288,0.375,0.1,4,1,1.002, 0.54 
C,A. Allen,LV,L,Normal,11,10,10,10,12,8,2,4,11,70,216,57,16,5,34,6,0,1,19,0.286,0.33,0.417,0.7,0,0,1.087, 2.20 
RF,B. Boissiere,TOR,L,High,14,10,5,12,14,13,16,18,18,67,252,53,13,3,28,13.5,1,6,13.9,0.251,0.371,0.36,0.1,10,7,0.942, 0.54 
1B,B. Bradley,NYY,L,Low,11,10,18,12,4,8,1,10,6,160,681,138,75,53,114,9.4,4,7,36.7,0.227,0.307,0.525,3.1,0,0,0.902, 9.03 
C,C. Coulter,MIA,R,High,10,10,12,9,9,16,6,12,14,105,311,72,24,11,46,5.5,4,10,25.7,0.256,0.319,0.427,1.3,0,0,1.044, 2.59 
SS,X. Edwards,DET,S,Normal,14,10,5,15,14,20,19,19,16,154,634,155,32,8,54,13.2,6,4,17.7,0.29,0.388,0.389,5.5,14,6,1.135, 0.54 
RF,M. Galloway,TOR,L,Low,9,10,15,11,8,9,17,18,20,116,487,125,59,41,99,10.1,0,5,24.8,0.291,0.368,0.62,4.3,18,4,1.043, 0.54 
C,J. Hancock,DET,L,Normal,10,10,9,11,9,12,6,7,12,94,382,78,18,2,31,7.6,1,7,26.4,0.23,0.302,0.298,-0.2,0,1,0.805, 2.00 
C,G. Helms,MIN,R,Normal,10,10,11,13,8,14,9,1,1,85,327,70,31,22,59,10.1,0,7,28.7,0.246,0.337,0.511,2.4,0,0,0.816, 0.54 
3B,B. Lizardo,BOS,S,Normal,11,10,10,9,10,11,10,12,15,140,625,154,54,17,55,4.5,1,14,21.3,0.265,0.315,0.418,1.7,2,1,0.993, 0.54 
SS,T. Marcano,PIT,L,Normal,12,10,7,12,13,15,10,10,15,131,478,111,33,15,39,7.1,4,3,18.6,0.254,0.31,0.4,1,2,4,1.006, 0.54 
SS,R. Martin,TEX,R,High,10,10,4,11,9,18,15,13,18,155,576,128,35,6,38,6.9,0,14,24,0.247,0.317,0.347,1.6,5,6,1.031, 1.40 
2B,A. Mata,CWS,L,Normal,12,10,14,10,10,20,18,13,16,128,497,118,42,20,64,5,0,6,23.7,0.254,0.3,0.435,2.1,6,1,1.063, 0.54 
C,F. Mejia,MIL,S,High,12,10,9,8,13,16,8,12,11,78,282,68,18,6,26,4.6,0,6,16.3,0.261,0.311,0.375,1,1,0,1.191, 14.00 
C,T. Moore,NYM,L,Normal,9,10,11,11,7,10,2,4,10,123,470,99,34,17,52,10.6,5,3,28.3,0.242,0.326,0.408,1.7,0,0,0.926, 3.40 
1B,M. Morrow,COL,L,Normal,11,10,9,14,11,10,5,11,13,152,480,99,24,10,43,12.1,0,4,20.8,0.239,0.335,0.345,0,1,1,1.006, 0.77 
C,I. Mota,SF,R,High,10,10,11,9,7,17,10,10,13,112,406,81,23,11,41,7.9,6,3,29.6,0.221,0.286,0.346,0.3,0,0,1.044, 0.54 
C,S. Murphy,MIL,R,Normal,10,10,10,12,10,16,8,10,12,91,353,88,30,13,38,8.5,1,4,22.7,0.278,0.346,0.459,2.2,0,1,0.917, 3.50 
1B,J. Rizzo,TB,L,High,14,10,19,8,10,11,8,10,16,161,710,186,92,61,135,7.7,4,6,22.7,0.288,0.348,0.625,5.5,2,2,0.988, 15.78 
CF,L. Taveras,CWS,S,Normal,13,10,8,11,12,12,18,18,20,104,376,82,28,10,34,8,2,3,19.9,0.24,0.307,0.387,0.3,3,0,1.014, 0.95 
LF,T. Taylor,MIL,R,Normal,11,10,7,10,12,18,12,14,19,84,271,64,24,6,26,8.1,1,6,18.5,0.264,0.339,0.417,1.3,1,0,1.017, 1.10 
SS,G. Torres,ATL,R,High,13,10,12,9,11,16,16,19,15,158,632,139,42,18,80,5.4,4,4,20.1,0.236,0.28,0.372,0.5,14,7,1.015, 27.50 
DH,J. Urena,NYY,R,Normal,12,10,18,8,13,1,5,10,12,155,656,154,69,47,103,4.7,1,3,19.1,0.248,0.287,0.511,1,0,0,0.98, 3.06 
RF,E. Ventura,CWS,R,Normal,12,10,13,13,11,13,10,14,13,129,516,119,32,11,53,7.4,4,1,22.1,0.25,0.306,0.374,-0.8,4,3,0.973, 0.54 
C,G. Wolforth,POR,S,High,10,10,9,10,11,18,10,16,14,57,214,41,12,3,24,7,1,8,20.1,0.215,0.299,0.319,0.5,6,1,1.028, 0.54 
SS,S. Alcantara,CHC,S,Normal,11,9,3,12,12,16,13,16,17,156,635,136,25,3,42,8.7,4,2,18.3,0.237,0.304,0.296,0.3,10,7,1.022, 0.54 
C,Y. Grandal,POR,S,Normal,8,9,13,13,5,10,6,3,6,108,406,70,33,17,49,10.3,0,3,26.1,0.196,0.285,0.388,1.2,0,0,1.008, 5.50 
SS,F. Lindor,SEA,S,High,13,9,8,8,13,17,9,18,19,142,598,162,43,22,71,6.4,0,1,18.7,0.291,0.336,0.451,3,1,1,0.969, 4.00 
SS,Z. Prajzner,STL,R,Normal,11,9,5,13,11,19,16,20,20,162,602,117,30,8,48,10.6,13,9,21.6,0.223,0.316,0.31,1.5,24,4,1.055, 0.54 
C,B. Rortvedt,ARI,L,High,11,9,9,8,12,16,11,13,16,80,290,73,19,9,42,6.6,5,5,18.3,0.278,0.336,0.418,1.3,3,0,0.977, 7.00 
C,J. Vazquez,TEX,R,Normal,14,9,16,10,16,11,2,6,4,137,576,150,72,45,110,6.3,1,8,13.5,0.284,0.337,0.59,5.2,0,0,0.893, 16.56 
1B,B. Wernes,ARI,R,Normal,12,9,13,13,11,17,6,8,11,98,255,60,18,10,33,12.2,2,0,17.3,0.269,0.357,0.444,1,1,0,1.083, 0.54 
SS,L. Guzman,POR,R,Low,11,8,16,11,12,18,12,14,14,146,534,116,42,32,84,9.6,2,3,19.5,0.244,0.319,0.466,3.3,4,6,1.053, 6.20 
2B,J. Amaya,CAR,R,Normal,11,7,5,11,15,19,13,20,17,101,273,65,11,2,16,6.6,0,4,16.1,0.259,0.319,0.327,0.5,4,2,1.038, 0.54 
