human_manager_id,team_id,year,league_id,sub_league_id,division_id,level_id,split_id,position,g,gs,tc,a,po,e,dp,tp,pb,sba,rto,er,ip,ipf,pct,range,rtop,cera
1,52,2020,145,1,1,0,0,0,0,0,525,144,377,4,21,0,0,5,0,0,1131,0,0.9924,4.1459,0.0000,0.0000
1,52,2021,145,1,1,0,0,0,0,0,0,0,0,0,0,0,0,0,0,0,0,0,0.0000,0.0000,0.0000,0.0000
2,39,2017,145,1,2,0,0,0,0,0,6053,1619,4352,82,341,0,11,107,38,0,13059,0,0.9865,4.1151,0.3551,0.0000
2,39,2018,145,1,2,0,0,0,0,0,6114,1634,4396,84,349,0,21,109,44,0,13188,0,0.9863,4.1151,0.4037,0.0000
2,39,2019,145,1,2,0,0,0,0,0,6138,1681,4370,87,344,0,4,94,22,0,13110,0,0.9858,4.1540,0.2340,0.0000
2,39,2020,145,1,2,0,0,0,0,0,6068,1598,4370,100,344,0,14,115,34,0,13110,0,0.9835,4.0970,0.2957,0.0000
2,39,2021,145,1,2,0,0,0,0,0,6053,1609,4348,96,321,0,14,139,38,0,13047,0,0.9841,4.1092,0.2734,0.0000
2,39,2022,145,1,2,0,0,0,0,0,6047,1613,4340,94,387,0,11,147,41,0,13026,0,0.9845,4.1131,0.2789,0.0000
2,39,2023,145,1,2,1,0,0,0,732,5967,1559,4307,101,372,0,11,174,35,0,12921,0,0.9831,4.0859,0.2011,0.0000
2,39,2024,145,1,2,1,0,0,0,1468,5975,1517,4367,91,354,0,13,130,32,0,13104,0,0.9848,4.0412,0.2462,0.0000
2,39,2025,145,1,2,1,0,0,0,1468,5896,1517,4294,85,411,3,21,137,22,0,12882,0,0.9856,4.0599,0.1606,0.0000
2,39,2026,145,1,2,1,0,0,0,1468,5926,1554,4276,96,360,0,15,151,24,0,12828,0,0.9838,4.0903,0.1589,0.0000
2,39,2027,145,1,2,1,0,0,0,1468,5973,1514,4349,110,385,0,15,144,32,0,13047,0,0.9816,4.0444,0.2222,0.0000
2,39,2028,145,1,2,1,0,0,0,1468,5997,1566,4339,92,354,0,11,142,30,0,13017,0,0.9847,4.0827,0.2113,0.0000
2,39,2029,145,1,2,1,0,0,0,1468,6024,1530,4402,92,385,0,15,117,27,0,13206,0,0.9847,4.0427,0.2308,0.0000
2,39,2030,145,1,2,1,0,0,0,1468,5823,1400,4338,85,297,0,19,108,33,0,13014,0,0.9854,3.9682,0.3056,0.0000
2,39,2031,145,1,2,1,0,0,0,1477,5892,1453,4368,71,352,0,24,136,33,0,13104,0,0.9879,3.9979,0.2426,0.0000
2,39,2032,145,1,2,1,0,0,0,1468,5950,1448,4405,97,324,0,10,110,28,0,13215,0,0.9837,3.9862,0.2545,0.0000
2,39,2033,145,1,2,1,0,0,0,1468,5921,1428,4394,99,389,0,17,121,32,0,13182,0,0.9833,3.9750,0.2645,0.0000
2,39,2034,145,1,2,1,0,0,0,1468,5987,1509,4390,88,439,0,24,115,33,0,13170,0,0.9853,4.0312,0.2870,0.0000
2,39,2035,145,1,2,1,0,0,0,1468,5918,1478,4345,95,367,0,5,137,34,0,13035,0,0.9839,4.0205,0.2482,0.0000
2,39,2036,145,1,2,1,0,0,0,1468,6015,1565,4356,94,342,0,26,149,42,0,13068,0,0.9844,4.0778,0.2819,0.0000
2,39,2037,145,1,2,1,0,0,0,1620,6158,1647,4427,84,442,0,14,144,53,0,13281,0,0.9864,4.1161,0.3681,0.0000
2,39,2038,145,1,2,1,0,0,0,1620,5915,1551,4289,75,422,0,17,88,25,0,12867,0,0.9873,4.0849,0.2841,0.0000
2,39,2039,145,1,2,1,0,0,0,1620,5860,1467,4309,84,417,0,7,140,35,0,12927,0,0.9857,4.0214,0.2500,0.0000
2,39,2040,145,1,2,1,0,6,0,850,3191,840,2300,51,190,0,5,166,44,0,6900,0,0.9840,4.0957,0.2651,0.0000
3,32,2017,145,1,0,0,0,0,0,0,6179,1746,4332,101,421,0,10,148,32,0,12999,0,0.9837,4.2082,0.2162,0.0000
3,32,2018,145,1,0,0,0,0,0,0,226,68,156,2,5,0,0,5,1,0,468,0,0.9912,4.3077,0.2000,0.0000
3,33,2021,145,0,0,0,0,0,0,0,6188,1720,4342,126,457,0,15,168,43,0,13026,0,0.9796,4.1884,0.2560,0.0000
3,33,2022,145,0,0,0,0,0,0,0,6157,1742,4309,106,507,0,15,144,42,0,12927,0,0.9828,4.2128,0.2917,0.0000
3,33,2023,145,0,0,1,0,0,0,795,5759,1388,4290,81,409,0,15,112,26,0,12873,0,0.9859,3.9697,0.2321,0.0000
3,33,2024,145,0,0,1,0,0,0,1610,5884,1464,4325,95,410,0,16,135,37,0,12978,0,0.9839,4.0146,0.2741,0.0000
3,33,2025,145,0,0,1,0,0,0,1610,5897,1484,4323,90,431,0,15,105,34,0,12969,0,0.9847,4.0298,0.3238,0.0000
3,33,2026,145,0,0,1,0,0,0,1610,5899,1533,4280,86,432,0,16,109,29,0,12840,0,0.9854,4.0745,0.2661,0.0000
3,33,2027,145,0,0,1,0,0,0,1610,5920,1536,4306,78,401,0,14,111,34,0,12918,0,0.9868,4.0701,0.3063,0.0000
3,33,2028,145,0,0,0,0,0,0,0,0,0,0,0,0,0,0,0,0,0,0,0,0.0000,0.0000,0.0000,0.0000
4,34,2017,145,0,0,0,0,0,0,0,6033,1589,4361,83,382,0,15,91,27,0,13083,0,0.9862,4.0931,0.2967,0.0000
4,34,2018,145,0,0,0,0,0,0,0,5993,1587,4325,81,411,0,7,105,23,0,12975,0,0.9865,4.1008,0.2190,0.0000
4,34,2019,145,0,0,0,0,0,0,0,6038,1569,4354,115,325,0,9,134,41,0,13062,0,0.9810,4.0811,0.3060,0.0000
4,34,2020,145,0,0,0,0,0,0,0,6165,1675,4392,98,374,0,15,146,50,0,13176,0,0.9841,4.1441,0.3425,0.0000
4,34,2021,145,0,0,0,0,0,0,0,6066,1679,4297,90,399,0,14,148,54,0,12894,0,0.9852,4.1712,0.3649,0.0000
4,34,2022,145,0,0,0,0,0,0,0,6038,1638,4289,111,432,0,14,130,28,0,12867,0,0.9816,4.1457,0.2154,0.0000
4,34,2023,145,0,0,1,0,0,0,782,5926,1466,4360,100,431,0,14,119,38,0,13080,0,0.9831,4.0087,0.3193,0.0000
4,34,2024,145,0,0,1,0,0,0,1610,5957,1533,4337,87,406,0,11,98,23,0,13011,0,0.9854,4.0604,0.2347,0.0000
4,34,2025,145,0,0,1,0,0,0,1610,5817,1468,4277,72,442,0,17,112,39,0,12831,0,0.9876,4.0297,0.3482,0.0000
4,34,2026,145,0,0,1,0,0,0,1610,5946,1577,4280,89,518,0,21,119,27,0,12840,0,0.9850,4.1054,0.2269,0.0000
4,34,2027,145,0,0,1,0,0,0,1610,5942,1505,4338,99,407,0,27,95,18,0,13017,0,0.9833,4.0399,0.1895,0.0000
4,34,2028,145,0,0,1,0,0,0,1610,5912,1506,4316,90,476,0,18,101,32,0,12951,0,0.9848,4.0459,0.3168,0.0000
4,34,2029,145,0,0,1,0,0,0,1610,5911,1461,4348,102,515,0,15,94,27,0,13047,0,0.9827,4.0071,0.2872,0.0000
4,34,2030,145,0,0,1,0,0,0,1610,5922,1480,4338,104,346,0,14,104,26,0,13014,0,0.9824,4.0235,0.2500,0.0000
4,34,2031,145,0,0,1,0,0,0,1610,5865,1440,4343,82,386,0,16,117,30,0,13032,0,0.9860,3.9938,0.2564,0.0000
4,34,2032,145,0,0,1,0,0,0,1610,5968,1482,4394,92,377,0,13,88,34,0,13182,0,0.9846,4.0118,0.3864,0.0000
4,34,2033,145,0,0,1,0,0,0,1610,5751,1367,4285,99,402,0,8,104,28,0,12855,0,0.9828,3.9571,0.2692,0.0000
4,34,2034,145,0,0,1,0,0,0,1610,5931,1528,4302,101,508,0,22,91,25,0,12906,0,0.9830,4.0656,0.2747,0.0000
4,34,2035,145,0,0,1,0,0,0,1610,5927,1526,4331,70,477,0,21,102,32,0,12993,0,0.9882,4.0570,0.3137,0.0000
4,34,2036,145,0,0,1,0,0,0,1610,5811,1410,4333,68,428,0,25,116,30,0,12999,0,0.9883,3.9762,0.2586,0.0000
4,34,2037,145,0,0,1,0,0,0,500,1707,388,1291,28,107,0,7,37,7,0,3873,0,0.9836,3.9016,0.1892,0.0000
5,35,2017,145,0,1,0,0,0,0,0,6134,1732,4305,97,431,0,15,88,33,0,12918,0,0.9842,4.2060,0.3750,0.0000
5,35,2018,145,0,1,0,0,0,0,0,6122,1636,4377,109,380,0,11,78,30,0,13131,0,0.9822,4.1213,0.3846,0.0000
5,35,2019,145,0,1,0,0,0,0,0,6068,1607,4369,92,375,0,17,98,24,0,13107,0,0.9848,4.1035,0.2449,0.0000
5,35,2020,145,0,1,0,0,0,0,0,6206,1738,4359,109,394,0,12,146,31,0,13077,0,0.9824,4.1961,0.2123,0.0000
5,35,2021,145,0,1,0,0,0,0,0,6194,1750,4334,110,371,0,20,131,34,0,13002,0,0.9822,4.2114,0.2595,0.0000
5,35,2022,145,0,1,0,0,0,0,0,6290,1845,4343,102,491,0,20,127,34,0,13029,0,0.9838,4.2745,0.2677,0.0000
5,35,2023,145,0,1,1,0,0,0,804,6180,1712,4394,74,496,0,13,141,31,0,13182,0,0.9880,4.1689,0.2199,0.0000
5,35,2024,145,0,1,1,0,0,0,1610,5917,1514,4313,90,365,0,9,103,16,0,12939,0,0.9848,4.0531,0.1553,0.0000
5,35,2025,145,0,1,1,0,0,0,1610,5800,1446,4285,69,428,0,18,124,45,0,12855,0,0.9881,4.0124,0.3629,0.0000
5,35,2026,145,0,1,1,0,0,0,1610,5866,1427,4341,98,318,0,13,102,30,0,13023,0,0.9833,3.9862,0.2941,0.0000
5,35,2027,145,0,1,1,0,0,0,1610,5945,1483,4370,92,313,0,12,118,27,0,13110,0,0.9845,4.0181,0.2288,0.0000
5,35,2028,145,0,1,1,0,0,0,1610,5861,1393,4378,90,310,0,19,119,24,0,13134,0,0.9846,3.9545,0.2017,0.0000
5,35,2029,145,0,1,1,0,0,0,1610,5830,1442,4313,75,346,0,12,98,36,0,12939,0,0.9871,4.0030,0.3673,0.0000
5,35,2030,145,0,1,1,0,0,0,1610,5960,1516,4368,76,410,0,11,117,30,0,13104,0,0.9872,4.0412,0.2564,0.0000
5,35,2031,145,0,1,1,0,0,0,1610,5957,1508,4355,94,420,0,12,116,33,0,13065,0,0.9842,4.0388,0.2845,0.0000
5,35,2032,145,0,1,1,0,0,0,1610,6065,1605,4364,96,451,0,13,145,44,0,13092,0,0.9842,4.1033,0.3034,0.0000
5,35,2033,145,0,1,1,0,0,0,1610,5897,1490,4316,91,398,0,11,113,26,0,12948,0,0.9846,4.0357,0.2301,0.0000
5,35,2034,145,0,1,1,0,0,0,1610,5922,1505,4336,81,387,0,13,144,41,0,13008,0,0.9863,4.0413,0.2847,0.0000
5,35,2035,145,0,1,1,0,0,0,1610,5696,1317,4290,89,333,3,11,117,29,0,12870,0,0.9844,3.9210,0.2479,0.0000
5,35,2036,145,0,1,1,0,0,0,1610,5885,1428,4362,95,383,0,26,141,41,0,13086,0,0.9839,3.9821,0.2908,0.0000
5,35,2037,145,0,1,1,0,0,0,1620,5897,1459,4351,87,336,0,22,152,39,0,13056,0,0.9852,4.0051,0.2566,0.0000
5,35,2038,145,0,1,1,0,0,0,1620,5839,1429,4331,79,354,0,13,117,31,0,12993,0,0.9865,3.9898,0.2650,0.0000
5,35,2039,145,0,1,1,0,0,0,1620,5848,1462,4308,78,391,0,13,119,32,0,12924,0,0.9867,4.0181,0.2689,0.0000
5,35,2040,145,0,1,1,0,5,0,820,2933,704,2178,51,171,0,5,124,38,0,6534,0,0.9826,3.9697,0.3065,0.0000
6,36,2017,145,1,1,0,0,0,0,0,6073,1629,4343,101,370,0,12,93,31,0,13032,0,0.9834,4.1243,0.3333,0.0000
6,36,2018,145,1,1,0,0,0,0,0,6104,1593,4430,81,351,0,8,70,23,0,13290,0,0.9867,4.0788,0.3286,0.0000
6,36,2019,145,1,1,0,0,0,0,0,6159,1674,4402,83,387,0,14,70,24,0,13206,0,0.9865,4.1408,0.3429,0.0000
6,36,2020,145,1,1,0,0,0,0,0,6228,1757,4392,79,394,0,13,75,23,0,13176,0,0.9873,4.2001,0.3067,0.0000
6,36,2021,145,1,1,0,0,0,0,0,6118,1621,4391,106,338,0,9,86,30,0,13173,0,0.9827,4.1075,0.3488,0.0000
6,36,2022,145,1,1,0,0,0,0,0,6168,1725,4359,84,352,0,12,90,27,0,13077,0,0.9864,4.1872,0.3000,0.0000
6,36,2023,145,1,1,1,0,0,0,723,6035,1616,4319,100,325,3,20,141,36,0,12957,0,0.9834,4.1225,0.2553,0.0000
6,36,2024,145,1,1,1,0,0,0,1468,6043,1650,4297,96,435,3,14,172,31,0,12891,0,0.9841,4.1520,0.1802,0.0000
6,36,2025,145,1,1,1,0,0,0,1468,5986,1542,4327,117,389,0,17,169,31,0,12981,0,0.9805,4.0691,0.1834,0.0000
6,36,2026,145,1,1,1,0,0,0,1468,6014,1574,4341,99,343,0,17,133,30,0,13023,0,0.9835,4.0878,0.2256,0.0000
6,36,2027,145,1,1,1,0,0,0,1468,5889,1499,4305,85,378,0,13,146,39,0,12915,0,0.9856,4.0446,0.2671,0.0000
6,36,2028,145,1,1,1,0,0,0,1468,6086,1553,4442,91,402,3,13,122,31,0,13326,0,0.9850,4.0489,0.2541,0.0000
6,36,2029,145,1,1,1,0,0,0,1468,5934,1485,4369,80,315,0,7,76,25,0,13107,0,0.9865,4.0197,0.3289,0.0000
6,36,2030,145,1,1,1,0,0,0,1468,5805,1354,4369,82,285,0,13,102,31,0,13107,0,0.9859,3.9297,0.3039,0.0000
6,36,2031,145,1,1,1,0,0,0,1468,5926,1407,4437,82,340,0,12,117,31,0,13311,0,0.9862,3.9513,0.2650,0.0000
6,36,2032,145,1,1,1,0,0,0,1468,5822,1355,4378,89,268,0,14,107,34,0,13134,0,0.9847,3.9285,0.3178,0.0000
6,36,2033,145,1,1,1,0,0,0,1468,5914,1428,4422,64,365,0,10,112,38,0,13266,0,0.9892,3.9688,0.3393,0.0000
6,36,2034,145,1,1,1,0,0,0,1468,5960,1493,4394,73,355,0,12,94,32,0,13182,0,0.9878,4.0193,0.3404,0.0000
6,36,2035,145,1,1,1,0,0,0,1468,5965,1444,4436,85,359,0,15,104,33,0,13308,0,0.9858,3.9766,0.3173,0.0000
6,36,2036,145,1,1,1,0,0,0,1468,5971,1558,4323,90,424,0,18,158,37,0,12969,0,0.9849,4.0812,0.2342,0.0000
6,36,2037,145,1,1,1,0,0,0,1620,5999,1583,4332,84,377,0,11,163,45,0,12996,0,0.9860,4.0963,0.2761,0.0000
6,36,2038,145,1,1,1,0,0,0,1620,5845,1450,4327,68,385,0,8,129,34,0,12981,0,0.9884,4.0053,0.2636,0.0000
6,36,2039,145,1,1,1,0,0,0,1620,5806,1477,4259,70,387,0,13,127,34,0,12777,0,0.9879,4.0404,0.2677,0.0000
6,36,2040,145,1,1,1,0,9,0,840,3098,766,2281,51,199,0,8,118,40,0,6843,0,0.9835,4.0075,0.3390,0.0000
7,38,2017,145,0,1,0,0,0,0,0,6067,1607,4369,91,358,0,15,107,29,0,13107,0,0.9850,4.1035,0.2710,0.0000
7,38,2018,145,0,1,0,0,0,0,0,6085,1661,4353,71,383,0,15,124,37,0,13059,0,0.9883,4.1447,0.2984,0.0000
7,38,2019,145,0,1,0,0,0,0,0,5994,1609,4304,81,354,0,21,114,24,0,12912,0,0.9865,4.1215,0.2105,0.0000
7,38,2020,145,0,1,0,0,0,0,0,6117,1646,4379,92,343,0,15,142,40,0,13137,0,0.9850,4.1277,0.2817,0.0000
7,38,2021,145,0,1,0,0,0,0,0,6112,1646,4362,104,339,0,12,118,30,0,13086,0,0.9830,4.1320,0.2542,0.0000
7,38,2022,145,0,1,0,0,0,0,0,6165,1786,4280,99,427,0,5,120,38,0,12840,0,0.9839,4.2519,0.3167,0.0000
7,38,2023,145,0,1,1,0,0,0,807,6066,1681,4304,81,512,0,8,92,33,0,12912,0,0.9866,4.1717,0.3587,0.0000
7,38,2024,145,0,1,1,0,0,0,1610,5979,1554,4336,89,377,0,10,94,28,0,13008,0,0.9851,4.0752,0.2979,0.0000
7,38,2025,145,0,1,1,0,0,0,1610,6003,1525,4388,90,399,0,17,97,20,0,13164,0,0.9850,4.0426,0.2062,0.0000
7,38,2026,145,0,1,1,0,0,0,1610,6143,1646,4435,62,498,3,14,97,28,0,13305,0,0.9899,4.1134,0.2887,0.0000
7,38,2027,145,0,1,1,0,0,0,1610,5926,1492,4349,85,370,0,10,92,23,0,13047,0,0.9857,4.0292,0.2500,0.0000
7,38,2028,145,0,1,1,0,0,0,1610,5988,1535,4381,72,431,3,12,89,23,0,13143,0,0.9880,4.0511,0.2584,0.0000
7,38,2029,145,0,1,1,0,0,0,1610,5992,1537,4364,91,539,0,10,75,21,0,13092,0,0.9848,4.0566,0.2800,0.0000
7,38,2030,145,0,1,1,0,0,0,1610,5984,1519,4389,76,363,0,8,105,29,0,13167,0,0.9873,4.0383,0.2762,0.0000
7,38,2031,145,0,1,1,0,0,0,1610,5943,1495,4383,65,430,0,15,92,28,0,13149,0,0.9891,4.0233,0.3043,0.0000
7,38,2032,145,0,1,1,0,0,0,1610,5953,1504,4387,62,365,0,7,95,31,0,13161,0,0.9896,4.0285,0.3263,0.0000
7,38,2033,145,0,1,1,0,0,0,1610,5951,1521,4363,67,422,3,8,90,27,0,13092,0,0.9887,4.0449,0.3000,0.0000
7,38,2034,145,0,1,1,0,0,0,1610,6091,1660,4356,75,440,0,12,92,36,0,13068,0,0.9877,4.1433,0.3913,0.0000
7,38,2035,145,0,1,1,0,0,0,1610,5945,1527,4343,75,448,0,14,92,28,0,13029,0,0.9874,4.0548,0.3043,0.0000
7,38,2036,145,0,1,1,0,0,0,1610,6055,1557,4398,100,409,0,13,99,32,0,13194,0,0.9835,4.0621,0.3232,0.0000
7,38,2037,145,0,1,1,0,0,0,1620,5968,1520,4375,73,368,0,12,108,26,0,13128,0,0.9878,4.0414,0.2407,0.0000
7,38,2038,145,0,1,1,0,0,0,1620,5970,1504,4378,88,378,0,10,99,18,0,13134,0,0.9853,4.0306,0.1818,0.0000
7,38,2039,145,0,1,1,0,0,0,1630,5896,1495,4327,74,391,0,11,88,23,0,12984,0,0.9874,4.0356,0.2614,0.0000
7,38,2040,145,0,1,1,0,6,0,850,3055,742,2270,43,175,0,2,56,20,0,6810,0,0.9859,3.9806,0.3571,0.0000
8,40,2017,145,0,1,0,0,0,0,0,6185,1754,4344,87,406,0,12,98,37,0,13032,0,0.9859,4.2113,0.3776,0.0000
8,40,2018,145,0,1,0,0,0,0,0,6098,1639,4379,80,320,0,16,131,40,0,13137,0,0.9869,4.1229,0.3053,0.0000
8,40,2019,145,0,1,0,0,0,0,0,3366,951,2343,72,197,0,9,72,22,0,7029,0,0.9786,4.2177,0.3056,0.0000
9,42,2017,145,0,2,0,0,0,0,0,6206,1711,4399,96,426,0,13,130,33,0,13200,0,0.9845,4.1659,0.2538,0.0000
9,42,2018,145,0,2,0,0,0,0,0,6101,1627,4390,84,358,0,13,131,39,0,13170,0,0.9862,4.1118,0.2977,0.0000
9,42,2019,145,0,2,0,0,0,0,0,6058,1622,4332,104,292,0,14,117,35,0,12996,0,0.9828,4.1233,0.2991,0.0000
9,42,2020,145,0,2,0,0,0,0,0,6152,1679,4380,93,350,0,18,147,38,0,13140,0,0.9849,4.1500,0.2585,0.0000
9,42,2021,145,0,2,0,0,0,0,0,6285,1798,4393,94,424,0,16,115,27,0,13179,0,0.9850,4.2279,0.2348,0.0000
9,42,2022,145,0,2,0,0,0,0,0,6222,1694,4442,86,370,0,10,123,36,0,13326,0,0.9862,4.1441,0.2927,0.0000
9,42,2023,145,0,2,1,0,0,0,785,5800,1406,4316,78,368,3,13,97,21,0,12948,0,0.9866,3.9773,0.2165,0.0000
9,42,2024,145,0,2,1,0,0,0,1610,5897,1397,4412,88,322,0,16,110,29,0,13236,0,0.9851,3.9499,0.2636,0.0000
9,42,2025,145,0,2,1,0,0,0,1610,5797,1334,4377,86,320,0,13,115,21,0,13131,0,0.9852,3.9143,0.1826,0.0000
9,42,2026,145,0,2,1,0,0,0,1610,5717,1314,4323,80,396,0,19,98,31,0,12969,0,0.9860,3.9119,0.3163,0.0000
9,42,2027,145,0,2,1,0,0,0,1610,5851,1394,4387,70,313,0,20,113,30,0,13161,0,0.9880,3.9533,0.2655,0.0000
9,42,2028,145,0,2,1,0,0,0,1610,5852,1421,4347,84,386,0,21,88,21,0,13041,0,0.9856,3.9807,0.2386,0.0000
9,42,2029,145,0,2,1,0,0,0,1610,5800,1351,4351,98,363,0,13,79,17,0,13053,0,0.9831,3.9315,0.2152,0.0000
9,42,2030,145,0,2,1,0,0,0,1610,5711,1358,4263,90,344,0,18,115,37,0,12789,0,0.9842,3.9557,0.3217,0.0000
9,42,2031,145,0,2,1,0,0,0,1610,5877,1451,4353,73,414,0,9,73,18,0,13062,0,0.9876,3.9991,0.2466,0.0000
9,42,2032,145,0,2,1,0,0,0,1610,5881,1435,4356,90,413,0,12,64,22,0,13068,0,0.9847,3.9883,0.3438,0.0000
9,42,2033,145,0,2,1,0,0,0,1610,5928,1447,4389,92,344,0,17,104,29,0,13167,0,0.9845,3.9891,0.2788,0.0000
9,42,2034,145,0,2,1,0,0,0,1610,5920,1527,4303,90,438,0,19,103,30,0,12909,0,0.9848,4.0646,0.2913,0.0000
9,42,2035,145,0,2,1,0,0,0,1610,5971,1537,4327,107,446,0,24,96,26,0,12981,0,0.9821,4.0656,0.2708,0.0000
9,42,2036,145,0,2,1,0,0,0,1610,5982,1506,4382,94,466,0,11,92,28,0,13146,0,0.9843,4.0310,0.3043,0.0000
9,42,2037,145,0,2,1,0,0,0,1620,5942,1533,4313,96,370,3,19,117,33,0,12939,0,0.9838,4.0663,0.2821,0.0000
9,42,2038,145,0,2,1,0,0,0,1620,5851,1466,4282,103,434,0,11,88,30,0,12846,0,0.9824,4.0271,0.3409,0.0000
9,42,2039,145,0,2,1,0,0,0,1620,5952,1513,4346,93,431,0,18,106,22,0,13044,0,0.9844,4.0425,0.2075,0.0000
9,42,2040,145,0,2,1,0,10,0,860,3231,843,2330,58,234,0,7,96,26,0,6990,0,0.9820,4.0854,0.2708,0.0000
10,43,2017,145,0,1,0,0,0,0,0,6143,1639,4422,82,336,0,14,79,29,0,13269,0,0.9867,4.1110,0.3671,0.0000
11,44,2017,145,0,2,0,0,0,0,0,726,192,527,7,50,0,0,8,3,0,1584,0,0.9904,4.0852,0.3750,0.0000
12,45,2017,145,1,2,0,0,0,0,0,3338,868,2428,42,156,0,2,55,25,0,7284,0,0.9874,4.0725,0.4545,0.0000
13,46,2017,145,1,1,0,0,0,0,0,0,0,0,0,0,0,0,0,0,0,0,0,0.0000,0.0000,0.0000,0.0000
13,52,2017,145,1,1,0,0,0,0,0,6147,1610,4452,85,375,0,12,119,29,0,13359,0,0.9862,4.0840,0.2437,0.0000
14,47,2017,145,0,1,0,0,0,0,0,6119,1675,4349,95,388,0,12,129,39,0,13047,0,0.9845,4.1554,0.3023,0.0000
14,47,2018,145,0,1,0,0,0,0,0,6044,1613,4346,85,414,0,19,117,31,0,13038,0,0.9859,4.1134,0.2650,0.0000
14,47,2019,145,0,1,0,0,0,0,0,5925,1504,4341,80,313,0,11,106,31,0,13023,0,0.9865,4.0394,0.2925,0.0000
14,47,2020,145,0,1,0,0,0,0,0,6054,1572,4394,88,345,0,15,125,39,0,13182,0,0.9855,4.0733,0.3120,0.0000
14,47,2021,145,0,1,0,0,0,0,0,6006,1545,4394,67,343,0,10,107,30,0,13182,0,0.9888,4.0548,0.2804,0.0000
14,52,2022,145,1,1,0,0,0,0,0,6237,1758,4395,84,378,2,11,131,43,0,13185,0,0.9865,4.2000,0.3282,0.0000
14,52,2023,145,1,1,1,0,0,0,723,6087,1630,4382,75,425,0,7,119,37,0,13146,0,0.9877,4.1159,0.3109,0.0000
14,52,2024,145,1,1,1,0,0,0,1468,6083,1631,4372,80,451,0,22,139,46,0,13116,0,0.9868,4.1192,0.3309,0.0000
14,52,2025,145,1,1,1,0,0,0,1468,6098,1654,4366,78,419,0,7,125,27,0,13101,0,0.9872,4.1356,0.2160,0.0000
14,52,2026,145,1,1,1,0,0,0,1468,6015,1615,4310,90,428,3,9,140,32,0,12930,0,0.9850,4.1241,0.2286,0.0000
14,52,2027,145,1,1,1,0,0,0,1468,5959,1536,4352,71,427,0,10,130,38,0,13056,0,0.9881,4.0588,0.2923,0.0000
14,52,2028,145,1,1,1,0,0,0,1468,5991,1595,4321,75,421,0,14,132,35,0,12966,0,0.9875,4.1064,0.2652,0.0000
14,52,2029,145,1,1,1,0,0,0,1468,5989,1547,4346,96,401,0,20,136,38,0,13038,0,0.9840,4.0679,0.2794,0.0000
14,52,2030,145,1,1,1,0,0,0,1468,5975,1581,4310,84,452,0,12,138,35,0,12930,0,0.9859,4.1005,0.2536,0.0000
14,52,2031,145,1,1,1,0,0,0,1468,6004,1553,4366,85,401,0,17,146,37,0,13101,0,0.9858,4.0662,0.2534,0.0000
14,44,2033,145,0,2,1,0,0,0,794,2872,693,2135,44,146,0,8,36,13,0,6405,0,0.9847,3.9738,0.3611,0.0000
14,44,2034,145,0,2,1,0,0,0,1610,5903,1499,4305,99,451,0,14,76,25,0,12915,0,0.9832,4.0446,0.3289,0.0000
14,44,2035,145,0,2,1,0,0,0,1610,5951,1512,4361,78,475,0,12,68,22,0,13083,0,0.9869,4.0401,0.3235,0.0000
14,44,2036,145,0,2,1,0,0,0,1610,5769,1377,4317,75,388,0,13,107,34,0,12954,0,0.9870,3.9560,0.3178,0.0000
14,44,2037,145,0,2,1,0,0,0,1620,5844,1374,4400,70,366,0,12,74,23,0,13203,0,0.9880,3.9359,0.3108,0.0000
14,44,2038,145,0,2,1,0,0,0,1620,5809,1388,4340,81,415,0,10,75,17,0,13023,0,0.9861,3.9585,0.2267,0.0000
14,44,2039,145,0,2,1,0,0,0,1620,5833,1405,4338,90,381,0,14,104,27,0,13014,0,0.9846,3.9716,0.2596,0.0000
14,44,2040,145,0,2,1,0,5,0,850,2972,666,2245,61,168,0,4,100,28,0,6735,0,0.9795,3.8900,0.2800,0.0000
15,48,2017,145,0,0,0,0,0,0,0,6060,1626,4333,101,374,0,9,105,38,0,12999,0,0.9833,4.1258,0.3619,0.0000
15,48,2018,145,0,0,0,0,0,0,0,6008,1609,4305,94,410,0,12,131,35,0,12918,0,0.9844,4.1203,0.2672,0.0000
15,48,2019,145,0,0,0,0,0,0,0,6067,1609,4355,103,396,3,7,145,30,0,13068,0,0.9830,4.1074,0.2069,0.0000
15,48,2020,145,0,0,0,0,0,0,0,6069,1622,4366,81,369,0,14,115,44,0,13098,0,0.9867,4.1145,0.3826,0.0000
15,48,2021,145,0,0,0,0,0,0,0,6132,1621,4391,120,420,0,12,106,27,0,13173,0,0.9804,4.1075,0.2547,0.0000
15,48,2022,145,0,0,0,0,0,0,0,6158,1681,4374,103,455,0,6,117,32,0,13122,0,0.9833,4.1529,0.2735,0.0000
15,48,2023,145,0,0,1,0,0,0,785,5905,1531,4303,71,449,0,10,93,21,0,12909,0,0.9880,4.0674,0.2258,0.0000
15,48,2024,145,0,0,1,0,0,0,1610,5981,1566,4337,78,448,0,13,101,29,0,13011,0,0.9870,4.0832,0.2871,0.0000
15,48,2025,145,0,0,0,0,0,0,0,0,0,0,0,0,0,0,0,0,0,0,0,0.0000,0.0000,0.0000,0.0000
15,46,2028,145,0,1,1,0,0,0,1610,5820,1477,4262,81,425,0,15,132,26,0,12786,0,0.9861,4.0397,0.1970,0.0000
15,46,2029,145,0,1,1,0,0,0,1610,5972,1509,4373,90,495,0,16,101,31,0,13125,0,0.9849,4.0334,0.3069,0.0000
15,46,2030,145,0,1,1,0,0,0,1610,5692,1365,4245,82,356,0,15,129,34,0,12741,0,0.9856,3.9628,0.2636,0.0000
15,46,2031,145,0,1,1,0,0,0,1610,5948,1547,4307,94,439,0,16,117,29,0,12921,0,0.9842,4.0775,0.2479,0.0000
15,46,2032,145,0,1,1,0,0,0,1610,6070,1600,4372,98,510,0,15,102,31,0,13116,0,0.9839,4.0979,0.3039,0.0000
15,46,2033,145,0,1,1,0,0,0,1610,5841,1495,4268,78,412,0,8,102,27,0,12804,0,0.9866,4.0508,0.2647,0.0000
15,46,2034,145,0,1,1,0,0,0,1610,5828,1450,4303,75,358,0,11,122,34,0,12909,0,0.9871,4.0109,0.2787,0.0000
15,46,2035,145,0,1,1,0,0,0,1610,5755,1393,4304,58,338,0,11,92,27,0,12912,0,0.9899,3.9710,0.2935,0.0000
15,46,2036,145,0,1,1,0,0,0,1610,5959,1489,4404,66,362,0,12,111,34,0,13212,0,0.9889,4.0143,0.3063,0.0000
15,46,2037,145,0,1,1,0,0,0,1620,5876,1489,4297,90,347,0,17,107,29,0,12891,0,0.9847,4.0396,0.2710,0.0000
15,46,2038,145,0,1,1,0,0,0,1620,5986,1506,4370,110,460,0,13,90,13,0,13110,0,0.9816,4.0339,0.1444,0.0000
15,46,2039,145,0,1,1,0,0,0,1620,5939,1531,4320,88,455,0,12,111,29,0,12963,0,0.9852,4.0623,0.2613,0.0000
15,46,2040,145,0,1,1,0,8,0,850,3058,786,2217,55,183,0,2,94,32,0,6651,0,0.9820,4.0636,0.3404,0.0000
16,49,2017,145,1,0,0,0,0,0,0,6023,1561,4378,84,349,0,8,137,30,0,13137,0,0.9861,4.0687,0.2190,0.0000
16,49,2018,145,1,0,0,0,0,0,0,6157,1650,4418,89,338,0,14,130,32,0,13257,0,0.9855,4.1195,0.2462,0.0000
16,49,2019,145,1,0,0,0,0,0,0,6123,1651,4389,83,382,0,15,130,36,0,13170,0,0.9864,4.1276,0.2769,0.0000
16,49,2020,145,1,0,0,0,0,0,0,6170,1676,4415,79,325,0,11,116,37,0,13245,0,0.9872,4.1388,0.3190,0.0000
16,49,2021,145,1,0,0,0,0,0,0,6082,1677,4322,83,381,0,12,107,29,0,12966,0,0.9864,4.1640,0.2710,0.0000
16,49,2022,145,1,0,0,0,0,0,0,6194,1698,4415,81,373,0,6,95,26,0,13245,0,0.9869,4.1538,0.2737,0.0000
16,49,2023,145,1,0,1,0,0,0,725,6006,1605,4327,74,374,0,9,116,30,0,12984,0,0.9877,4.1118,0.2586,0.0000
16,49,2024,145,1,0,1,0,0,0,1468,6039,1598,4343,98,395,0,12,152,31,0,13029,0,0.9838,4.1038,0.2039,0.0000
16,49,2025,145,1,0,1,0,0,0,1468,5929,1510,4314,105,342,0,17,133,34,0,12942,0,0.9823,4.0501,0.2556,0.0000
16,49,2026,145,1,0,1,0,0,0,453,1862,509,1324,29,140,0,2,37,9,0,3972,0,0.9844,4.1533,0.2432,0.0000
17,51,2017,145,1,0,0,0,0,0,0,6057,1622,4328,107,316,0,9,157,43,0,12984,0,0.9823,4.1243,0.2739,0.0000
17,51,2018,145,1,0,0,0,0,0,0,6101,1646,4345,110,393,0,8,102,19,0,13038,0,0.9820,4.1355,0.1863,0.0000
17,51,2019,145,1,0,0,0,0,0,0,6098,1698,4305,95,414,0,13,96,28,0,12915,0,0.9844,4.1833,0.2917,0.0000
17,51,2020,145,1,0,0,0,0,0,0,6262,1739,4403,120,366,0,15,90,32,0,13209,0,0.9808,4.1849,0.3556,0.0000
17,51,2021,145,1,0,0,0,0,0,0,6222,1716,4416,90,313,0,11,135,45,0,13251,0,0.9855,4.1648,0.3333,0.0000
17,51,2022,145,1,0,0,0,0,0,0,6207,1686,4439,82,424,0,5,147,37,0,13317,0,0.9868,4.1394,0.2517,0.0000
17,51,2023,145,1,0,1,0,0,0,732,5896,1474,4345,77,349,0,6,120,30,0,13035,0,0.9869,4.0177,0.2500,0.0000
17,51,2024,145,1,0,1,0,0,0,1468,5948,1459,4411,78,343,3,7,115,36,0,13233,0,0.9869,3.9923,0.3130,0.0000
17,51,2025,145,1,0,1,0,0,0,1468,5906,1470,4371,65,313,0,9,122,34,0,13116,0,0.9890,4.0080,0.2787,0.0000
17,51,2026,145,1,0,1,0,0,0,1468,5897,1475,4345,77,403,0,14,119,29,0,13035,0,0.9869,4.0184,0.2437,0.0000
17,51,2027,145,1,0,1,0,0,0,1468,6030,1549,4400,81,376,0,15,112,34,0,13200,0,0.9866,4.0561,0.3036,0.0000
17,51,2028,145,1,0,1,0,0,0,1468,5976,1523,4372,81,332,0,8,104,33,0,13116,0,0.9864,4.0451,0.3173,0.0000
17,51,2029,145,1,0,1,0,0,0,1468,5869,1400,4386,83,314,0,14,106,27,0,13158,0,0.9859,3.9576,0.2547,0.0000
17,51,2030,145,1,0,1,0,0,0,1468,5911,1473,4370,68,349,0,12,124,39,0,13110,0,0.9885,4.0112,0.3145,0.0000
17,51,2031,145,1,0,1,0,0,0,1468,5916,1465,4377,74,332,0,10,95,37,0,13131,0,0.9875,4.0041,0.3895,0.0000
17,51,2032,145,1,0,1,0,0,0,1468,6012,1539,4400,73,408,0,18,93,28,0,13203,0,0.9879,4.0484,0.3011,0.0000
17,51,2033,145,1,0,1,0,0,0,1468,5961,1450,4418,93,302,0,15,95,25,0,13254,0,0.9844,3.9846,0.2632,0.0000
17,51,2034,145,1,0,1,0,0,0,1468,5987,1529,4348,110,387,0,17,101,25,0,13044,0,0.9816,4.0550,0.2475,0.0000
17,51,2035,145,1,0,1,0,0,0,1468,5829,1367,4370,92,323,0,15,115,28,0,13110,0,0.9842,3.9384,0.2435,0.0000
17,51,2036,145,1,0,1,0,0,0,1468,5845,1391,4351,103,305,3,8,102,35,0,13053,0,0.9824,3.9591,0.3431,0.0000
17,51,2037,145,1,0,1,0,0,0,1620,5903,1428,4390,85,354,0,11,94,32,0,13170,0,0.9856,3.9759,0.3404,0.0000
17,51,2038,145,1,0,1,0,0,0,1620,5843,1409,4345,89,358,0,16,111,29,0,13035,0,0.9848,3.9728,0.2613,0.0000
17,51,2039,145,1,0,1,0,0,0,1620,5718,1300,4334,84,345,0,15,95,35,0,13005,0,0.9853,3.8990,0.3684,0.0000
17,51,2040,145,1,0,1,0,3,0,850,3071,747,2271,53,181,0,4,124,32,0,6813,0,0.9827,3.9868,0.2581,0.0000
18,53,2017,145,1,2,0,0,0,0,0,6220,1751,4393,76,434,0,18,127,30,0,13179,0,0.9878,4.1958,0.2362,0.0000
18,53,2018,145,1,2,0,0,0,0,0,6132,1725,4323,84,443,0,12,102,23,0,12969,0,0.9863,4.1971,0.2255,0.0000
19,56,2017,145,1,1,0,0,0,0,0,0,0,0,0,0,0,0,0,0,0,0,0,0.0000,0.0000,0.0000,0.0000
19,46,2017,145,1,1,0,0,0,0,0,6240,1729,4425,86,399,0,14,120,37,0,13278,0,0.9862,4.1713,0.3083,0.0000
19,46,2018,145,1,1,0,0,0,0,0,6166,1675,4406,85,378,0,12,104,29,0,13218,0,0.9862,4.1405,0.2788,0.0000
19,46,2019,145,1,1,0,0,0,0,0,6190,1700,4391,99,398,0,20,100,37,0,13173,0,0.9840,4.1615,0.3700,0.0000
19,46,2020,145,1,1,0,0,0,0,0,6097,1646,4348,103,401,0,9,132,41,0,13044,0,0.9831,4.1357,0.3106,0.0000
19,46,2021,145,1,1,0,0,0,0,0,6209,1712,4385,112,400,0,16,142,45,0,13155,0,0.9820,4.1713,0.3169,0.0000
19,46,2022,145,0,1,0,0,0,0,0,6055,1626,4329,100,401,0,13,99,43,0,12987,0,0.9835,4.1268,0.4343,0.0000
19,46,2023,145,0,1,1,0,0,0,794,5920,1516,4315,89,410,0,20,94,25,0,12945,0,0.9850,4.0540,0.2660,0.0000
20,58,2017,145,0,2,0,0,0,0,0,6281,1753,4428,100,462,0,12,125,42,0,13284,0,0.9841,4.1877,0.3360,0.0000
20,58,2018,145,0,2,0,0,0,0,0,6237,1745,4387,105,398,0,16,116,29,0,13161,0,0.9832,4.1933,0.2500,0.0000
20,58,2019,145,0,2,0,0,0,0,0,6102,1644,4349,109,413,0,11,123,40,0,13050,0,0.9821,4.1331,0.3252,0.0000
20,58,2020,145,0,2,0,0,0,0,0,5985,1590,4299,96,394,0,12,158,44,0,12903,0,0.9840,4.1076,0.2785,0.0000
20,58,2021,145,0,2,0,0,0,0,0,6131,1656,4384,91,443,0,20,118,29,0,13152,0,0.9852,4.1332,0.2458,0.0000
20,58,2022,145,0,2,0,0,0,0,0,6107,1646,4351,110,422,0,8,135,43,0,13053,0,0.9820,4.1349,0.3185,0.0000
20,58,2023,145,0,2,1,0,0,0,790,5933,1526,4315,92,368,0,13,129,32,0,12945,0,0.9845,4.0610,0.2481,0.0000
21,59,2017,145,0,0,0,0,0,0,0,2827,760,2035,32,186,0,13,61,16,0,6105,0,0.9887,4.1204,0.2623,0.0000
22,60,2017,145,1,0,0,0,0,0,0,0,0,0,0,0,0,0,0,0,0,0,0,0.0000,0.0000,0.0000,0.0000
22,50,2017,145,0,2,0,0,0,0,0,6076,1696,4303,77,461,0,14,139,36,0,12909,0,0.9873,4.1824,0.2590,0.0000
22,50,2018,145,0,2,0,0,0,0,0,6197,1720,4374,103,418,0,11,109,36,0,13122,0,0.9834,4.1797,0.3303,0.0000
22,50,2019,145,0,2,0,0,0,0,0,6133,1663,4362,108,379,0,12,117,32,0,13086,0,0.9824,4.1437,0.2735,0.0000
22,50,2020,145,0,2,0,0,0,0,0,6138,1640,4395,103,423,0,11,138,46,0,13185,0,0.9832,4.1195,0.3333,0.0000
22,50,2021,145,0,2,0,0,0,0,0,6136,1691,4377,68,423,0,13,105,34,0,13137,0,0.9889,4.1571,0.3238,0.0000
22,50,2022,145,0,2,0,0,0,0,0,6141,1702,4364,75,395,0,12,116,24,0,13095,0,0.9878,4.1691,0.2069,0.0000
22,50,2023,145,0,2,1,0,0,0,798,5953,1490,4373,90,388,0,11,115,33,0,13119,0,0.9849,4.0222,0.2870,0.0000
22,50,2024,145,1,2,1,0,0,0,1468,5884,1432,4374,78,326,0,18,124,40,0,13122,0,0.9867,3.9822,0.3226,0.0000
22,50,2025,145,1,2,1,0,0,0,1468,5801,1387,4344,70,329,0,10,106,29,0,13035,0,0.9879,3.9570,0.2736,0.0000
22,50,2026,145,1,2,1,0,0,0,1468,5983,1498,4370,115,421,0,12,118,28,0,13110,0,0.9808,4.0284,0.2373,0.0000
22,50,2027,145,1,2,1,0,0,0,1468,5955,1563,4304,88,420,0,10,115,34,0,12918,0,0.9852,4.0876,0.2957,0.0000
22,50,2028,145,1,2,1,0,0,0,1468,5907,1509,4318,80,313,0,13,99,37,0,12954,0,0.9865,4.0484,0.3737,0.0000
22,50,2029,145,1,2,1,0,0,0,1468,5954,1562,4306,86,365,0,13,83,20,0,12918,0,0.9856,4.0882,0.2410,0.0000
22,50,2030,145,1,2,1,0,0,0,1468,5856,1445,4335,76,341,3,17,106,29,0,13005,0,0.9870,4.0000,0.2736,0.0000
22,50,2031,145,1,2,1,0,0,0,1468,5891,1423,4386,82,331,0,11,100,24,0,13161,0,0.9861,3.9724,0.2400,0.0000
22,50,2032,145,1,2,1,0,0,0,1468,5882,1417,4385,80,345,0,12,114,30,0,13155,0,0.9864,3.9694,0.2632,0.0000
22,50,2033,145,1,2,1,0,0,0,1468,5999,1477,4446,76,355,0,20,110,27,0,13338,0,0.9873,3.9966,0.2455,0.0000
22,50,2034,145,1,2,1,0,0,0,1468,5765,1356,4329,80,323,0,16,92,29,0,12987,0,0.9861,3.9397,0.3152,0.0000
22,50,2035,145,1,2,1,0,0,0,1468,5841,1393,4344,104,325,0,6,96,25,0,13032,0,0.9822,3.9620,0.2604,0.0000
22,50,2036,145,1,2,1,0,0,0,1468,5771,1382,4300,89,303,0,20,121,35,0,12900,0,0.9846,3.9642,0.2893,0.0000
22,50,2037,145,1,2,1,0,0,0,1620,5828,1380,4378,70,342,0,12,104,31,0,13134,0,0.9880,3.9456,0.2981,0.0000
22,50,2038,145,1,2,1,0,0,0,1620,5820,1364,4384,72,348,0,9,100,25,0,13152,0,0.9876,3.9334,0.2500,0.0000
22,50,2039,145,1,2,1,0,0,0,1620,5812,1387,4355,70,321,0,11,89,26,0,13065,0,0.9880,3.9555,0.2921,0.0000
22,50,2040,145,1,2,1,0,10,0,840,3000,733,2238,29,170,0,6,84,22,0,6714,0,0.9903,3.9826,0.2619,0.0000
23,54,2017,145,0,2,0,0,0,0,0,6155,1630,4442,83,377,0,10,133,41,0,13326,0,0.9865,4.1009,0.3083,0.0000
23,54,2018,145,0,2,0,0,0,0,0,6078,1654,4317,107,372,0,8,148,40,0,12951,0,0.9824,4.1494,0.2703,0.0000
23,54,2019,145,0,2,0,0,0,0,0,6087,1648,4345,94,374,0,9,167,60,0,13038,0,0.9846,4.1369,0.3593,0.0000
23,54,2020,145,0,2,0,0,0,0,0,6074,1691,4283,100,403,3,12,156,39,0,12849,0,0.9835,4.1845,0.2500,0.0000
23,54,2021,145,0,2,0,0,0,0,0,6154,1729,4331,94,387,0,12,102,31,0,12993,0,0.9847,4.1976,0.3039,0.0000
23,54,2022,145,0,2,0,0,0,0,0,6025,1602,4327,96,402,0,15,119,34,0,12981,0,0.9841,4.1107,0.2857,0.0000
24,57,2017,145,0,0,0,0,0,0,0,6211,1633,4496,82,364,0,14,95,27,0,13488,0,0.9868,4.0896,0.2842,0.0000
24,57,2018,145,0,0,0,0,0,0,0,6181,1616,4456,109,383,0,14,113,32,0,13368,0,0.9824,4.0880,0.2832,0.0000
24,57,2019,145,0,0,0,0,0,0,0,6153,1642,4392,119,365,0,19,136,31,0,13176,0,0.9807,4.1216,0.2279,0.0000
24,57,2020,145,0,0,0,0,0,0,0,6066,1620,4335,111,397,0,18,138,33,0,13005,0,0.9817,4.1211,0.2391,0.0000
24,57,2021,145,0,0,0,0,0,0,0,5896,1518,4280,98,316,0,14,143,38,0,12840,0,0.9834,4.0640,0.2657,0.0000
24,57,2022,145,0,0,0,0,0,0,0,5968,1497,4385,86,355,0,11,115,33,0,13155,0,0.9856,4.0242,0.2870,0.0000
24,57,2023,145,0,0,1,0,0,0,787,5957,1543,4325,89,474,0,15,122,35,0,12975,0,0.9851,4.0703,0.2869,0.0000
24,57,2024,145,0,0,1,0,0,0,1610,5992,1599,4313,80,448,0,15,123,25,0,12942,0,0.9866,4.1113,0.2033,0.0000
24,57,2025,145,0,0,1,0,0,0,1610,5734,1355,4292,87,425,0,15,107,27,0,12876,0,0.9848,3.9471,0.2523,0.0000
24,57,2026,145,0,0,1,0,0,0,1610,5802,1430,4288,84,425,0,20,129,32,0,12867,0,0.9855,3.9995,0.2481,0.0000
24,57,2027,145,0,0,1,0,0,0,1610,5869,1423,4369,77,415,0,11,77,24,0,13107,0,0.9869,3.9771,0.3117,0.0000
24,57,2028,145,0,0,1,0,0,0,1610,5857,1412,4361,84,373,0,19,99,29,0,13083,0,0.9857,3.9713,0.2929,0.0000
24,57,2029,145,0,0,1,0,0,0,1610,5847,1414,4347,86,379,0,21,103,23,0,13041,0,0.9853,3.9758,0.2233,0.0000
24,57,2030,145,0,0,1,0,0,0,1610,5845,1371,4393,81,338,0,12,90,19,0,13182,0,0.9861,3.9354,0.2111,0.0000
24,57,2031,145,0,0,1,0,0,0,1610,5887,1402,4402,83,336,0,21,94,37,0,13206,0,0.9859,3.9555,0.3936,0.0000
25,33,2019,145,0,0,0,0,0,0,0,3653,1067,2527,59,259,0,4,78,21,0,7581,0,0.9838,4.2667,0.2692,0.0000
25,33,2020,145,0,0,0,0,0,0,0,3409,986,2364,59,245,0,3,87,24,0,7092,0,0.9827,4.2513,0.2759,0.0000
26,41,2017,145,1,0,0,0,0,0,0,6047,1624,4356,67,342,3,13,136,46,0,13071,0,0.9889,4.1175,0.3382,0.0000
26,41,2018,145,1,0,0,0,0,0,0,6087,1633,4364,90,334,0,15,121,35,0,13092,0,0.9852,4.1226,0.2893,0.0000
26,41,2019,145,1,0,0,0,0,0,0,2555,681,1829,45,136,0,4,50,21,0,5487,0,0.9824,4.1170,0.4200,0.0000
27,56,2017,145,1,1,0,0,0,0,0,6133,1689,4342,102,404,0,12,110,40,0,13026,0,0.9834,4.1670,0.3636,0.0000
27,56,2018,145,1,1,0,0,0,0,0,6092,1617,4374,101,327,0,15,135,33,0,13122,0,0.9834,4.1091,0.2444,0.0000
27,56,2019,145,1,1,0,0,0,0,0,6148,1620,4387,141,357,0,10,131,48,0,13161,0,0.9771,4.1078,0.3664,0.0000
27,56,2020,145,1,1,0,0,0,0,0,6196,1761,4305,130,388,0,15,125,36,0,12915,0,0.9790,4.2272,0.2880,0.0000
27,56,2021,145,1,1,0,0,0,0,0,6009,1602,4300,107,319,0,22,161,53,0,12900,0,0.9822,4.1177,0.3292,0.0000
27,56,2022,145,1,1,0,0,0,0,0,222,56,163,3,18,0,1,3,0,0,489,0,0.9865,4.0307,0.0000,0.0000
28,31,2017,145,1,2,0,0,0,0,0,5909,1665,4149,95,374,0,11,106,36,0,12447,0,0.9839,4.2039,0.3396,0.0000
28,31,2018,145,1,2,0,0,0,0,0,6210,1731,4383,96,357,0,15,136,36,0,13152,0,0.9845,4.1839,0.2647,0.0000
28,31,2019,145,1,2,0,0,0,0,0,6122,1728,4299,95,395,0,12,120,23,0,12897,0,0.9845,4.2059,0.1917,0.0000
28,31,2020,145,1,2,0,0,0,0,0,6220,1710,4405,105,388,0,8,137,46,0,13215,0,0.9831,4.1646,0.3358,0.0000
28,31,2021,145,1,2,0,0,0,0,0,6134,1704,4328,102,367,0,11,112,35,0,12984,0,0.9834,4.1811,0.3125,0.0000
28,31,2022,145,1,1,0,0,0,0,0,6189,1745,4339,105,365,0,9,149,46,0,13020,0,0.9830,4.2055,0.3087,0.0000
28,31,2023,145,1,1,1,0,0,0,723,6090,1619,4372,99,428,0,15,125,25,0,13116,0,0.9837,4.1109,0.2000,0.0000
28,31,2024,145,1,1,1,0,0,0,1468,6090,1655,4346,89,458,0,15,158,49,0,13038,0,0.9854,4.1424,0.3101,0.0000
28,31,2025,145,1,1,1,0,0,0,1468,6062,1627,4328,107,464,0,13,106,29,0,12987,0,0.9823,4.1268,0.2736,0.0000
28,31,2026,145,1,1,1,0,0,0,1468,6016,1546,4377,93,391,0,15,109,29,0,13131,0,0.9845,4.0596,0.2661,0.0000
28,31,2027,145,1,1,1,0,0,0,1468,6060,1558,4418,84,330,0,15,126,34,0,13257,0,0.9861,4.0570,0.2698,0.0000
28,31,2028,145,1,1,1,0,0,0,1468,6018,1565,4365,88,361,0,11,111,38,0,13095,0,0.9854,4.0756,0.3423,0.0000
28,31,2029,145,1,1,1,0,0,0,1468,5947,1499,4349,99,368,0,12,101,29,0,13050,0,0.9834,4.0331,0.2871,0.0000
28,31,2030,145,1,1,1,0,0,0,1468,6056,1549,4429,78,387,3,12,90,19,0,13287,0,0.9871,4.0492,0.2111,0.0000
28,31,2031,145,1,1,1,0,0,0,1468,5891,1477,4343,71,397,0,15,91,22,0,13029,0,0.9879,4.0203,0.2418,0.0000
28,31,2032,145,1,1,1,0,0,0,1468,5962,1499,4392,71,351,0,17,76,23,0,13179,0,0.9881,4.0230,0.3026,0.0000
28,31,2033,145,1,1,1,0,0,0,1468,5943,1518,4349,76,365,0,13,103,26,0,13050,0,0.9872,4.0462,0.2524,0.0000
28,31,2034,145,1,1,1,0,0,0,1468,5931,1504,4359,68,391,0,10,149,29,0,13077,0,0.9885,4.0351,0.1946,0.0000
28,31,2035,145,1,1,1,0,0,0,1468,5885,1439,4377,69,349,0,3,119,32,0,13131,0,0.9883,3.9863,0.2689,0.0000
28,31,2036,145,1,1,1,0,0,0,1468,5831,1442,4327,62,309,0,8,157,29,0,12984,0,0.9894,3.9988,0.1847,0.0000
28,31,2037,145,1,1,1,0,0,0,1620,5804,1424,4316,64,413,0,6,126,37,0,12948,0,0.9890,3.9898,0.2937,0.0000
28,31,2038,145,1,1,1,0,0,0,1620,5758,1371,4327,60,343,0,14,95,35,0,12981,0,0.9896,3.9505,0.3684,0.0000
28,31,2039,145,1,1,1,0,0,0,1620,5815,1413,4323,79,333,0,15,88,22,0,12969,0,0.9864,3.9806,0.2500,0.0000
28,31,2040,145,1,1,1,0,10,0,840,3102,770,2292,40,178,3,8,80,26,0,6876,0,0.9871,4.0079,0.3250,0.0000
29,33,2017,145,0,0,0,0,0,0,0,6139,1684,4359,96,426,0,16,162,47,0,13077,0,0.9844,4.1590,0.2901,0.0000
29,33,2018,145,0,0,0,0,0,0,0,6237,1733,4413,91,434,0,10,142,39,0,13239,0,0.9854,4.1781,0.2746,0.0000
29,33,2019,145,0,0,0,0,0,0,0,2589,733,1823,33,182,0,6,49,11,0,5469,0,0.9873,4.2063,0.2245,0.0000
29,41,2019,145,1,0,0,0,0,0,0,3563,1002,2514,47,247,3,7,63,26,0,7542,0,0.9868,4.1957,0.4127,0.0000
29,41,2020,145,1,0,0,0,0,0,0,6213,1718,4413,82,431,0,4,135,45,0,13239,0,0.9868,4.1679,0.3333,0.0000
29,41,2021,145,1,0,0,0,0,0,0,6019,1549,4380,90,330,0,14,118,29,0,13140,0,0.9850,4.0610,0.2458,0.0000
29,41,2022,145,1,0,0,0,0,0,0,6190,1665,4427,98,328,0,10,122,35,0,13281,0,0.9842,4.1283,0.2869,0.0000
29,41,2023,145,1,0,1,0,0,0,732,5975,1585,4295,95,378,0,11,143,32,0,12885,0,0.9841,4.1071,0.2238,0.0000
29,58,2023,145,0,2,0,0,0,0,0,0,0,0,0,0,0,0,0,0,0,0,0,0.0000,0.0000,0.0000,0.0000
29,58,2024,145,0,2,1,0,0,0,1610,5965,1529,4340,96,388,3,10,109,33,0,13020,0,0.9839,4.0569,0.3028,0.0000
29,58,2025,145,0,2,1,0,0,0,1610,6050,1517,4455,78,431,0,17,106,26,0,13368,0,0.9871,4.0206,0.2453,0.0000
29,58,2026,145,0,2,1,0,0,0,1610,5824,1430,4317,77,428,0,19,104,24,0,12954,0,0.9868,3.9928,0.2308,0.0000
29,58,2027,145,0,2,1,0,0,0,1610,6004,1573,4334,97,428,0,19,100,27,0,13002,0,0.9838,4.0888,0.2700,0.0000
29,41,2028,145,1,0,1,0,0,0,1468,5695,1266,4373,56,304,0,10,87,29,0,13119,0,0.9902,3.8685,0.3333,0.0000
29,41,2029,145,1,0,1,0,0,0,1468,5786,1350,4365,71,347,0,11,86,26,0,13095,0,0.9877,3.9278,0.3023,0.0000
29,41,2030,145,1,0,1,0,0,0,1468,5820,1295,4423,102,274,0,7,123,39,0,13269,0,0.9825,3.8784,0.3171,0.0000
29,41,2031,145,1,0,1,0,0,0,1468,5887,1357,4443,87,306,0,15,129,35,0,13329,0,0.9852,3.9163,0.2713,0.0000
29,41,2032,145,1,0,1,0,0,0,1468,5945,1394,4470,81,316,0,12,126,39,0,13410,0,0.9864,3.9356,0.3095,0.0000
29,41,2033,145,1,0,1,0,0,0,1468,5901,1397,4423,81,313,0,13,75,21,0,13269,0,0.9863,3.9475,0.2800,0.0000
29,41,2034,145,1,0,1,0,0,0,1468,5937,1402,4450,85,324,0,15,104,31,0,13350,0,0.9857,3.9452,0.2981,0.0000
29,41,2035,145,1,0,1,0,0,0,1468,5915,1435,4401,79,395,0,10,90,22,0,13203,0,0.9866,3.9782,0.2444,0.0000
29,41,2036,145,1,0,1,0,0,0,1468,5930,1537,4305,88,448,0,12,115,33,0,12915,0,0.9852,4.0711,0.2870,0.0000
29,41,2037,145,1,0,1,0,0,0,1620,6004,1546,4364,94,375,0,10,116,37,0,13092,0,0.9843,4.0628,0.3190,0.0000
29,41,2038,145,1,0,1,0,0,0,1620,5932,1452,4396,84,371,0,14,128,37,0,13188,0,0.9858,3.9909,0.2891,0.0000
29,41,2039,145,1,0,1,0,0,0,1620,5745,1349,4320,76,353,0,17,104,37,0,12960,0,0.9868,3.9368,0.3558,0.0000
29,41,2040,145,1,0,1,0,1,0,850,3018,686,2290,42,177,0,6,126,40,0,6870,0,0.9861,3.8987,0.3175,0.0000
30,37,2017,145,1,1,0,0,0,0,0,6106,1696,4319,91,412,0,19,103,35,0,12957,0,0.9851,4.1781,0.3398,0.0000
30,37,2018,145,1,1,0,0,0,0,0,6219,1800,4291,128,394,0,19,154,39,0,12876,0,0.9794,4.2575,0.2532,0.0000
30,37,2019,145,1,1,0,0,0,0,0,6270,1855,4294,121,479,0,16,143,37,0,12885,0,0.9807,4.2950,0.2587,0.0000
30,37,2020,145,1,1,0,0,0,0,0,6314,1799,4426,89,407,0,15,151,36,0,13278,0,0.9859,4.2194,0.2384,0.0000
30,37,2021,145,1,1,0,0,0,0,0,6202,1760,4356,86,374,0,9,144,39,0,13071,0,0.9861,4.2112,0.2708,0.0000
30,37,2022,145,1,1,0,0,0,0,0,6368,1842,4428,98,324,0,12,123,38,0,13284,0,0.9846,4.2480,0.3089,0.0000
30,37,2023,145,1,1,1,0,0,0,734,6097,1656,4379,62,403,0,23,134,29,0,13137,0,0.9898,4.1345,0.2164,0.0000
30,37,2024,145,1,1,1,0,0,0,1468,6162,1661,4430,71,335,0,14,132,40,0,13290,0,0.9885,4.1248,0.3030,0.0000
30,37,2025,145,1,1,1,0,0,0,1468,6164,1711,4376,77,381,0,13,105,23,0,13128,0,0.9875,4.1730,0.2190,0.0000
30,37,2026,145,1,1,1,0,0,0,1468,6156,1677,4400,79,384,0,13,107,30,0,13200,0,0.9872,4.1434,0.2804,0.0000
30,37,2027,145,1,1,1,0,0,0,1468,6230,1669,4482,79,393,0,11,128,31,0,13446,0,0.9873,4.1171,0.2422,0.0000
30,37,2028,145,1,1,1,0,0,0,1468,6126,1658,4392,76,406,0,22,118,33,0,13179,0,0.9876,4.1316,0.2797,0.0000
30,37,2029,145,1,1,1,0,0,0,1468,6084,1697,4302,85,458,0,15,151,42,0,12906,0,0.9860,4.1834,0.2781,0.0000
30,37,2030,145,1,1,1,0,0,0,1468,6091,1624,4375,92,412,0,15,133,42,0,13125,0,0.9849,4.1136,0.3158,0.0000
30,37,2031,145,1,1,1,0,0,0,1468,6151,1697,4362,92,467,0,19,146,40,0,13089,0,0.9850,4.1662,0.2740,0.0000
30,37,2032,145,1,1,1,0,0,0,1468,6124,1643,4380,101,368,0,18,129,39,0,13140,0,0.9835,4.1253,0.3023,0.0000
30,37,2033,145,1,1,1,0,0,0,830,3377,903,2420,54,242,0,5,63,18,0,7260,0,0.9840,4.1194,0.2857,0.0000
31,60,2017,145,1,0,0,0,0,0,0,5878,1571,4217,90,359,0,11,126,38,0,12651,0,0.9847,4.1176,0.3016,0.0000
31,60,2018,145,1,0,0,0,0,0,0,6115,1623,4416,76,340,0,13,132,46,0,13248,0,0.9876,4.1026,0.3485,0.0000
32,55,2017,145,1,2,0,0,0,0,0,5827,1550,4195,82,355,0,11,99,28,0,12588,0,0.9859,4.1075,0.2828,0.0000
33,44,2017,145,0,2,0,0,0,0,0,5369,1494,3777,98,360,0,12,95,32,0,11331,0,0.9817,4.1867,0.3368,0.0000
33,44,2018,145,0,2,0,0,0,0,0,6170,1689,4374,107,458,0,14,106,30,0,13125,0,0.9827,4.1575,0.2830,0.0000
33,44,2019,145,0,2,0,0,0,0,0,6148,1706,4335,107,445,0,11,122,27,0,13005,0,0.9826,4.1806,0.2213,0.0000
33,44,2020,145,0,2,0,0,0,0,0,6034,1616,4337,81,319,0,12,134,40,0,13011,0,0.9866,4.1178,0.2985,0.0000
33,44,2021,145,0,2,0,0,0,0,0,6127,1659,4371,97,396,0,11,100,29,0,13113,0,0.9842,4.1386,0.2900,0.0000
33,44,2022,145,0,2,0,0,0,0,0,6081,1633,4354,94,461,0,13,89,25,0,13062,0,0.9845,4.1252,0.2809,0.0000
33,44,2023,145,0,2,1,0,0,0,794,5894,1553,4274,67,441,6,9,123,41,0,12822,0,0.9886,4.0901,0.3333,0.0000
33,44,2024,145,0,2,1,0,0,0,1610,6039,1629,4323,87,442,0,16,94,23,0,12969,0,0.9856,4.1305,0.2447,0.0000
33,44,2025,145,0,2,1,0,0,0,1610,5983,1536,4371,76,389,0,12,103,19,0,13116,0,0.9873,4.0533,0.1845,0.0000
33,44,2026,145,0,2,1,0,0,0,1610,5934,1507,4342,85,466,0,7,105,26,0,13026,0,0.9857,4.0412,0.2476,0.0000
33,44,2027,145,0,2,1,0,0,0,1610,5906,1487,4345,74,437,3,17,87,26,0,13035,0,0.9875,4.0267,0.2989,0.0000
33,44,2028,145,0,2,1,0,0,0,1610,5951,1472,4381,98,386,0,20,96,23,0,13143,0,0.9835,4.0080,0.2396,0.0000
33,44,2029,145,0,2,1,0,0,0,1610,5847,1396,4351,100,439,0,17,65,11,0,13053,0,0.9829,3.9625,0.1692,0.0000
33,44,2030,145,0,2,1,0,0,0,1610,5880,1417,4386,77,364,0,12,82,26,0,13158,0,0.9869,3.9692,0.3171,0.0000
33,44,2031,145,0,2,1,0,0,0,1610,5786,1329,4365,92,340,0,14,87,34,0,13095,0,0.9841,3.9134,0.3908,0.0000
33,44,2032,145,0,2,1,0,0,0,1610,5843,1432,4324,87,402,0,15,97,27,0,12972,0,0.9851,3.9935,0.2784,0.0000
33,44,2033,145,0,2,1,0,0,0,816,2954,706,2203,45,175,0,5,46,16,0,6609,0,0.9848,3.9614,0.3478,0.0000
33,45,2033,145,1,2,1,0,0,0,734,2978,755,2184,39,181,0,8,52,17,0,6552,0,0.9869,4.0371,0.3269,0.0000
33,45,2034,145,1,2,1,0,0,0,1468,5923,1512,4329,82,439,3,19,103,35,0,12987,0,0.9862,4.0478,0.3398,0.0000
33,45,2035,145,1,2,1,0,0,0,1468,5970,1514,4358,98,397,0,10,92,30,0,13074,0,0.9836,4.0422,0.3261,0.0000
33,45,2036,145,1,2,1,0,0,0,1468,5827,1363,4362,102,377,0,17,92,36,0,13086,0,0.9825,3.9374,0.3913,0.0000
33,45,2037,145,1,2,1,0,0,0,1620,5763,1297,4371,95,315,0,11,119,41,0,13113,0,0.9835,3.8902,0.3445,0.0000
33,45,2038,145,1,2,1,0,0,0,1620,5813,1387,4348,78,358,0,17,81,28,0,13044,0,0.9866,3.9570,0.3457,0.0000
33,45,2039,145,1,2,1,0,0,0,1620,5922,1448,4390,84,373,0,13,86,32,0,13173,0,0.9858,3.9886,0.3721,0.0000
33,45,2040,145,1,2,1,0,9,0,830,2986,742,2210,34,191,0,8,82,24,0,6630,0,0.9886,4.0072,0.2927,0.0000
34,59,2017,145,0,0,0,0,0,0,0,3284,892,2348,44,185,0,4,54,16,0,7044,0,0.9866,4.1397,0.2963,0.0000
34,59,2018,145,0,0,0,0,0,0,0,6106,1676,4324,106,408,0,9,153,42,0,12972,0,0.9826,4.1628,0.2745,0.0000
34,59,2019,145,0,0,0,0,0,0,0,6179,1695,4367,117,390,0,9,153,54,0,13101,0,0.9811,4.1644,0.3529,0.0000
34,59,2020,145,0,0,0,0,0,0,0,6074,1600,4370,104,342,0,8,171,41,0,13110,0,0.9829,4.0984,0.2398,0.0000
34,59,2021,145,0,0,0,0,0,0,0,6056,1598,4340,118,403,0,16,124,35,0,13020,0,0.9805,4.1046,0.2823,0.0000
34,59,2022,145,0,0,0,0,0,0,0,6064,1629,4334,101,406,3,15,125,35,0,13002,0,0.9833,4.1276,0.2800,0.0000
34,59,2023,145,0,0,1,0,0,0,772,6094,1613,4381,100,419,3,12,113,24,0,13143,0,0.9836,4.1045,0.2124,0.0000
34,59,2024,145,0,0,1,0,0,0,1610,5984,1571,4320,93,403,0,5,111,27,0,12960,0,0.9845,4.0910,0.2432,0.0000
34,59,2025,145,0,0,1,0,0,0,1610,6005,1495,4396,114,418,0,12,103,36,0,13188,0,0.9810,4.0202,0.3495,0.0000
34,59,2026,145,0,0,1,0,0,0,1610,5899,1475,4343,81,384,0,10,86,24,0,13029,0,0.9863,4.0189,0.2791,0.0000
34,59,2027,145,0,0,1,0,0,0,1610,5910,1463,4374,73,354,0,13,101,42,0,13122,0,0.9876,4.0034,0.4158,0.0000
34,59,2028,145,0,0,1,0,0,0,1610,5932,1502,4350,80,344,0,12,75,24,0,13050,0,0.9865,4.0359,0.3200,0.0000
34,59,2029,145,0,0,1,0,0,0,1610,6003,1544,4373,86,440,0,19,78,21,0,13119,0,0.9857,4.0592,0.2692,0.0000
34,59,2030,145,0,0,1,0,0,0,1610,5861,1440,4345,76,348,3,13,87,26,0,13038,0,0.9870,3.9933,0.2989,0.0000
34,59,2031,145,0,0,1,0,0,0,1610,5852,1450,4308,94,386,0,17,107,29,0,12924,0,0.9839,4.0097,0.2710,0.0000
34,59,2032,145,0,0,1,0,0,0,1610,5951,1497,4386,68,392,0,17,103,27,0,13158,0,0.9886,4.0239,0.2621,0.0000
34,59,2033,145,0,0,1,0,0,0,1610,5986,1539,4364,83,391,3,12,105,21,0,13092,0,0.9861,4.0580,0.2000,0.0000
34,59,2034,145,0,0,1,0,0,0,1610,5795,1432,4270,93,387,0,9,99,20,0,12810,0,0.9840,4.0061,0.2020,0.0000
34,59,2035,145,0,0,1,0,0,0,1610,5947,1532,4331,84,386,0,17,93,31,0,12993,0,0.9859,4.0612,0.3333,0.0000
34,59,2036,145,0,0,1,0,0,0,1610,5921,1485,4365,71,344,0,13,110,25,0,13098,0,0.9880,4.0197,0.2273,0.0000
34,59,2037,145,0,0,1,0,0,0,1620,6002,1533,4378,91,364,0,18,133,37,0,13134,0,0.9848,4.0505,0.2782,0.0000
34,59,2038,145,0,0,1,0,0,0,1620,5957,1562,4318,77,420,0,22,113,18,0,12954,0,0.9871,4.0852,0.1593,0.0000
34,59,2039,145,0,0,1,0,0,0,1620,6053,1586,4389,78,397,0,10,101,36,0,13167,0,0.9871,4.0841,0.3564,0.0000
34,59,2040,145,0,0,1,0,2,0,830,2999,746,2190,63,165,0,5,68,10,0,6573,0,0.9790,4.0201,0.1471,0.0000
35,45,2017,145,1,2,0,0,0,0,0,2634,696,1908,30,155,0,3,52,17,0,5724,0,0.9886,4.0943,0.3269,0.0000
35,45,2018,145,1,2,0,0,0,0,0,6193,1631,4488,74,315,0,8,145,44,0,13464,0,0.9881,4.0902,0.3034,0.0000
35,45,2019,145,1,2,0,0,0,0,0,5950,1539,4351,60,288,0,9,102,25,0,13053,0,0.9899,4.0611,0.2451,0.0000
35,45,2020,145,1,2,0,0,0,0,0,6078,1571,4429,78,282,0,18,119,36,0,13287,0,0.9872,4.0641,0.3025,0.0000
35,45,2021,145,1,2,0,0,0,0,0,6085,1570,4424,91,302,0,10,131,33,0,13272,0,0.9850,4.0646,0.2519,0.0000
35,45,2022,145,1,2,0,0,0,0,0,6018,1563,4371,84,352,0,5,92,35,0,13113,0,0.9860,4.0728,0.3804,0.0000
35,45,2023,145,1,2,1,0,0,0,735,5939,1518,4333,88,379,0,10,109,34,0,13002,0,0.9852,4.0501,0.3119,0.0000
35,45,2024,145,1,2,1,0,0,0,1468,5898,1450,4348,100,308,0,12,127,37,0,13044,0,0.9830,4.0005,0.2913,0.0000
35,45,2025,145,1,2,1,0,0,0,1468,5870,1438,4358,74,308,0,9,108,24,0,13077,0,0.9874,3.9890,0.2222,0.0000
35,45,2026,145,1,2,1,0,0,0,1468,5919,1462,4370,87,335,0,16,95,25,0,13110,0,0.9853,4.0037,0.2632,0.0000
35,45,2027,145,1,2,1,0,0,0,1468,5981,1470,4444,67,299,0,16,102,28,0,13332,0,0.9888,3.9923,0.2745,0.0000
35,45,2028,145,1,2,1,0,0,0,1468,5778,1334,4370,74,307,0,16,119,25,0,13110,0,0.9872,3.9158,0.2101,0.0000
35,45,2029,145,1,2,1,0,0,0,1468,5892,1441,4384,67,312,0,13,110,38,0,13152,0,0.9886,3.9861,0.3455,0.0000
36,52,2018,145,1,1,0,0,0,0,0,6215,1715,4421,79,399,0,14,136,31,0,13263,0,0.9873,4.1638,0.2279,0.0000
36,52,2019,145,1,1,0,0,0,0,0,6237,1735,4398,104,406,0,20,174,41,0,13203,0,0.9833,4.1806,0.2356,0.0000
36,52,2020,145,1,1,0,0,0,0,0,4921,1319,3529,73,289,0,14,126,31,0,10590,0,0.9852,4.1201,0.2460,0.0000
37,43,2019,145,0,1,0,0,0,0,0,6135,1750,4269,116,434,3,17,131,31,0,12807,0,0.9811,4.2298,0.2366,0.0000
37,43,2020,145,0,1,0,0,0,0,0,6260,1799,4352,109,400,0,19,118,36,0,13056,0,0.9826,4.2401,0.3051,0.0000
37,43,2021,145,0,1,0,0,0,0,0,6140,1731,4294,115,486,0,17,118,31,0,12882,0,0.9813,4.2094,0.2627,0.0000
37,43,2022,145,1,2,0,0,0,0,0,6341,1861,4381,99,402,0,18,140,26,0,13143,0,0.9844,4.2744,0.1857,0.0000
37,43,2023,145,1,2,1,0,0,0,714,6107,1700,4330,77,408,0,7,112,26,0,12993,0,0.9874,4.1769,0.2321,0.0000
37,43,2024,145,1,2,1,0,0,0,1171,4700,1230,3410,60,314,0,8,52,17,0,10230,0,0.9872,4.0821,0.3269,0.0000
38,55,2018,145,1,2,0,0,0,0,0,6171,1634,4440,97,317,0,11,82,23,0,13320,0,0.9843,4.1041,0.2805,0.0000
38,55,2019,145,1,2,0,0,0,0,0,0,0,0,0,0,0,0,0,0,0,0,0,0.0000,0.0000,0.0000,0.0000
38,40,2019,145,0,1,0,0,0,0,0,2827,797,1987,43,217,0,8,71,18,0,5964,0,0.9848,4.2012,0.2535,0.0000
38,40,2020,145,0,1,0,0,0,0,0,6140,1702,4327,111,394,0,15,162,37,0,12981,0,0.9819,4.1800,0.2284,0.0000
38,40,2021,145,0,1,0,0,0,0,0,6137,1697,4352,88,357,0,19,131,38,0,13056,0,0.9857,4.1698,0.2901,0.0000
38,40,2022,145,0,1,0,0,0,0,0,6142,1702,4353,87,345,0,9,151,44,0,13062,0,0.9858,4.1720,0.2914,0.0000
38,40,2023,145,0,1,1,0,0,0,797,6008,1588,4319,101,383,0,14,119,34,0,12957,0,0.9832,4.1030,0.2857,0.0000
38,40,2024,145,0,1,1,0,0,0,1610,5883,1476,4339,68,342,0,13,104,29,0,13020,0,0.9884,4.0196,0.2788,0.0000
38,40,2025,145,0,1,1,0,0,0,1610,5948,1424,4435,89,389,0,16,104,31,0,13305,0,0.9850,3.9632,0.2981,0.0000
38,40,2026,145,0,1,1,0,0,0,1610,5884,1443,4363,78,392,0,16,105,37,0,13092,0,0.9867,3.9913,0.3524,0.0000
38,40,2027,145,0,1,1,0,0,0,1610,5907,1489,4331,87,347,0,18,91,27,0,12993,0,0.9853,4.0314,0.2967,0.0000
38,40,2028,145,0,1,1,0,0,0,1610,5946,1488,4386,72,345,0,12,102,34,0,13158,0,0.9879,4.0178,0.3333,0.0000
38,40,2029,145,0,1,1,0,0,0,1610,5900,1436,4379,85,415,0,10,91,29,0,13137,0,0.9856,3.9838,0.3187,0.0000
38,40,2030,145,0,1,1,0,0,0,1610,5939,1510,4342,87,474,0,17,143,50,0,13026,0,0.9854,4.0433,0.3497,0.0000
38,40,2031,145,0,1,1,0,0,0,1610,5950,1514,4360,76,434,3,17,113,35,0,13083,0,0.9872,4.0408,0.3097,0.0000
38,40,2032,145,0,1,1,0,0,0,1610,6114,1690,4366,58,447,0,9,131,46,0,13098,0,0.9905,4.1612,0.3511,0.0000
38,40,2033,145,0,1,1,0,0,0,1610,6084,1635,4372,77,447,0,15,114,32,0,13116,0,0.9873,4.1219,0.2807,0.0000
38,40,2034,145,0,1,1,0,0,0,1610,6136,1628,4413,95,344,0,11,114,33,0,13239,0,0.9845,4.1067,0.2895,0.0000
38,40,2035,145,0,1,1,0,0,0,1610,5940,1472,4368,100,388,0,13,112,20,0,13104,0,0.9832,4.0110,0.1786,0.0000
38,40,2036,145,0,1,1,0,0,0,1610,5916,1476,4359,81,396,0,11,147,19,0,13077,0,0.9863,4.0158,0.1293,0.0000
38,40,2037,145,0,1,1,0,0,0,1620,5994,1458,4456,80,325,0,14,126,33,0,13368,0,0.9867,3.9816,0.2619,0.0000
38,40,2038,145,0,1,1,0,0,0,1620,5934,1442,4404,88,351,0,15,122,27,0,13212,0,0.9852,3.9823,0.2213,0.0000
38,40,2039,145,0,1,1,0,0,0,1620,5933,1444,4402,87,385,0,12,87,36,0,13209,0,0.9853,3.9832,0.4138,0.0000
38,40,2040,145,0,1,1,0,2,0,820,3004,723,2236,45,201,0,1,90,34,0,6708,0,0.9850,3.9700,0.3778,0.0000
39,32,2018,145,1,0,0,0,0,0,0,6008,1684,4220,104,413,0,19,139,39,0,12666,0,0.9827,4.1952,0.2806,0.0000
39,32,2019,145,1,0,0,0,0,0,0,6073,1654,4310,109,352,0,24,137,37,0,12930,0,0.9821,4.1513,0.2701,0.0000
39,32,2020,145,1,0,0,0,0,0,0,6200,1734,4356,110,414,0,12,109,36,0,13068,0,0.9823,4.1942,0.3303,0.0000
39,32,2021,145,1,0,0,0,0,0,0,6156,1680,4368,108,348,0,27,124,26,0,13104,0,0.9825,4.1538,0.2097,0.0000
39,32,2022,145,1,0,0,0,0,0,0,6172,1715,4346,111,440,0,34,159,32,0,13038,0,0.9820,4.1838,0.2013,0.0000
39,32,2023,145,1,0,1,0,0,0,723,5879,1548,4254,77,336,0,39,152,39,0,12762,0,0.9869,4.0917,0.2566,0.0000
39,32,2024,145,1,0,1,0,0,0,1468,5983,1505,4412,66,401,0,13,84,23,0,13236,0,0.9890,4.0233,0.2738,0.0000
39,32,2025,145,1,0,1,0,0,0,1468,5913,1486,4347,80,368,0,14,93,29,0,13041,0,0.9865,4.0255,0.3118,0.0000
40,60,2019,145,1,0,0,0,0,0,0,6171,1725,4330,116,440,0,15,135,33,0,12990,0,0.9812,4.1952,0.2444,0.0000
40,60,2020,145,1,0,0,0,0,0,0,1609,438,1140,31,98,0,2,49,10,0,3420,0,0.9807,4.1526,0.2041,0.0000
41,53,2019,145,1,2,0,0,0,0,0,6149,1702,4350,97,375,0,15,95,24,0,13050,0,0.9842,4.1738,0.2526,0.0000
41,53,2020,145,1,2,0,0,0,0,0,6117,1612,4370,135,348,3,30,141,44,0,13113,0,0.9779,4.1057,0.3121,0.0000
41,53,2021,145,1,2,0,0,0,0,0,6260,1754,4383,123,365,0,14,120,43,0,13149,0,0.9804,4.2005,0.3583,0.0000
41,53,2022,145,1,2,0,0,0,0,0,6125,1637,4394,94,334,0,7,121,34,0,13182,0,0.9847,4.1177,0.2810,0.0000
41,53,2023,145,1,2,1,0,0,0,723,5882,1534,4282,66,369,0,8,135,29,0,12846,0,0.9888,4.0747,0.2148,0.0000
41,53,2024,145,0,2,1,0,0,0,1610,5926,1494,4362,70,444,0,14,87,20,0,13086,0,0.9882,4.0275,0.2299,0.0000
41,53,2025,145,0,2,1,0,0,0,1610,5936,1514,4371,51,344,0,6,114,34,0,13113,0,0.9914,4.0391,0.2982,0.0000
41,53,2026,145,0,2,1,0,0,0,1610,5827,1422,4350,55,392,0,12,88,17,0,13050,0,0.9906,3.9807,0.1932,0.0000
41,53,2027,145,0,2,1,0,0,0,1610,5876,1462,4342,72,439,3,14,97,29,0,13026,0,0.9877,4.0101,0.2990,0.0000
41,53,2028,145,0,2,1,0,0,0,1610,5885,1451,4351,83,377,0,17,85,22,0,13053,0,0.9859,4.0005,0.2588,0.0000
41,53,2029,145,0,2,1,0,0,0,1610,5905,1486,4338,81,451,0,14,86,30,0,13014,0,0.9863,4.0277,0.3488,0.0000
41,53,2030,145,0,2,1,0,0,0,1610,5809,1362,4318,129,386,0,18,135,33,0,12957,0,0.9778,3.9454,0.2444,0.0000
42,55,2019,145,1,2,0,0,0,0,0,6089,1593,4399,97,348,0,15,101,25,0,13197,0,0.9841,4.0864,0.2475,0.0000
42,55,2020,145,1,2,0,0,0,0,0,3374,923,2395,56,203,2,9,71,13,0,7185,0,0.9834,4.1562,0.1831,0.0000
44,60,2020,145,1,0,0,0,0,0,0,4415,1184,3158,73,273,0,8,108,32,0,9474,0,0.9835,4.1248,0.2963,0.0000
44,60,2021,145,1,0,0,0,0,0,0,6181,1687,4380,114,379,0,20,141,41,0,13143,0,0.9816,4.1545,0.2908,0.0000
44,60,2022,145,1,0,0,0,0,0,0,6202,1698,4422,82,307,0,10,166,36,0,13266,0,0.9868,4.1520,0.2169,0.0000
44,60,2023,145,1,0,1,0,0,0,723,6114,1636,4398,80,427,0,12,139,34,0,13194,0,0.9869,4.1160,0.2446,0.0000
44,60,2024,145,1,0,1,0,0,0,1468,6026,1593,4339,94,351,0,12,134,30,0,13017,0,0.9844,4.1014,0.2239,0.0000
44,60,2025,145,1,0,1,0,0,0,1468,6042,1577,4379,86,340,0,21,105,30,0,13140,0,0.9858,4.0795,0.2857,0.0000
44,60,2026,145,1,0,1,0,0,0,1468,6062,1656,4314,92,435,0,23,143,31,0,12945,0,0.9848,4.1506,0.2168,0.0000
44,60,2027,145,1,0,1,0,0,0,1468,6180,1664,4417,99,389,0,17,125,36,0,13251,0,0.9840,4.1302,0.2880,0.0000
44,60,2028,145,1,0,1,0,0,0,1468,5972,1542,4347,83,319,0,10,143,38,0,13041,0,0.9861,4.0642,0.2657,0.0000
44,60,2029,145,1,0,1,0,0,0,1468,5936,1492,4355,89,368,0,16,137,34,0,13068,0,0.9850,4.0269,0.2482,0.0000
44,60,2030,145,1,0,1,0,0,0,1468,6045,1524,4414,107,387,0,18,126,32,0,13242,0,0.9823,4.0358,0.2540,0.0000
44,60,2031,145,1,0,1,0,0,0,1468,6098,1613,4398,87,385,0,9,104,41,0,13194,0,0.9857,4.1003,0.3942,0.0000
44,60,2032,145,1,0,1,0,0,0,1468,6042,1575,4396,71,406,0,20,84,22,0,13191,0,0.9882,4.0739,0.2619,0.0000
44,60,2033,145,1,0,1,0,0,0,1468,5941,1464,4384,93,341,0,13,95,24,0,13152,0,0.9843,4.0018,0.2526,0.0000
44,60,2034,145,1,0,1,0,0,0,1468,6010,1579,4352,79,421,0,13,107,29,0,13059,0,0.9869,4.0875,0.2710,0.0000
44,60,2035,145,1,0,1,0,0,0,1468,5934,1509,4344,81,406,0,16,108,26,0,13038,0,0.9863,4.0403,0.2407,0.0000
44,60,2036,145,1,0,1,0,0,0,1468,5909,1512,4287,110,410,0,15,143,25,0,12867,0,0.9814,4.0562,0.1748,0.0000
44,60,2037,145,1,0,1,0,0,0,1620,5987,1607,4287,93,444,0,17,130,43,0,12861,0,0.9845,4.1246,0.3308,0.0000
44,60,2038,145,1,0,1,0,0,0,1620,5979,1534,4352,93,473,0,20,118,22,0,13056,0,0.9844,4.0574,0.1864,0.0000
44,60,2039,145,1,0,1,0,0,0,190,654,152,492,10,31,0,1,13,4,0,1476,0,0.9847,3.9268,0.3077,0.0000
45,33,2020,145,0,0,0,0,0,0,0,2802,817,1937,48,203,0,5,86,18,0,5811,0,0.9829,4.2654,0.2093,0.0000
45,33,2021,145,0,0,0,0,0,0,0,0,0,0,0,0,0,0,0,0,0,0,0,0.0000,0.0000,0.0000,0.0000
46,55,2020,145,1,2,0,0,0,0,0,2628,653,1931,44,132,0,5,51,14,0,5793,0,0.9833,4.0145,0.2745,0.0000
46,55,2021,145,1,2,0,0,0,0,0,6254,1719,4410,125,384,0,18,143,36,0,13230,0,0.9800,4.1694,0.2517,0.0000
46,55,2022,145,1,2,0,0,0,0,0,6289,1844,4361,84,454,0,16,136,41,0,13086,0,0.9866,4.2675,0.3015,0.0000
46,55,2023,145,1,2,1,0,0,0,734,5929,1568,4293,68,391,0,8,155,43,0,12879,0,0.9885,4.0957,0.2774,0.0000
46,55,2024,145,1,2,1,0,0,0,1468,5926,1458,4397,71,296,0,11,138,42,0,13191,0,0.9880,3.9948,0.3043,0.0000
46,55,2025,145,1,2,1,0,0,0,1468,5947,1477,4394,76,373,0,14,130,35,0,13182,0,0.9872,4.0084,0.2692,0.0000
46,55,2026,145,1,2,1,0,0,0,1468,5976,1533,4370,73,369,0,19,127,23,0,13110,0,0.9878,4.0524,0.1811,0.0000
46,55,2027,145,1,2,1,0,0,0,1468,5977,1477,4424,76,314,0,11,114,35,0,13272,0,0.9873,4.0016,0.3070,0.0000
46,55,2028,145,1,2,1,0,0,0,1468,5811,1355,4383,73,280,0,14,129,36,0,13149,0,0.9874,3.9274,0.2791,0.0000
46,55,2029,145,1,2,1,0,0,0,1468,5797,1354,4365,78,334,0,16,97,24,0,13098,0,0.9865,3.9297,0.2474,0.0000
46,55,2030,145,1,2,1,0,0,0,1468,5983,1430,4464,89,324,0,25,134,40,0,13395,0,0.9851,3.9601,0.2985,0.0000
46,55,2031,145,1,2,1,0,0,0,1477,5847,1418,4371,58,363,0,9,100,32,0,13113,0,0.9901,3.9732,0.3200,0.0000
46,55,2032,145,1,2,1,0,0,0,1468,5920,1459,4377,84,328,0,7,83,19,0,13131,0,0.9858,4.0000,0.2289,0.0000
46,55,2033,145,1,2,1,0,0,0,1468,5888,1429,4382,77,376,0,10,128,40,0,13146,0,0.9869,3.9783,0.3125,0.0000
46,55,2034,145,1,2,1,0,0,0,1468,5941,1526,4316,99,339,0,22,113,33,0,12948,0,0.9833,4.0607,0.2920,0.0000
46,55,2035,145,1,2,1,0,0,0,1468,5902,1482,4333,87,419,0,4,110,38,0,12999,0,0.9853,4.0261,0.3455,0.0000
46,55,2036,145,1,2,1,0,0,0,1468,5883,1493,4303,87,432,0,15,131,35,0,12909,0,0.9852,4.0409,0.2672,0.0000
46,55,2037,145,1,2,1,0,0,0,1620,5984,1446,4420,118,373,0,12,112,35,0,13260,0,0.9803,3.9814,0.3125,0.0000
46,55,2038,145,1,2,1,0,0,0,1620,5755,1307,4381,67,291,0,12,122,32,0,13146,0,0.9884,3.8941,0.2623,0.0000
46,55,2039,145,1,2,1,0,0,0,1620,5677,1220,4381,76,243,0,6,127,34,0,13143,0,0.9866,3.8354,0.2677,0.0000
46,55,2040,145,1,2,1,0,7,0,860,3092,713,2335,44,161,0,5,106,40,0,7005,0,0.9858,3.9161,0.3774,0.0000
47,52,2020,145,1,1,0,0,0,0,0,744,211,519,14,54,0,3,20,6,0,1557,0,0.9812,4.2197,0.3000,0.0000
47,52,2021,145,1,1,0,0,0,0,0,0,0,0,0,0,0,0,0,0,0,0,0,0.0000,0.0000,0.0000,0.0000
48,47,2022,145,0,1,0,0,0,0,0,6027,1619,4336,72,384,0,10,123,31,0,13011,0,0.9881,4.1192,0.2520,0.0000
48,47,2023,145,0,1,1,0,0,0,810,5864,1483,4305,76,432,0,6,90,22,0,12918,0,0.9870,4.0325,0.2444,0.0000
48,47,2024,145,0,1,1,0,0,0,1610,5853,1448,4332,73,384,0,8,89,21,0,12996,0,0.9875,4.0028,0.2360,0.0000
48,47,2025,145,0,1,1,0,0,0,1610,5959,1551,4298,110,493,0,17,117,26,0,12894,0,0.9815,4.0826,0.2222,0.0000
48,47,2026,145,0,1,1,0,0,0,1610,6005,1578,4322,105,462,0,18,117,35,0,12966,0,0.9825,4.0953,0.2991,0.0000
48,47,2027,145,0,1,1,0,0,0,1610,5894,1500,4307,87,428,0,14,120,34,0,12921,0,0.9852,4.0448,0.2833,0.0000
48,47,2028,145,0,1,1,0,0,0,1610,5936,1440,4394,102,401,0,13,100,34,0,13182,0,0.9828,3.9832,0.3400,0.0000
48,47,2029,145,0,1,1,0,0,0,1610,5866,1432,4344,90,479,3,21,69,20,0,13032,0,0.9847,3.9890,0.2899,0.0000
48,47,2030,145,0,1,1,0,0,0,1610,5982,1515,4361,106,498,0,16,131,37,0,13086,0,0.9823,4.0413,0.2824,0.0000
48,47,2031,145,0,1,1,0,0,0,1610,5886,1483,4333,70,393,0,10,111,36,0,12999,0,0.9881,4.0268,0.3243,0.0000
48,47,2032,145,0,1,1,0,0,0,1610,6061,1605,4343,113,477,0,17,115,33,0,13029,0,0.9814,4.1087,0.2870,0.0000
48,47,2033,145,0,1,1,0,0,0,1610,5805,1412,4298,95,392,0,12,128,26,0,12894,0,0.9836,3.9856,0.2031,0.0000
48,47,2034,145,0,1,1,0,0,0,1610,5860,1453,4309,98,358,0,12,127,31,0,12927,0,0.9833,4.0116,0.2441,0.0000
48,47,2035,145,0,1,1,0,0,0,1610,5957,1498,4355,104,361,0,10,136,43,0,13065,0,0.9825,4.0319,0.3162,0.0000
48,47,2036,145,0,1,1,0,0,0,1610,5809,1421,4308,80,377,0,21,144,27,0,12924,0,0.9862,3.9896,0.1875,0.0000
48,47,2037,145,0,1,1,0,0,0,1620,5961,1566,4315,80,418,0,13,148,44,0,12948,0,0.9866,4.0878,0.2973,0.0000
48,47,2038,145,0,1,1,0,0,0,1620,6018,1589,4353,76,441,0,10,101,28,0,13062,0,0.9874,4.0942,0.2772,0.0000
48,47,2039,145,0,1,1,0,0,0,1620,5980,1565,4337,78,501,0,8,84,28,0,13011,0,0.9870,4.0825,0.3333,0.0000
48,47,2040,145,0,1,1,0,3,0,830,2994,707,2224,63,181,0,4,112,32,0,6672,0,0.9790,3.9537,0.2857,0.0000
49,52,2021,145,1,1,0,0,0,0,0,6073,1634,4328,111,334,3,13,164,45,0,12987,0,0.9817,4.1317,0.2744,0.0000
50,56,2022,145,1,1,0,0,0,0,0,493,134,348,11,33,0,0,8,2,0,1044,0,0.9777,4.1552,0.2500,0.0000
50,56,2023,145,1,1,1,0,0,0,723,6062,1624,4351,87,411,0,7,138,29,0,13053,0,0.9856,4.1197,0.2101,0.0000
50,41,2023,145,1,0,0,0,0,0,0,0,0,0,0,0,0,0,0,0,0,0,0,0.0000,0.0000,0.0000,0.0000
50,41,2024,145,1,0,1,0,0,0,1468,6009,1555,4381,73,336,0,8,141,39,0,13143,0,0.9879,4.0648,0.2766,0.0000
50,41,2025,145,1,0,1,0,0,0,1468,5911,1494,4344,73,321,0,12,129,31,0,13032,0,0.9877,4.0318,0.2403,0.0000
50,41,2026,145,1,0,1,0,0,0,1468,5862,1386,4413,63,341,0,16,103,27,0,13239,0,0.9893,3.9422,0.2621,0.0000
50,41,2027,145,1,0,1,0,0,0,1468,5822,1347,4402,73,308,0,10,84,30,0,13212,0,0.9875,3.9162,0.3571,0.0000
51,56,2022,145,1,1,0,0,0,0,0,5417,1445,3884,88,293,0,13,140,36,0,11652,0,0.9838,4.1161,0.2571,0.0000
52,54,2023,145,0,2,1,0,0,0,785,4065,1053,2943,69,264,0,14,66,17,0,8829,0,0.9830,4.0734,0.2576,0.0000
52,54,2024,145,0,2,1,0,0,0,1610,6043,1600,4363,80,459,0,12,95,19,0,13089,0,0.9868,4.1002,0.2000,0.0000
52,54,2025,145,0,2,1,0,0,0,1610,6022,1584,4348,90,459,0,15,107,30,0,13044,0,0.9851,4.0929,0.2804,0.0000
52,54,2026,145,0,2,1,0,0,0,1610,5915,1482,4355,78,440,0,10,89,24,0,13065,0,0.9868,4.0209,0.2697,0.0000
52,54,2027,145,0,2,1,0,0,0,1610,5840,1422,4333,85,408,0,16,70,24,0,12999,0,0.9854,3.9845,0.3429,0.0000
52,54,2028,145,0,2,1,0,0,0,1610,5969,1474,4421,74,401,0,11,98,27,0,13263,0,0.9876,4.0002,0.2755,0.0000
52,54,2029,145,0,2,1,0,0,0,1610,5850,1365,4405,80,377,0,21,73,15,0,13215,0,0.9863,3.9296,0.2055,0.0000
52,54,2030,145,0,2,1,0,0,0,1610,5795,1404,4321,70,383,0,14,96,32,0,12963,0,0.9879,3.9748,0.3333,0.0000
52,54,2031,145,0,2,1,0,0,0,1610,5777,1349,4341,87,383,0,20,79,22,0,13023,0,0.9849,3.9323,0.2785,0.0000
52,54,2032,145,0,2,1,0,0,0,1610,5940,1455,4396,89,310,0,16,113,35,0,13191,0,0.9850,3.9920,0.3097,0.0000
52,54,2033,145,0,2,1,0,0,0,1610,5769,1339,4362,68,324,0,10,73,16,0,13089,0,0.9882,3.9200,0.2192,0.0000
52,54,2034,145,0,2,1,0,0,0,1610,5786,1324,4376,86,311,3,5,94,26,0,13128,0,0.9851,3.9077,0.2766,0.0000
52,54,2035,145,0,2,1,0,0,0,1610,5728,1291,4374,63,306,0,13,76,21,0,13128,0,0.9890,3.8837,0.2763,0.0000
52,54,2036,145,0,2,1,0,0,0,1610,5665,1247,4342,76,326,0,13,104,24,0,13029,0,0.9866,3.8607,0.2308,0.0000
52,54,2037,145,0,2,1,0,0,0,1620,5783,1420,4260,103,394,0,19,118,31,0,12780,0,0.9822,4.0000,0.2627,0.0000
52,54,2038,145,0,2,1,0,0,0,1620,5840,1443,4285,112,405,3,15,98,33,0,12858,0,0.9808,4.0093,0.3367,0.0000
52,54,2039,145,0,2,1,0,0,0,1620,5745,1337,4328,80,334,0,11,81,19,0,12984,0,0.9861,3.9268,0.2346,0.0000
52,54,2040,145,0,2,1,0,3,0,850,3083,726,2293,64,184,0,6,106,22,0,6879,0,0.9792,3.9498,0.2075,0.0000
54,46,2023,145,0,1,0,0,0,0,0,0,0,0,0,0,0,0,0,0,0,0,0,0.0000,0.0000,0.0000,0.0000
54,46,2024,145,0,1,1,0,0,0,1610,6034,1578,4360,96,375,0,9,116,31,0,13083,0,0.9841,4.0848,0.2672,0.0000
54,46,2025,145,0,1,1,0,0,0,1610,5943,1539,4310,94,359,0,8,126,34,0,12930,0,0.9842,4.0712,0.2698,0.0000
54,46,2026,145,0,1,1,0,0,0,1610,5874,1504,4291,79,448,0,9,111,29,0,12873,0,0.9866,4.0515,0.2613,0.0000
54,46,2027,145,0,1,1,0,0,0,1610,6040,1576,4354,110,430,0,19,125,31,0,13062,0,0.9818,4.0859,0.2480,0.0000
54,58,2028,145,0,2,1,0,0,0,1610,5861,1491,4297,73,442,0,140,121,25,0,12891,0,0.9875,4.0410,0.2066,0.0000
55,56,2024,145,1,1,1,0,0,0,1468,6180,1733,4377,70,457,0,11,116,33,0,13131,0,0.9887,4.1878,0.2845,0.0000
55,56,2025,145,1,1,1,0,0,0,1468,6141,1680,4386,75,376,0,20,132,33,0,13158,0,0.9878,4.1491,0.2500,0.0000
55,56,2026,145,1,1,1,0,0,0,1468,6022,1577,4350,95,410,0,13,128,36,0,13050,0,0.9842,4.0876,0.2812,0.0000
55,56,2027,145,1,1,1,0,0,0,1468,6118,1628,4401,89,372,0,15,128,41,0,13203,0,0.9855,4.1097,0.3203,0.0000
55,56,2028,145,1,1,1,0,0,0,1468,5858,1534,4250,74,402,0,14,130,34,0,12750,0,0.9874,4.0828,0.2615,0.0000
55,56,2029,145,1,1,1,0,0,0,1468,6012,1566,4349,97,383,0,22,133,26,0,13047,0,0.9839,4.0802,0.1955,0.0000
55,56,2030,145,1,1,1,0,0,0,1468,5998,1555,4366,77,356,0,15,153,40,0,13101,0,0.9872,4.0676,0.2614,0.0000
55,56,2031,145,1,1,1,0,0,0,1468,6102,1547,4439,116,355,0,17,149,38,0,13317,0,0.9810,4.0455,0.2550,0.0000
55,56,2032,145,1,1,1,0,0,0,1468,5958,1507,4358,93,301,0,11,143,37,0,13074,0,0.9844,4.0374,0.2587,0.0000
55,56,2033,145,1,1,1,0,0,0,1468,5976,1478,4376,122,371,0,21,136,27,0,13128,0,0.9796,4.0133,0.1985,0.0000
55,56,2034,145,1,1,1,0,0,0,1468,5955,1470,4388,97,342,0,11,125,28,0,13164,0,0.9837,4.0050,0.2240,0.0000
55,56,2035,145,1,1,1,0,0,0,1468,5936,1447,4395,94,345,0,13,152,55,0,13185,0,0.9842,3.9877,0.3618,0.0000
55,56,2036,145,1,1,1,0,0,0,1468,5902,1412,4395,95,349,0,16,162,38,0,13185,0,0.9839,3.9638,0.2346,0.0000
55,56,2037,145,1,1,1,0,0,0,1620,5975,1498,4391,86,379,0,14,153,43,0,13173,0,0.9856,4.0235,0.2810,0.0000
55,56,2038,145,1,1,1,0,0,0,1620,5914,1499,4344,71,430,0,16,93,32,0,13035,0,0.9880,4.0343,0.3441,0.0000
55,56,2039,145,1,1,1,0,0,0,1620,5936,1519,4348,69,434,0,17,126,35,0,13044,0,0.9884,4.0481,0.2778,0.0000
55,56,2040,145,1,1,1,0,4,0,830,3037,775,2223,39,182,0,7,106,36,0,6669,0,0.9872,4.0459,0.3396,0.0000
56,43,2024,145,1,2,1,0,0,0,297,1259,342,902,15,83,0,1,30,10,0,2706,0,0.9881,4.1375,0.3333,0.0000
56,41,2027,145,1,0,0,0,0,0,0,0,0,0,0,0,0,0,0,0,0,0,0,0.0000,0.0000,0.0000,0.0000
56,33,2028,145,0,0,1,0,0,0,160,585,155,418,12,71,0,1,15,1,0,1254,0,0.9795,4.1124,0.0667,0.0000
56,58,2029,145,0,2,1,0,0,0,1610,5892,1515,4299,78,483,0,22,88,20,0,12897,0,0.9868,4.0572,0.2273,0.0000
56,45,2031,145,1,2,0,0,0,0,0,0,0,0,0,0,0,0,0,0,0,0,0,0.0000,0.0000,0.0000,0.0000
56,45,2033,145,1,2,1,0,0,0,63,269,69,198,2,21,0,1,2,0,0,594,0,0.9926,4.0455,0.0000,0.0000
56,37,2033,145,1,1,1,0,0,0,36,145,41,102,2,11,0,0,3,0,0,306,0,0.9862,4.2059,0.0000,0.0000
58,43,2024,145,1,2,0,0,0,0,0,0,0,0,0,0,0,0,0,0,0,0,0,0.0000,0.0000,0.0000,0.0000
58,43,2025,145,1,2,1,0,0,0,1468,6024,1614,4333,77,378,0,18,102,31,0,12999,0,0.9872,4.1175,0.3039,0.0000
58,43,2026,145,1,2,1,0,0,0,617,2544,691,1827,26,197,0,3,54,23,0,5481,0,0.9898,4.1346,0.4259,0.0000
59,48,2025,145,0,0,1,0,0,0,1610,6099,1623,4353,123,407,0,14,110,29,0,13059,0,0.9798,4.1185,0.2636,0.0000
60,32,2025,145,1,0,0,0,0,0,0,0,0,0,0,0,0,0,0,0,0,0,0,0.0000,0.0000,0.0000,0.0000
60,32,2026,145,1,0,1,0,0,0,1468,5850,1451,4330,69,372,0,13,106,35,0,12990,0,0.9882,4.0053,0.3302,0.0000
60,32,2027,145,1,0,1,0,0,0,1468,6032,1594,4368,70,431,0,15,88,20,0,13104,0,0.9884,4.0948,0.2273,0.0000
60,32,2028,145,1,0,1,0,0,0,1468,6055,1667,4299,89,366,0,15,137,33,0,12903,0,0.9853,4.1614,0.2409,0.0000
60,32,2029,145,1,0,1,0,0,0,1468,5972,1587,4295,90,478,3,7,130,33,0,12885,0,0.9849,4.1085,0.2538,0.0000
60,32,2030,145,1,0,1,0,0,0,1468,5833,1446,4299,88,331,0,8,138,40,0,12900,0,0.9849,4.0081,0.2899,0.0000
60,32,2031,145,1,0,1,0,0,0,1468,5986,1507,4396,83,379,0,7,121,37,0,13188,0,0.9861,4.0284,0.3058,0.0000
60,32,2032,145,1,0,1,0,0,0,1468,6093,1579,4418,96,414,3,11,105,32,0,13254,0,0.9842,4.0722,0.3048,0.0000
60,32,2033,145,1,0,1,0,0,0,1468,6051,1531,4440,80,458,3,20,116,40,0,13320,0,0.9868,4.0345,0.3448,0.0000
60,32,2034,145,1,0,1,0,0,0,1468,6003,1548,4377,78,401,0,11,89,24,0,13131,0,0.9870,4.0610,0.2697,0.0000
60,32,2035,145,1,0,1,0,0,0,1468,6000,1499,4407,94,380,0,15,89,36,0,13224,0,0.9843,4.0195,0.4045,0.0000
60,32,2036,145,1,0,1,0,0,0,1468,5935,1472,4371,92,390,0,15,113,30,0,13113,0,0.9845,4.0103,0.2655,0.0000
60,32,2037,145,1,0,1,0,0,0,1620,6004,1513,4411,80,392,0,17,89,29,0,13233,0,0.9867,4.0290,0.3258,0.0000
60,32,2038,145,1,0,1,0,0,0,1620,5801,1353,4371,77,374,0,11,117,29,0,13113,0,0.9867,3.9286,0.2479,0.0000
60,32,2039,145,1,0,1,0,0,0,1620,5793,1369,4347,77,423,0,14,89,27,0,13041,0,0.9867,3.9448,0.3034,0.0000
60,32,2040,145,1,0,1,0,4,0,830,2945,686,2221,38,191,0,4,82,30,0,6663,0,0.9871,3.9266,0.3659,0.0000
61,48,2026,145,0,0,1,0,0,0,1610,5988,1553,4332,103,478,0,16,117,41,0,12996,0,0.9828,4.0755,0.3504,0.0000
61,48,2027,145,0,0,1,0,0,0,1610,5992,1578,4325,89,464,0,16,135,53,0,12975,0,0.9851,4.0946,0.3926,0.0000
61,48,2028,145,0,0,1,0,0,0,1610,5942,1527,4322,93,495,0,16,88,17,0,12969,0,0.9843,4.0590,0.1932,0.0000
61,48,2029,145,0,0,1,0,0,0,1610,5707,1363,4266,78,460,0,14,77,17,0,12798,0,0.9863,3.9585,0.2208,0.0000
61,48,2030,145,0,0,1,0,0,0,1610,5845,1472,4293,80,444,0,13,80,18,0,12879,0,0.9863,4.0287,0.2250,0.0000
61,48,2031,145,0,0,1,0,0,0,1610,5829,1453,4284,92,436,0,22,109,39,0,12852,0,0.9842,4.0175,0.3578,0.0000
61,48,2032,145,0,0,1,0,0,0,1610,6003,1583,4347,73,553,0,10,68,18,0,13041,0,0.9878,4.0925,0.2647,0.0000
61,48,2033,145,0,0,1,0,0,0,1610,5968,1538,4358,72,444,0,13,82,15,0,13074,0,0.9879,4.0587,0.1829,0.0000
61,48,2034,145,0,0,1,0,0,0,1610,5785,1446,4264,75,409,0,19,79,28,0,12792,0,0.9870,4.0174,0.3544,0.0000
61,48,2035,145,0,0,1,0,0,0,1610,5872,1444,4347,81,396,0,18,93,24,0,13041,0,0.9862,3.9965,0.2581,0.0000
61,48,2036,145,0,0,1,0,0,0,1610,5843,1409,4363,71,410,0,11,119,33,0,13089,0,0.9878,3.9688,0.2773,0.0000
61,48,2037,145,0,0,1,0,0,0,1620,5876,1416,4381,79,336,0,17,94,27,0,13143,0,0.9866,3.9696,0.2872,0.0000
61,48,2038,145,0,0,1,0,0,0,1620,5898,1470,4357,71,393,0,13,106,35,0,13071,0,0.9880,4.0122,0.3302,0.0000
61,48,2039,145,0,0,1,0,0,0,1620,5811,1425,4303,83,393,0,14,98,30,0,12912,0,0.9857,3.9926,0.3061,0.0000
61,48,2040,145,0,0,1,0,9,0,830,3106,813,2251,42,233,0,7,118,34,0,6753,0,0.9865,4.0835,0.2881,0.0000
62,49,2026,145,1,0,1,0,0,0,1015,4206,1171,2978,57,301,0,10,106,32,0,8934,0,0.9864,4.1797,0.3019,0.0000
62,49,2027,145,1,0,1,0,0,0,1468,6038,1606,4336,96,403,0,15,122,26,0,13008,0,0.9841,4.1112,0.2131,0.0000
62,49,2028,145,1,0,1,0,0,0,1468,5981,1628,4276,77,409,0,14,126,39,0,12828,0,0.9871,4.1422,0.3095,0.0000
62,49,2029,145,1,0,1,0,0,0,1468,5973,1609,4293,71,407,0,13,118,36,0,12879,0,0.9881,4.1244,0.3051,0.0000
62,49,2030,145,1,0,1,0,0,0,1468,5881,1501,4302,78,328,0,18,145,46,0,12906,0,0.9867,4.0467,0.3172,0.0000
62,49,2031,145,1,0,1,0,0,0,1468,6005,1569,4353,83,384,0,16,146,45,0,13065,0,0.9862,4.0794,0.3082,0.0000
62,49,2032,145,1,0,1,0,0,0,1468,6126,1683,4360,83,448,0,10,129,38,0,13080,0,0.9865,4.1580,0.2946,0.0000
62,49,2033,145,1,0,1,0,0,0,1468,6042,1556,4400,86,420,0,9,111,22,0,13200,0,0.9858,4.0609,0.1982,0.0000
62,49,2034,145,1,0,1,0,0,0,1468,6049,1607,4361,81,428,0,14,127,48,0,13083,0,0.9866,4.1055,0.3780,0.0000
62,49,2035,145,1,0,1,0,0,0,1468,5932,1467,4383,82,381,0,17,100,32,0,13149,0,0.9862,4.0041,0.3200,0.0000
62,49,2036,145,1,0,1,0,0,0,1468,5942,1482,4395,65,324,0,18,116,33,0,13188,0,0.9891,4.0107,0.2845,0.0000
62,49,2037,145,1,0,1,0,0,0,1620,6058,1559,4425,74,354,0,16,107,34,0,13278,0,0.9878,4.0560,0.3178,0.0000
62,49,2038,145,1,0,1,0,0,0,1620,5822,1406,4313,103,381,0,14,111,38,0,12939,0,0.9823,3.9780,0.3423,0.0000
62,49,2039,145,1,0,1,0,0,0,1620,5817,1419,4310,88,415,0,9,103,32,0,12930,0,0.9849,3.9877,0.3107,0.0000
62,49,2040,145,1,0,1,0,1,0,830,3025,726,2247,52,198,0,4,90,32,0,6741,0,0.9828,3.9693,0.3556,0.0000
63,43,2026,145,1,2,1,0,0,0,851,3559,956,2549,54,231,0,7,77,26,0,7647,0,0.9848,4.1251,0.3377,0.0000
63,43,2027,145,1,2,1,0,0,0,1468,6036,1550,4391,95,367,0,13,132,41,0,13173,0,0.9843,4.0590,0.3106,0.0000
63,43,2028,145,1,2,1,0,0,0,1468,5969,1548,4330,91,386,0,12,136,38,0,12993,0,0.9848,4.0716,0.2794,0.0000
63,43,2029,145,1,2,1,0,0,0,1468,5827,1438,4301,88,308,0,13,140,31,0,12903,0,0.9849,4.0030,0.2214,0.0000
63,43,2030,145,1,2,1,0,0,0,1468,5839,1367,4378,94,360,0,11,129,29,0,13134,0,0.9839,3.9367,0.2248,0.0000
63,43,2031,145,1,2,1,0,0,0,1468,5868,1461,4323,84,377,0,14,131,32,0,12972,0,0.9857,4.0130,0.2443,0.0000
63,43,2032,145,1,2,1,0,0,0,1468,5919,1489,4318,112,417,0,10,140,28,0,12954,0,0.9811,4.0345,0.2000,0.0000
63,43,2033,145,1,2,1,0,0,0,1468,5984,1460,4442,82,389,0,10,127,30,0,13329,0,0.9863,3.9851,0.2362,0.0000
63,43,2034,145,1,2,1,0,0,0,1468,5983,1539,4358,86,456,0,19,135,43,0,13074,0,0.9856,4.0594,0.3185,0.0000
63,43,2035,145,1,2,1,0,0,0,1468,5910,1452,4372,86,432,0,11,98,23,0,13116,0,0.9854,3.9963,0.2347,0.0000
63,43,2036,145,1,2,1,0,0,0,1468,5940,1452,4399,89,379,0,12,124,33,0,13197,0,0.9850,3.9902,0.2661,0.0000
63,43,2037,145,1,2,1,0,0,0,1620,5993,1569,4318,106,423,0,9,126,39,0,12954,0,0.9823,4.0901,0.3095,0.0000
63,43,2038,145,1,2,1,0,0,0,1620,5986,1598,4300,88,431,0,13,89,27,0,12900,0,0.9853,4.1149,0.3034,0.0000
63,43,2039,145,1,2,1,0,0,0,1620,5890,1462,4319,109,401,0,14,121,36,0,12957,0,0.9815,4.0155,0.2975,0.0000
63,43,2040,145,1,2,1,0,9,0,840,3138,843,2232,63,194,0,7,138,26,0,6696,0,0.9799,4.1331,0.1884,0.0000
64,33,2028,145,0,0,1,0,0,0,1450,5351,1395,3871,85,434,0,22,113,28,0,11616,0,0.9841,4.0801,0.2478,0.0000
64,33,2029,145,0,0,1,0,0,0,1610,5810,1453,4266,91,421,0,29,127,39,0,12798,0,0.9843,4.0218,0.3071,0.0000
65,33,2030,145,0,0,1,0,0,0,1610,5773,1367,4323,83,369,0,21,110,32,0,12969,0,0.9856,3.9486,0.2909,0.0000
65,33,2031,145,0,0,1,0,0,0,1610,5770,1391,4299,80,379,0,15,106,26,0,12897,0,0.9861,3.9707,0.2453,0.0000
65,33,2032,145,0,0,1,0,0,0,1610,5860,1468,4322,70,447,0,11,98,40,0,12969,0,0.9881,4.0180,0.4082,0.0000
65,33,2033,145,0,0,1,0,0,0,1610,5993,1546,4370,77,456,0,16,87,27,0,13110,0,0.9872,4.0613,0.3103,0.0000
65,33,2034,145,0,0,1,0,0,0,1610,5822,1436,4300,86,413,3,16,99,35,0,12900,0,0.9852,4.0019,0.3535,0.0000
65,33,2035,145,0,0,1,0,0,0,1610,5902,1506,4290,106,438,0,18,126,39,0,12873,0,0.9820,4.0522,0.3095,0.0000
65,33,2036,145,0,0,1,0,0,0,1610,5805,1437,4268,100,371,0,11,118,33,0,12807,0,0.9828,4.0091,0.2797,0.0000
65,33,2037,145,0,0,1,0,0,0,1620,5946,1519,4340,87,419,0,11,140,32,0,13020,0,0.9854,4.0500,0.2286,0.0000
65,33,2038,145,0,0,1,0,0,0,1620,5932,1466,4380,86,438,0,17,112,24,0,13140,0,0.9855,4.0041,0.2143,0.0000
65,33,2039,145,0,0,1,0,0,0,1620,6011,1544,4388,79,398,0,11,126,27,0,13164,0,0.9869,4.0556,0.2143,0.0000
65,33,2040,145,0,0,1,0,1,0,300,1071,250,807,14,76,0,4,14,4,0,2421,0,0.9869,3.9294,0.2857,0.0000
66,58,2029,145,0,2,0,0,0,0,0,0,0,0,0,0,0,0,0,0,0,0,0,0.0000,0.0000,0.0000,0.0000
66,58,2030,145,0,2,1,0,0,0,1610,5957,1504,4366,87,392,0,15,103,32,0,13098,0,0.9854,4.0334,0.3107,0.0000
66,58,2031,145,0,2,1,0,0,0,1610,5985,1518,4389,78,419,0,13,80,25,0,13167,0,0.9870,4.0376,0.3125,0.0000
66,58,2032,145,0,2,1,0,0,0,1610,5930,1569,4299,62,459,0,13,65,19,0,12897,0,0.9895,4.0949,0.2923,0.0000
66,58,2033,145,0,2,1,0,0,0,1610,5896,1501,4312,83,420,0,16,81,24,0,12936,0,0.9859,4.0443,0.2963,0.0000
66,58,2034,145,0,2,1,0,0,0,1610,5783,1403,4322,58,404,0,13,121,34,0,12966,0,0.9900,3.9739,0.2810,0.0000
66,58,2035,145,0,2,1,0,0,0,1610,5787,1387,4307,93,352,0,16,97,35,0,12924,0,0.9839,3.9652,0.3608,0.0000
66,58,2036,145,0,2,1,0,0,0,1610,5851,1408,4360,83,386,0,11,132,24,0,13083,0,0.9858,3.9679,0.1818,0.0000
66,58,2037,145,0,2,1,0,0,0,1620,5835,1472,4288,75,451,0,16,102,23,0,12864,0,0.9871,4.0299,0.2255,0.0000
66,58,2038,145,0,2,1,0,0,0,1620,5981,1551,4334,96,513,0,7,90,24,0,13002,0,0.9839,4.0736,0.2667,0.0000
66,58,2039,145,0,2,1,0,0,0,1630,5929,1510,4336,83,471,0,19,68,21,0,13008,0,0.9860,4.0447,0.3088,0.0000
66,58,2040,145,0,2,1,0,6,0,850,3108,758,2309,41,236,0,4,92,30,0,6927,0,0.9868,3.9848,0.3261,0.0000
67,53,2031,145,0,2,1,0,0,0,1610,5925,1530,4308,87,429,0,22,106,32,0,12924,0,0.9853,4.0655,0.3019,0.0000
67,53,2032,145,0,2,1,0,0,0,1610,5834,1444,4300,90,430,0,9,116,36,0,12900,0,0.9846,4.0074,0.3103,0.0000
67,53,2033,145,0,2,1,0,0,0,1610,5831,1479,4281,71,409,0,13,119,21,0,12843,0,0.9878,4.0364,0.1765,0.0000
67,53,2034,145,0,2,1,0,0,0,1610,5905,1541,4298,66,361,3,12,123,32,0,12894,0,0.9888,4.0756,0.2602,0.0000
67,53,2035,145,0,2,1,0,0,0,1610,5832,1409,4349,74,402,0,17,84,26,0,13047,0,0.9873,3.9719,0.3095,0.0000
67,53,2036,145,0,2,1,0,0,0,1610,5822,1336,4398,88,399,0,21,100,28,0,13194,0,0.9849,3.9113,0.2800,0.0000
67,53,2037,145,0,2,1,0,0,0,1620,5825,1378,4375,72,333,0,11,79,20,0,13125,0,0.9876,3.9449,0.2532,0.0000
67,53,2038,145,0,2,1,0,0,0,1620,5689,1292,4329,68,304,0,10,96,21,0,12987,0,0.9880,3.8954,0.2188,0.0000
67,53,2039,145,0,2,1,0,0,0,1620,5747,1297,4377,73,315,0,9,68,12,0,13131,0,0.9873,3.8890,0.1765,0.0000
67,53,2040,145,0,2,1,0,9,0,220,808,191,603,14,38,0,1,28,8,0,1809,0,0.9827,3.9502,0.2857,0.0000
68,45,2030,145,1,2,1,0,0,0,1468,5779,1344,4350,85,243,0,11,121,34,0,13053,0,0.9853,3.9260,0.2810,0.0000
70,45,2031,145,1,2,1,0,0,0,1468,5923,1429,4409,85,379,0,18,81,20,0,13227,0,0.9856,3.9723,0.2469,0.0000
70,45,2032,145,1,2,1,0,0,0,1468,5885,1451,4366,68,396,0,14,79,26,0,13098,0,0.9884,3.9970,0.3291,0.0000
71,52,2032,145,1,1,1,0,0,0,1468,5911,1519,4297,95,402,0,14,124,24,0,12891,0,0.9839,4.0605,0.1935,0.0000
71,52,2033,145,1,1,1,0,0,0,1468,6068,1645,4333,90,512,0,8,142,42,0,12999,0,0.9852,4.1389,0.2958,0.0000
71,52,2034,145,1,1,1,0,0,0,1468,6053,1714,4264,75,554,0,13,119,38,0,12792,0,0.9876,4.2059,0.3193,0.0000
71,52,2035,145,1,1,1,0,0,0,1468,6142,1655,4406,81,362,0,15,113,31,0,13221,0,0.9868,4.1259,0.2743,0.0000
71,52,2036,145,1,1,1,0,0,0,1468,6020,1573,4353,94,386,0,6,125,40,0,13059,0,0.9844,4.0841,0.3200,0.0000
71,52,2037,145,1,1,1,0,0,0,1620,5900,1444,4387,69,268,0,16,153,49,0,13161,0,0.9883,3.9875,0.3203,0.0000
71,52,2038,145,1,1,1,0,0,0,1630,5818,1382,4359,77,294,0,17,99,32,0,13077,0,0.9868,3.9511,0.3232,0.0000
71,52,2039,145,1,1,1,0,0,0,1620,5939,1477,4396,66,344,0,16,80,18,0,13188,0,0.9889,4.0080,0.2250,0.0000
71,52,2040,145,1,1,1,0,9,0,840,3009,703,2274,32,158,0,5,94,24,0,6822,0,0.9894,3.9274,0.2553,0.0000
72,57,2032,145,0,0,1,0,0,0,1610,5910,1453,4368,89,453,3,14,106,38,0,13104,0,0.9849,3.9979,0.3585,0.0000
72,57,2033,145,0,0,1,0,0,0,1610,5868,1469,4308,91,331,0,11,118,24,0,12927,0,0.9845,4.0220,0.2034,0.0000
72,57,2034,145,0,0,1,0,0,0,1610,5688,1326,4287,75,389,0,15,93,22,0,12861,0,0.9868,3.9279,0.2366,0.0000
72,57,2035,145,0,0,1,0,0,0,1610,5712,1331,4303,78,325,0,14,93,23,0,12909,0,0.9863,3.9280,0.2473,0.0000
72,57,2036,145,0,0,1,0,0,0,1610,5757,1333,4346,78,359,0,4,107,25,0,13041,0,0.9865,3.9193,0.2336,0.0000
72,57,2037,145,0,0,1,0,0,0,1620,5849,1379,4384,86,421,3,10,109,26,0,13152,0,0.9853,3.9437,0.2385,0.0000
72,57,2038,145,0,0,1,0,0,0,1620,5776,1371,4335,70,358,0,19,94,19,0,13005,0,0.9879,3.9488,0.2021,0.0000
72,57,2039,145,0,0,1,0,0,0,1620,5791,1363,4352,76,426,0,9,74,17,0,13056,0,0.9869,3.9396,0.2297,0.0000
72,57,2040,145,0,0,1,0,9,0,830,2880,651,2189,40,200,0,6,78,16,0,6567,0,0.9861,3.8922,0.2051,0.0000
73,45,2033,145,1,2,1,0,0,0,671,2719,678,1999,42,209,0,9,39,15,0,6000,0,0.9846,4.0155,0.3846,0.0000
74,37,2034,145,1,1,1,0,0,0,1468,6036,1628,4311,97,489,0,10,116,33,0,12933,0,0.9839,4.1329,0.2845,0.0000
74,37,2035,145,1,1,1,0,0,0,1468,5976,1486,4395,95,348,0,14,111,24,0,13185,0,0.9841,4.0143,0.2162,0.0000
74,37,2036,145,1,1,1,0,0,0,1468,5855,1418,4350,87,325,0,18,111,31,0,13050,0,0.9851,3.9779,0.2793,0.0000
74,37,2037,145,1,1,1,0,0,0,1620,5791,1392,4310,89,347,0,15,140,31,0,12930,0,0.9846,3.9689,0.2214,0.0000
74,37,2038,145,1,1,1,0,0,0,1630,5872,1412,4378,82,315,0,10,110,26,0,13137,0,0.9860,3.9667,0.2364,0.0000
74,37,2039,145,1,1,1,0,0,0,1620,5768,1360,4326,82,306,0,10,123,37,0,12978,0,0.9858,3.9431,0.3008,0.0000
74,37,2040,145,1,1,1,0,3,0,840,3110,788,2277,45,152,0,8,120,46,0,6831,0,0.9855,4.0382,0.3833,0.0000
75,37,2033,145,1,1,1,0,0,0,602,2500,667,1792,41,189,0,5,64,11,0,5376,0,0.9836,4.1166,0.1719,0.0000
76,34,2037,145,0,0,1,0,0,0,1120,4047,951,3052,44,241,0,6,86,22,0,9156,0,0.9891,3.9348,0.2558,0.0000
76,34,2038,145,0,0,1,0,0,0,1620,5766,1347,4342,77,297,0,11,92,26,0,13026,0,0.9866,3.9307,0.2826,0.0000
76,34,2039,145,0,0,1,0,0,0,1640,5895,1379,4436,80,390,0,12,111,36,0,13308,0,0.9864,3.9326,0.3243,0.0000
76,34,2040,145,0,0,1,0,8,0,850,2991,689,2253,49,179,0,8,110,32,0,6759,0,0.9836,3.9174,0.2909,0.0000
77,60,2039,145,1,0,1,0,0,0,1430,5220,1326,3822,72,373,0,13,111,37,0,11466,0,0.9862,4.0408,0.3333,0.0000
77,60,2040,145,1,0,1,0,7,0,820,2974,744,2189,41,202,0,9,108,36,0,6567,0,0.9862,4.0196,0.3333,0.0000
78,33,2040,145,0,0,1,0,9,0,560,1999,490,1479,30,98,0,7,68,12,0,4437,0,0.9850,3.9939,0.1765,0.0000
