human_manager_id,team_id,year,league_id,sub_league_id,division_id,g,w,l,pos,pct,gb,streak,magic_number
1,52,2020,145,1,1,13,8,5,4,0.6154,14.0000,0,0
1,52,2021,145,1,1,0,0,0,2,0.0000,0.0000,0,0
2,39,2017,145,1,2,162,99,63,1,0.6111,0.0000,0,0
2,39,2018,145,1,2,162,95,67,2,0.5864,15.0000,0,0
2,39,2019,145,1,2,162,95,67,2,0.5864,3.0000,0,0
2,39,2020,145,1,2,162,98,64,2,0.6049,6.0000,0,0
2,39,2021,145,1,2,162,75,87,2,0.4630,46.0000,0,0
2,39,2022,145,1,2,162,76,86,3,0.4691,31.0000,0,0
2,39,2023,145,1,2,161,88,73,2,0.5466,7.5000,0,0
2,39,2024,145,1,2,162,73,89,5,0.4506,18.0000,0,0
2,39,2025,145,1,2,162,62,100,5,0.3827,37.0000,0,0
2,39,2026,145,1,2,162,58,104,5,0.3580,43.0000,0,0
2,39,2027,145,1,2,162,74,88,3,0.4568,35.0000,0,0
2,39,2028,145,1,2,162,75,87,4,0.4630,30.0000,0,0
2,39,2029,145,1,2,162,103,59,1,0.6358,0.0000,0,0
2,39,2030,145,1,2,162,104,58,1,0.6420,0.0000,0,0
2,39,2031,145,1,2,163,99,64,1,0.6074,0.0000,0,0
2,39,2032,145,1,2,162,86,76,2,0.5309,19.0000,0,0
2,39,2033,145,1,2,162,88,74,3,0.5432,10.0000,0,0
2,39,2034,145,1,2,162,107,55,1,0.6605,0.0000,0,0
2,39,2035,145,1,2,162,76,86,2,0.4691,27.0000,0,0
2,39,2036,145,1,2,162,79,83,3,0.4877,23.0000,0,0
2,39,2037,145,1,2,162,89,73,3,0.5494,9.0000,0,0
2,39,2038,145,1,2,162,73,89,4,0.4506,26.0000,0,0
2,39,2039,145,1,2,162,66,96,5,0.4074,32.0000,0,0
2,39,2040,145,1,2,85,45,40,3,0.5294,9.5000,0,0
3,32,2017,145,1,0,162,70,92,4,0.4321,36.0000,0,0
3,32,2018,145,1,0,6,2,4,5,0.3333,3.0000,0,0
3,33,2021,145,0,0,162,57,105,5,0.3519,33.0000,0,0
3,33,2022,145,0,0,162,63,99,4,0.3889,40.0000,0,0
3,33,2023,145,0,0,161,77,84,3,0.4783,17.5000,0,0
3,33,2024,145,0,0,162,83,79,3,0.5123,10.0000,0,0
3,33,2025,145,0,0,162,96,66,2,0.5926,2.0000,0,0
3,33,2026,145,0,0,162,59,103,5,0.3642,39.0000,0,0
3,33,2027,145,0,0,162,72,90,3,0.4444,22.0000,0,0
3,33,2028,145,0,0,0,0,0,1,0.0000,0.0000,0,0
4,34,2017,145,0,0,163,88,75,2,0.5399,14.5000,0,0
4,34,2018,145,0,0,162,87,75,2,0.5370,18.0000,0,0
4,34,2019,145,0,0,162,84,78,3,0.5185,9.0000,0,0
4,34,2020,145,0,0,162,83,79,4,0.5123,13.0000,0,0
4,34,2021,145,0,0,162,70,92,4,0.4321,20.0000,0,0
4,34,2022,145,0,0,162,58,104,5,0.3580,45.0000,0,0
4,34,2023,145,0,0,162,76,86,4,0.4691,19.0000,0,0
4,34,2024,145,0,0,162,69,93,4,0.4259,24.0000,0,0
4,34,2025,145,0,0,162,47,115,5,0.2901,51.0000,0,0
4,34,2026,145,0,0,162,64,98,4,0.3951,34.0000,0,0
4,34,2027,145,0,0,162,70,92,4,0.4321,24.0000,0,0
4,34,2028,145,0,0,162,65,97,3,0.4012,31.0000,0,0
4,34,2029,145,0,0,162,95,67,2,0.5864,11.0000,0,0
4,34,2030,145,0,0,162,94,68,2,0.5802,9.0000,0,0
4,34,2031,145,0,0,162,78,84,2,0.4815,22.0000,0,0
4,34,2032,145,0,0,162,79,83,3,0.4877,12.0000,0,0
4,34,2033,145,0,0,162,76,86,3,0.4691,9.0000,0,0
4,34,2034,145,0,0,162,65,97,5,0.4012,22.0000,0,0
4,34,2035,145,0,0,162,80,82,3,0.4938,8.0000,0,0
4,34,2036,145,0,0,162,74,88,4,0.4568,26.0000,0,0
4,34,2037,145,0,0,50,16,34,5,0.3200,20.0000,0,0
5,35,2017,145,0,1,162,65,97,4,0.4012,34.0000,0,0
5,35,2018,145,0,1,162,71,91,3,0.4383,25.0000,0,0
5,35,2019,145,0,1,162,78,84,3,0.4815,22.0000,0,0
5,35,2020,145,0,1,162,82,80,3,0.5062,15.0000,0,0
5,35,2021,145,0,1,162,90,72,2,0.5556,10.0000,0,0
5,35,2022,145,0,1,162,80,82,3,0.4938,17.0000,0,0
5,35,2023,145,0,1,162,89,73,2,0.5494,4.5000,0,0
5,35,2024,145,0,1,162,74,88,5,0.4568,29.0000,0,0
5,35,2025,145,0,1,162,72,90,3,0.4444,42.0000,0,0
5,35,2026,145,0,1,162,108,54,1,0.6667,0.0000,0,0
5,35,2027,145,0,1,162,101,61,2,0.6235,1.0000,0,0
5,35,2028,145,0,1,162,96,66,2,0.5926,5.0000,0,0
5,35,2029,145,0,1,162,100,62,2,0.6173,5.0000,0,0
5,35,2030,145,0,1,162,97,65,2,0.5988,11.0000,0,0
5,35,2031,145,0,1,162,81,81,3,0.5000,7.0000,0,0
5,35,2032,145,0,1,162,63,99,4,0.3889,40.0000,0,0
5,35,2033,145,0,1,162,69,93,4,0.4259,32.0000,0,0
5,35,2034,145,0,1,162,72,90,4,0.4444,31.0000,0,0
5,35,2035,145,0,1,162,52,110,5,0.3210,57.0000,0,0
5,35,2036,145,0,1,162,68,94,4,0.4198,34.0000,0,0
5,35,2037,145,0,1,162,78,84,3,0.4815,24.0000,0,0
5,35,2038,145,0,1,162,82,80,3,0.5062,20.0000,0,0
5,35,2039,145,0,1,162,74,88,4,0.4568,25.0000,0,0
5,35,2040,145,0,1,82,32,50,4,0.3902,19.0000,0,0
6,36,2017,145,1,1,162,93,69,1,0.5741,0.0000,0,0
6,36,2018,145,1,1,162,100,62,1,0.6173,0.0000,0,0
6,36,2019,145,1,1,162,99,63,1,0.6111,0.0000,0,0
6,36,2020,145,1,1,162,101,61,1,0.6235,0.0000,0,0
6,36,2021,145,1,1,162,87,75,2,0.5370,2.0000,0,0
6,36,2022,145,1,1,162,103,59,1,0.6358,0.0000,0,0
6,36,2023,145,1,1,161,78,83,4,0.4845,11.0000,0,0
6,36,2024,145,1,1,162,75,87,2,0.4630,17.0000,0,0
6,36,2025,145,1,1,162,62,100,4,0.3827,32.0000,0,0
6,36,2026,145,1,1,162,70,92,4,0.4321,26.0000,0,0
6,36,2027,145,1,1,162,68,94,3,0.4198,28.0000,0,0
6,36,2028,145,1,1,162,91,71,2,0.5617,8.0000,0,0
6,36,2029,145,1,1,162,92,70,1,0.5679,0.0000,0,0
6,36,2030,145,1,1,162,87,75,3,0.5370,17.0000,0,0
6,36,2031,145,1,1,162,98,64,1,0.6049,0.0000,0,0
6,36,2032,145,1,1,162,95,67,1,0.5864,0.0000,0,0
6,36,2033,145,1,1,162,104,58,2,0.6420,5.0000,0,0
6,36,2034,145,1,1,162,89,73,2,0.5494,6.0000,0,0
6,36,2035,145,1,1,162,93,69,3,0.5741,5.0000,0,0
6,36,2036,145,1,1,162,71,91,5,0.4383,17.0000,0,0
6,36,2037,145,1,1,162,58,104,5,0.3580,43.0000,0,0
6,36,2038,145,1,1,162,63,99,5,0.3889,30.5000,0,0
6,36,2039,145,1,1,162,57,105,5,0.3519,43.0000,0,0
6,36,2040,145,1,1,84,26,58,5,0.3095,23.0000,0,0
7,38,2017,145,0,1,162,99,63,1,0.6111,0.0000,0,0
7,38,2018,145,0,1,162,96,66,1,0.5926,0.0000,0,0
7,38,2019,145,0,1,162,89,73,2,0.5494,11.0000,0,0
7,38,2020,145,0,1,162,95,67,2,0.5864,2.0000,0,0
7,38,2021,145,0,1,162,73,89,3,0.4506,27.0000,0,0
7,38,2022,145,0,1,162,65,97,4,0.4012,32.0000,0,0
7,38,2023,145,0,1,162,66,96,5,0.4074,27.5000,0,0
7,38,2024,145,0,1,162,92,70,3,0.5679,11.0000,0,0
7,38,2025,145,0,1,162,97,65,2,0.5988,17.0000,0,0
7,38,2026,145,0,1,162,95,67,2,0.5864,13.0000,0,0
7,38,2027,145,0,1,162,102,60,1,0.6296,0.0000,0,0
7,38,2028,145,0,1,162,90,72,3,0.5556,11.0000,0,0
7,38,2029,145,0,1,162,88,74,3,0.5432,17.0000,0,0
7,38,2030,145,0,1,162,108,54,1,0.6667,0.0000,0,0
7,38,2031,145,0,1,162,88,74,1,0.5432,0.0000,0,0
7,38,2032,145,0,1,162,103,59,1,0.6358,0.0000,0,0
7,38,2033,145,0,1,162,99,63,2,0.6111,2.0000,0,0
7,38,2034,145,0,1,162,103,59,1,0.6358,0.0000,0,0
7,38,2035,145,0,1,162,109,53,1,0.6728,0.0000,0,0
7,38,2036,145,0,1,162,91,71,2,0.5617,11.0000,0,0
7,38,2037,145,0,1,162,102,60,1,0.6296,0.0000,0,0
7,38,2038,145,0,1,162,102,60,1,0.6296,0.0000,0,0
7,38,2039,145,0,1,163,89,74,2,0.5460,10.5000,0,0
7,38,2040,145,0,1,85,49,36,2,0.5765,3.5000,0,0
8,40,2017,145,0,1,162,69,93,3,0.4259,30.0000,0,0
8,40,2018,145,0,1,162,86,76,2,0.5309,10.0000,0,0
8,40,2019,145,0,1,87,34,53,4,0.3908,18.5000,0,0
9,42,2017,145,0,2,163,89,74,3,0.5460,3.0000,0,0
9,42,2018,145,0,2,162,98,64,2,0.6049,1.0000,0,0
9,42,2019,145,0,2,162,97,65,2,0.5988,2.0000,0,0
9,42,2020,145,0,2,162,107,55,1,0.6605,0.0000,0,0
9,42,2021,145,0,2,162,96,66,2,0.5926,9.0000,0,0
9,42,2022,145,0,2,162,105,57,1,0.6481,0.0000,0,0
9,42,2023,145,0,2,161,99,62,1,0.6149,0.0000,0,0
9,42,2024,145,0,2,162,106,56,1,0.6543,0.0000,0,0
9,42,2025,145,0,2,162,93,69,1,0.5741,0.0000,0,0
9,42,2026,145,0,2,162,81,81,4,0.5000,30.0000,0,0
9,42,2027,145,0,2,162,81,81,4,0.5000,17.0000,0,0
9,42,2028,145,0,2,162,81,81,3,0.5000,21.0000,0,0
9,42,2029,145,0,2,162,77,85,3,0.4753,34.0000,0,0
9,42,2030,145,0,2,162,66,96,4,0.4074,35.0000,0,0
9,42,2031,145,0,2,162,82,80,3,0.5062,12.0000,0,0
9,42,2032,145,0,2,162,88,74,2,0.5432,20.0000,0,0
9,42,2033,145,0,2,162,80,82,3,0.4938,29.0000,0,0
9,42,2034,145,0,2,162,73,89,3,0.4506,31.0000,0,0
9,42,2035,145,0,2,162,74,88,4,0.4568,28.0000,0,0
9,42,2036,145,0,2,162,70,92,4,0.4321,34.0000,0,0
9,42,2037,145,0,2,162,66,96,4,0.4074,45.0000,0,0
9,42,2038,145,0,2,162,85,77,3,0.5247,13.0000,0,0
9,42,2039,145,0,2,162,80,82,3,0.4938,22.0000,0,0
9,42,2040,145,0,2,86,47,39,2,0.5465,9.5000,0,0
10,43,2017,145,0,1,162,81,81,2,0.5000,18.0000,0,0
11,44,2017,145,0,2,20,10,10,2,0.5000,5.0000,0,0
12,45,2017,145,1,2,91,50,41,2,0.5495,3.0000,0,0
13,46,2017,145,1,1,0,0,0,1,0.0000,0.0000,0,0
13,52,2017,145,1,1,162,77,85,4,0.4753,16.0000,0,0
14,47,2017,145,0,1,162,62,100,5,0.3827,37.0000,0,0
14,47,2018,145,0,1,162,59,103,5,0.3642,37.0000,0,0
14,47,2019,145,0,1,162,100,62,1,0.6173,0.0000,0,0
14,47,2020,145,0,1,162,97,65,1,0.5988,0.0000,0,0
14,47,2021,145,0,1,162,100,62,1,0.6173,0.0000,0,0
14,52,2022,145,1,1,162,76,86,4,0.4691,27.0000,0,0
14,52,2023,145,1,1,162,83,79,2,0.5123,6.5000,0,0
14,52,2024,145,1,1,162,67,95,4,0.4136,25.0000,0,0
14,52,2025,145,1,1,162,61,101,5,0.3765,33.0000,0,0
14,52,2026,145,1,1,162,61,101,5,0.3765,35.0000,0,0
14,52,2027,145,1,1,162,67,95,5,0.4136,29.0000,0,0
14,52,2028,145,1,1,162,59,103,4,0.3642,40.0000,0,0
14,52,2029,145,1,1,162,74,88,3,0.4568,18.0000,0,0
14,52,2030,145,1,1,162,67,95,4,0.4136,37.0000,0,0
14,52,2031,145,1,1,162,68,94,4,0.4198,30.0000,0,0
14,44,2033,145,0,2,80,42,38,2,0.5250,21.0000,0,0
14,44,2034,145,0,2,162,74,88,2,0.4568,30.0000,0,0
14,44,2035,145,0,2,162,78,84,3,0.4815,24.0000,0,0
14,44,2036,145,0,2,162,61,101,5,0.3765,43.0000,0,0
14,44,2037,145,0,2,162,79,83,2,0.4877,32.0000,0,0
14,44,2038,145,0,2,162,81,81,4,0.5000,17.0000,0,0
14,44,2039,145,0,2,162,73,89,5,0.4506,29.0000,0,0
14,44,2040,145,0,2,85,30,55,5,0.3529,26.0000,0,0
15,48,2017,145,0,0,162,54,108,5,0.3333,48.0000,0,0
15,48,2018,145,0,0,162,68,94,5,0.4198,37.0000,0,0
15,48,2019,145,0,0,162,79,83,4,0.4877,14.0000,0,0
15,48,2020,145,0,0,162,96,66,1,0.5926,0.0000,0,0
15,48,2021,145,0,0,162,90,72,1,0.5556,0.0000,0,0
15,48,2022,145,0,0,162,88,74,2,0.5432,15.0000,0,0
15,48,2023,145,0,0,162,95,67,1,0.5864,0.0000,0,0
15,48,2024,145,0,0,162,87,75,2,0.5370,6.0000,0,0
15,48,2025,145,0,0,0,0,0,5,0.0000,0.0000,0,0
15,46,2028,145,0,1,162,57,105,5,0.3519,44.0000,0,0
15,46,2029,145,0,1,162,64,98,5,0.3951,41.0000,0,0
15,46,2030,145,0,1,162,51,111,5,0.3148,57.0000,0,0
15,46,2031,145,0,1,162,76,86,4,0.4691,12.0000,0,0
15,46,2032,145,0,1,162,86,76,3,0.5309,17.0000,0,0
15,46,2033,145,0,1,162,67,95,5,0.4136,34.0000,0,0
15,46,2034,145,0,1,162,89,73,3,0.5494,14.0000,0,0
15,46,2035,145,0,1,162,79,83,3,0.4877,30.0000,0,0
15,46,2036,145,0,1,162,81,81,3,0.5000,21.0000,0,0
15,46,2037,145,0,1,162,73,89,4,0.4506,29.0000,0,0
15,46,2038,145,0,1,162,55,107,5,0.3395,47.0000,0,0
15,46,2039,145,0,1,162,40,122,5,0.2469,59.0000,0,0
15,46,2040,145,0,1,85,27,58,5,0.3176,25.5000,0,0
16,49,2017,145,1,0,162,106,56,1,0.6543,0.0000,0,0
16,49,2018,145,1,0,162,94,68,1,0.5802,0.0000,0,0
16,49,2019,145,1,0,162,85,77,1,0.5247,0.0000,0,0
16,49,2020,145,1,0,162,81,81,3,0.5000,13.0000,0,0
16,49,2021,145,1,0,162,85,77,3,0.5247,10.0000,0,0
16,49,2022,145,1,0,162,81,81,3,0.5000,18.0000,0,0
16,49,2023,145,1,0,162,68,94,3,0.4198,35.0000,0,0
16,49,2024,145,1,0,162,61,101,5,0.3765,49.0000,0,0
16,49,2025,145,1,0,162,50,112,5,0.3086,50.0000,0,0
16,49,2026,145,1,0,50,16,34,5,0.3200,17.0000,0,0
17,51,2017,145,1,0,162,73,89,3,0.4506,33.0000,0,0
17,51,2018,145,1,0,162,62,100,5,0.3827,32.0000,0,0
17,51,2019,145,1,0,162,82,80,2,0.5062,3.0000,0,0
17,51,2020,145,1,0,162,94,68,1,0.5802,0.0000,0,0
17,51,2021,145,1,0,162,95,67,1,0.5864,0.0000,0,0
17,51,2022,145,1,0,162,96,66,2,0.5926,3.0000,0,0
17,51,2023,145,1,0,162,103,59,1,0.6358,0.0000,0,0
17,51,2024,145,1,0,162,110,52,1,0.6790,0.0000,0,0
17,51,2025,145,1,0,162,100,62,1,0.6173,0.0000,0,0
17,51,2026,145,1,0,162,106,56,1,0.6543,0.0000,0,0
17,51,2027,145,1,0,162,105,57,1,0.6481,0.0000,0,0
17,51,2028,145,1,0,162,104,58,2,0.6420,2.0000,0,0
17,51,2029,145,1,0,162,102,60,1,0.6296,0.0000,0,0
17,51,2030,145,1,0,162,98,64,1,0.6049,0.0000,0,0
17,51,2031,145,1,0,162,100,62,1,0.6173,0.0000,0,0
17,51,2032,145,1,0,162,90,72,2,0.5556,7.0000,0,0
17,51,2033,145,1,0,162,88,74,3,0.5432,16.0000,0,0
17,51,2034,145,1,0,162,98,64,1,0.6049,0.0000,0,0
17,51,2035,145,1,0,162,99,63,1,0.6111,0.0000,0,0
17,51,2036,145,1,0,162,102,60,1,0.6296,0.0000,0,0
17,51,2037,145,1,0,162,108,54,1,0.6667,0.0000,0,0
17,51,2038,145,1,0,162,98,64,1,0.6049,0.0000,0,0
17,51,2039,145,1,0,162,88,74,2,0.5432,3.0000,0,0
17,51,2040,145,1,0,85,50,35,1,0.5882,0.0000,0,0
18,53,2017,145,1,2,162,70,92,4,0.4321,29.0000,0,0
18,53,2018,145,1,2,162,63,99,5,0.3889,47.0000,0,0
19,56,2017,145,1,1,0,0,0,5,0.0000,0.0000,0,0
19,46,2017,145,1,1,162,84,78,3,0.5185,9.0000,0,0
19,46,2018,145,1,1,162,85,77,3,0.5247,15.0000,0,0
19,46,2019,145,1,1,162,93,69,2,0.5741,6.0000,0,0
19,46,2020,145,1,1,162,88,74,2,0.5432,13.0000,0,0
19,46,2021,145,1,1,162,75,87,3,0.4630,14.0000,0,0
19,46,2022,145,0,1,162,82,80,2,0.5062,15.0000,0,0
19,46,2023,145,0,1,161,93,68,1,0.5776,0.0000,0,0
20,58,2017,145,0,2,163,92,71,1,0.5644,0.0000,0,0
20,58,2018,145,0,2,162,99,63,1,0.6111,0.0000,0,0
20,58,2019,145,0,2,162,99,63,1,0.6111,0.0000,0,0
20,58,2020,145,0,2,162,82,80,3,0.5062,25.0000,0,0
20,58,2021,145,0,2,162,87,75,3,0.5370,18.0000,0,0
20,58,2022,145,0,2,162,85,77,3,0.5247,20.0000,0,0
20,58,2023,145,0,2,162,81,81,3,0.5000,18.5000,0,0
21,59,2017,145,0,0,75,35,40,3,0.4667,17.0000,0,0
22,60,2017,145,1,0,0,0,0,1,0.0000,0.0000,0,0
22,50,2017,145,0,2,162,75,87,5,0.4630,16.5000,0,0
22,50,2018,145,0,2,162,82,80,3,0.5062,17.0000,0,0
22,50,2019,145,0,2,162,95,67,3,0.5864,4.0000,0,0
22,50,2020,145,0,2,162,88,74,2,0.5432,19.0000,0,0
22,50,2021,145,0,2,162,105,57,1,0.6481,0.0000,0,0
22,50,2022,145,0,2,162,96,66,2,0.5926,9.0000,0,0
22,50,2023,145,0,2,161,91,70,2,0.5652,8.0000,0,0
22,50,2024,145,1,2,162,91,71,1,0.5617,0.0000,0,0
22,50,2025,145,1,2,162,97,65,2,0.5988,2.0000,0,0
22,50,2026,145,1,2,162,77,85,3,0.4753,24.0000,0,0
22,50,2027,145,1,2,162,68,94,4,0.4198,41.0000,0,0
22,50,2028,145,1,2,162,75,87,3,0.4630,30.0000,0,0
22,50,2029,145,1,2,162,77,85,4,0.4753,26.0000,0,0
22,50,2030,145,1,2,162,76,86,4,0.4691,28.0000,0,0
22,50,2031,145,1,2,162,94,68,3,0.5802,4.5000,0,0
22,50,2032,145,1,2,162,105,57,1,0.6481,0.0000,0,0
22,50,2033,145,1,2,162,98,64,1,0.6049,0.0000,0,0
22,50,2034,145,1,2,162,102,60,2,0.6296,5.0000,0,0
22,50,2035,145,1,2,162,103,59,1,0.6358,0.0000,0,0
22,50,2036,145,1,2,162,102,60,1,0.6296,0.0000,0,0
22,50,2037,145,1,2,162,98,64,1,0.6049,0.0000,0,0
22,50,2038,145,1,2,162,99,63,1,0.6111,0.0000,0,0
22,50,2039,145,1,2,162,98,64,1,0.6049,0.0000,0,0
22,50,2040,145,1,2,84,54,30,1,0.6429,0.0000,0,0
23,54,2017,145,0,2,163,91,72,2,0.5583,1.0000,0,0
23,54,2018,145,0,2,162,68,94,5,0.4198,31.0000,0,0
23,54,2019,145,0,2,162,60,102,5,0.3704,39.0000,0,0
23,54,2020,145,0,2,162,54,108,5,0.3333,53.0000,0,0
23,54,2021,145,0,2,162,73,89,5,0.4506,32.0000,0,0
23,54,2022,145,0,2,162,61,101,5,0.3765,44.0000,0,0
24,57,2017,145,0,0,162,102,60,1,0.6296,0.0000,0,0
24,57,2018,145,0,0,162,105,57,1,0.6481,0.0000,0,0
24,57,2019,145,0,0,162,93,69,1,0.5741,0.0000,0,0
24,57,2020,145,0,0,162,86,76,3,0.5309,10.0000,0,0
24,57,2021,145,0,0,162,89,73,2,0.5494,1.0000,0,0
24,57,2022,145,0,0,162,82,80,3,0.5062,21.0000,0,0
24,57,2023,145,0,0,162,63,99,5,0.3889,32.0000,0,0
24,57,2024,145,0,0,162,48,114,5,0.2963,45.0000,0,0
24,57,2025,145,0,0,162,76,86,3,0.4691,22.0000,0,0
24,57,2026,145,0,0,162,72,90,3,0.4444,26.0000,0,0
24,57,2027,145,0,0,162,83,79,2,0.5123,11.0000,0,0
24,57,2028,145,0,0,162,94,68,2,0.5802,2.0000,0,0
24,57,2029,145,0,0,162,89,73,3,0.5494,17.0000,0,0
24,57,2030,145,0,0,162,93,69,3,0.5741,10.0000,0,0
24,57,2031,145,0,0,162,100,62,1,0.6173,0.0000,0,0
25,33,2019,145,0,0,94,37,57,5,0.3936,26.0000,0,0
25,33,2020,145,0,0,90,31,59,5,0.3444,24.5000,0,0
26,41,2017,145,1,0,162,65,97,5,0.4012,41.0000,0,0
26,41,2018,145,1,0,162,77,85,2,0.4753,17.0000,0,0
26,41,2019,145,1,0,69,28,41,5,0.4058,8.5000,0,0
27,56,2017,145,1,1,162,91,71,2,0.5617,2.0000,0,0
27,56,2018,145,1,1,162,76,86,4,0.4691,24.0000,0,0
27,56,2019,145,1,1,162,82,80,4,0.5062,17.0000,0,0
27,56,2020,145,1,1,162,84,78,4,0.5185,17.0000,0,0
27,56,2021,145,1,1,162,73,89,4,0.4506,16.0000,0,0
27,56,2022,145,1,1,6,3,3,3,0.5000,2.0000,0,0
28,31,2017,145,1,2,155,64,91,5,0.4129,31.0000,0,0
28,31,2018,145,1,2,162,71,91,4,0.4383,39.0000,0,0
28,31,2019,145,1,2,162,71,91,5,0.4383,27.0000,0,0
28,31,2020,145,1,2,162,57,105,5,0.3519,47.0000,0,0
28,31,2021,145,1,2,162,71,91,3,0.4383,50.0000,0,0
28,31,2022,145,1,1,162,69,93,5,0.4259,34.0000,0,0
28,31,2023,145,1,1,162,69,93,5,0.4259,20.5000,0,0
28,31,2024,145,1,1,162,65,97,5,0.4012,27.0000,0,0
28,31,2025,145,1,1,162,74,88,3,0.4568,20.0000,0,0
28,31,2026,145,1,1,162,96,66,1,0.5926,0.0000,0,0
28,31,2027,145,1,1,162,86,76,2,0.5309,10.0000,0,0
28,31,2028,145,1,1,162,99,63,1,0.6111,0.0000,0,0
28,31,2029,145,1,1,162,86,76,2,0.5309,6.0000,0,0
28,31,2030,145,1,1,162,104,58,1,0.6420,0.0000,0,0
28,31,2031,145,1,1,162,87,75,3,0.5370,11.0000,0,0
28,31,2032,145,1,1,162,92,70,3,0.5679,3.0000,0,0
28,31,2033,145,1,1,162,82,80,3,0.5062,27.0000,0,0
28,31,2034,145,1,1,162,95,67,1,0.5864,0.0000,0,0
28,31,2035,145,1,1,162,97,65,2,0.5988,1.0000,0,0
28,31,2036,145,1,1,162,85,77,2,0.5247,3.0000,0,0
28,31,2037,145,1,1,162,75,87,4,0.4630,26.0000,0,0
28,31,2038,145,1,1,162,85,77,4,0.5247,8.5000,0,0
28,31,2039,145,1,1,162,85,77,3,0.5247,15.0000,0,0
28,31,2040,145,1,1,84,49,35,1,0.5833,0.0000,0,0
29,33,2017,145,0,0,162,69,93,4,0.4259,33.0000,0,0
29,33,2018,145,0,0,162,84,78,3,0.5185,21.0000,0,0
29,33,2019,145,0,0,68,30,38,5,0.4412,11.0000,0,0
29,41,2019,145,1,0,93,33,60,5,0.3548,24.0000,0,0
29,41,2020,145,1,0,162,66,96,4,0.4074,28.0000,0,0
29,41,2021,145,1,0,162,73,89,5,0.4506,22.0000,0,0
29,41,2022,145,1,0,162,68,94,4,0.4198,31.0000,0,0
29,41,2023,145,1,0,162,67,95,4,0.4136,36.0000,0,0
29,58,2023,145,0,2,0,0,0,3,0.0000,18.5000,0,0
29,58,2024,145,0,2,162,71,91,4,0.4383,35.0000,0,0
29,58,2025,145,0,2,162,85,77,3,0.5247,7.5000,0,0
29,58,2026,145,0,2,162,81,81,3,0.5000,30.0000,0,0
29,58,2027,145,0,2,162,82,80,3,0.5062,16.0000,0,0
29,41,2028,145,1,0,162,106,56,1,0.6543,0.0000,0,0
29,41,2029,145,1,0,162,92,70,2,0.5679,10.0000,0,0
29,41,2030,145,1,0,162,82,80,3,0.5062,16.0000,0,0
29,41,2031,145,1,0,162,96,66,3,0.5926,4.0000,0,0
29,41,2032,145,1,0,162,79,83,4,0.4877,18.0000,0,0
29,41,2033,145,1,0,162,96,66,2,0.5926,8.0000,0,0
29,41,2034,145,1,0,162,81,81,5,0.5000,17.0000,0,0
29,41,2035,145,1,0,162,77,85,4,0.4753,22.0000,0,0
29,41,2036,145,1,0,162,60,102,5,0.3704,42.0000,0,0
29,41,2037,145,1,0,162,70,92,4,0.4321,38.0000,0,0
29,41,2038,145,1,0,162,70,92,4,0.4321,28.0000,0,0
29,41,2039,145,1,0,162,78,84,4,0.4815,13.0000,0,0
29,41,2040,145,1,0,85,46,39,4,0.5412,4.0000,0,0
30,37,2017,145,1,1,162,63,99,5,0.3889,30.0000,0,0
30,37,2018,145,1,1,162,63,99,5,0.3889,37.0000,0,0
30,37,2019,145,1,1,162,61,101,5,0.3765,38.0000,0,0
30,37,2020,145,1,1,162,72,90,5,0.4444,29.0000,0,0
30,37,2021,145,1,1,162,89,73,1,0.5494,0.0000,0,0
30,37,2022,145,1,1,163,85,78,2,0.5215,18.5000,0,0
30,37,2023,145,1,1,161,89,72,1,0.5528,0.0000,0,0
30,37,2024,145,1,1,162,92,70,1,0.5679,0.0000,0,0
30,37,2025,145,1,1,162,94,68,1,0.5802,0.0000,0,0
30,37,2026,145,1,1,162,93,69,2,0.5741,3.0000,0,0
30,37,2027,145,1,1,162,96,66,1,0.5926,0.0000,0,0
30,37,2028,145,1,1,162,87,75,3,0.5370,12.0000,0,0
30,37,2029,145,1,1,162,72,90,4,0.4444,20.0000,0,0
30,37,2030,145,1,1,162,54,108,5,0.3333,50.0000,0,0
30,37,2031,145,1,1,162,47,115,5,0.2901,51.0000,0,0
30,37,2032,145,1,1,162,54,108,5,0.3333,41.0000,0,0
30,37,2033,145,1,1,92,21,71,5,0.2283,44.5000,0,0
31,60,2017,145,1,0,156,92,64,2,0.5897,8.0000,0,0
31,60,2018,145,1,0,162,77,85,3,0.4753,17.0000,0,0
32,55,2017,145,1,2,155,86,69,3,0.5548,10.0000,0,0
33,44,2017,145,0,2,142,68,74,4,0.4789,13.5000,0,0
33,44,2018,145,0,2,162,70,92,4,0.4321,29.0000,0,0
33,44,2019,145,0,2,162,67,95,4,0.4136,32.0000,0,0
33,44,2020,145,0,2,162,73,89,4,0.4506,34.0000,0,0
33,44,2021,145,0,2,162,76,86,4,0.4691,29.0000,0,0
33,44,2022,145,0,2,162,78,84,4,0.4815,27.0000,0,0
33,44,2023,145,0,2,161,77,84,4,0.4783,22.0000,0,0
33,44,2024,145,0,2,162,75,87,3,0.4630,31.0000,0,0
33,44,2025,145,0,2,162,76,86,4,0.4691,17.5000,0,0
33,44,2026,145,0,2,162,72,90,5,0.4444,39.0000,0,0
33,44,2027,145,0,2,162,92,70,2,0.5679,6.0000,0,0
33,44,2028,145,0,2,162,83,79,2,0.5123,19.0000,0,0
33,44,2029,145,0,2,162,90,72,2,0.5556,21.0000,0,0
33,44,2030,145,0,2,162,100,62,2,0.6173,1.0000,0,0
33,44,2031,145,0,2,162,94,68,1,0.5802,0.0000,0,0
33,44,2032,145,0,2,162,85,77,3,0.5247,23.0000,0,0
33,44,2033,145,0,2,82,46,36,2,0.5610,7.0000,0,0
33,45,2033,145,1,2,81,33,48,4,0.4074,33.0000,0,0
33,45,2034,145,1,2,162,64,98,4,0.3951,43.0000,0,0
33,45,2035,145,1,2,162,69,93,4,0.4259,34.0000,0,0
33,45,2036,145,1,2,162,94,68,2,0.5802,8.0000,0,0
33,45,2037,145,1,2,162,90,72,2,0.5556,8.0000,0,0
33,45,2038,145,1,2,162,85,77,2,0.5247,14.0000,0,0
33,45,2039,145,1,2,162,76,86,3,0.4691,22.0000,0,0
33,45,2040,145,1,2,83,25,58,5,0.3012,28.5000,0,0
34,59,2017,145,0,0,87,47,40,3,0.5402,20.0000,0,0
34,59,2018,145,0,0,162,79,83,4,0.4877,26.0000,0,0
34,59,2019,145,0,0,162,85,77,2,0.5247,8.0000,0,0
34,59,2020,145,0,0,162,94,68,2,0.5802,2.0000,0,0
34,59,2021,145,0,0,162,79,83,3,0.4877,11.0000,0,0
34,59,2022,145,0,0,162,103,59,1,0.6358,0.0000,0,0
34,59,2023,145,0,0,162,85,77,2,0.5247,10.0000,0,0
34,59,2024,145,0,0,162,93,69,1,0.5741,0.0000,0,0
34,59,2025,145,0,0,162,98,64,1,0.6049,0.0000,0,0
34,59,2026,145,0,0,162,98,64,1,0.6049,0.0000,0,0
34,59,2027,145,0,0,162,94,68,1,0.5802,0.0000,0,0
34,59,2028,145,0,0,162,96,66,1,0.5926,0.0000,0,0
34,59,2029,145,0,0,162,106,56,1,0.6543,0.0000,0,0
34,59,2030,145,0,0,162,103,59,1,0.6358,0.0000,0,0
34,59,2031,145,0,0,162,76,86,3,0.4691,24.0000,0,0
34,59,2032,145,0,0,162,91,71,1,0.5617,0.0000,0,0
34,59,2033,145,0,0,162,85,77,1,0.5247,0.0000,0,0
34,59,2034,145,0,0,162,79,83,2,0.4877,8.0000,0,0
34,59,2035,145,0,0,162,70,92,4,0.4321,18.0000,0,0
34,59,2036,145,0,0,162,100,62,1,0.6173,0.0000,0,0
34,59,2037,145,0,0,162,80,82,3,0.4938,17.0000,0,0
34,59,2038,145,0,0,162,91,71,1,0.5617,0.0000,0,0
34,59,2039,145,0,0,162,94,68,1,0.5802,0.0000,0,0
34,59,2040,145,0,0,83,52,31,1,0.6265,0.0000,0,0
35,45,2017,145,1,2,71,40,31,2,0.5634,9.0000,0,0
35,45,2018,145,1,2,162,110,52,1,0.6790,0.0000,0,0
35,45,2019,145,1,2,162,98,64,1,0.6049,0.0000,0,0
35,45,2020,145,1,2,162,104,58,1,0.6420,0.0000,0,0
35,45,2021,145,1,2,162,121,41,1,0.7469,0.0000,0,0
35,45,2022,145,1,2,162,107,55,1,0.6605,0.0000,0,0
35,45,2023,145,1,2,162,96,66,1,0.5926,0.0000,0,0
35,45,2024,145,1,2,162,88,74,2,0.5432,3.0000,0,0
35,45,2025,145,1,2,162,91,71,3,0.5617,8.0000,0,0
35,45,2026,145,1,2,162,101,61,1,0.6235,0.0000,0,0
35,45,2027,145,1,2,162,109,53,1,0.6728,0.0000,0,0
35,45,2028,145,1,2,162,98,64,2,0.6049,7.0000,0,0
35,45,2029,145,1,2,162,90,72,3,0.5556,13.0000,0,0
36,52,2018,145,1,1,162,87,75,2,0.5370,13.0000,0,0
36,52,2019,145,1,1,162,91,71,3,0.5617,8.0000,0,0
36,52,2020,145,1,1,130,67,63,4,0.5154,12.5000,0,0
37,43,2019,145,0,1,162,58,104,4,0.3580,42.0000,0,0
37,43,2020,145,0,1,162,64,98,5,0.3951,33.0000,0,0
37,43,2021,145,0,1,162,62,100,5,0.3827,38.0000,0,0
37,43,2022,145,1,2,162,64,98,5,0.3951,43.0000,0,0
37,43,2023,145,1,2,162,76,86,4,0.4691,20.0000,0,0
37,43,2024,145,1,2,129,59,70,4,0.4574,14.5000,0,0
38,55,2018,145,1,2,162,81,81,3,0.5000,29.0000,0,0
38,55,2019,145,1,2,0,0,0,3,0.0000,0.0000,0,0
38,40,2019,145,0,1,75,23,52,5,0.3067,43.0000,0,0
38,40,2020,145,0,1,162,65,97,4,0.4012,32.0000,0,0
38,40,2021,145,0,1,162,64,98,4,0.3951,36.0000,0,0
38,40,2022,145,0,1,162,63,99,5,0.3889,34.0000,0,0
38,40,2023,145,0,1,162,77,85,4,0.4753,16.5000,0,0
38,40,2024,145,0,1,162,103,59,1,0.6358,0.0000,0,0
38,40,2025,145,0,1,162,114,48,1,0.7037,0.0000,0,0
38,40,2026,145,0,1,162,82,80,3,0.5062,26.0000,0,0
38,40,2027,145,0,1,162,85,77,3,0.5247,17.0000,0,0
38,40,2028,145,0,1,162,101,61,1,0.6235,0.0000,0,0
38,40,2029,145,0,1,162,105,57,1,0.6481,0.0000,0,0
38,40,2030,145,0,1,162,68,94,4,0.4198,40.0000,0,0
38,40,2031,145,0,1,162,66,96,5,0.4074,22.0000,0,0
38,40,2032,145,0,1,162,90,72,2,0.5556,13.0000,0,0
38,40,2033,145,0,1,162,101,61,1,0.6235,0.0000,0,0
38,40,2034,145,0,1,162,92,70,2,0.5679,11.0000,0,0
38,40,2035,145,0,1,162,96,66,2,0.5926,13.0000,0,0
38,40,2036,145,0,1,162,102,60,1,0.6296,0.0000,0,0
38,40,2037,145,0,1,162,99,63,2,0.6111,3.0000,0,0
38,40,2038,145,0,1,162,98,64,2,0.6049,4.0000,0,0
38,40,2039,145,0,1,162,99,63,1,0.6111,0.0000,0,0
38,40,2040,145,0,1,82,51,31,1,0.6220,0.0000,0,0
39,32,2018,145,1,0,156,69,87,4,0.4423,23.0000,0,0
39,32,2019,145,1,0,162,78,84,3,0.4815,7.0000,0,0
39,32,2020,145,1,0,162,87,75,2,0.5370,7.0000,0,0
39,32,2021,145,1,0,162,92,70,2,0.5679,3.0000,0,0
39,32,2022,145,1,0,162,68,94,5,0.4198,31.0000,0,0
39,32,2023,145,1,0,162,55,107,5,0.3395,48.0000,0,0
39,32,2024,145,1,0,162,104,58,2,0.6420,6.0000,0,0
39,32,2025,145,1,0,162,78,84,4,0.4815,22.0000,0,0
40,60,2019,145,1,0,162,72,90,4,0.4444,13.0000,0,0
40,60,2020,145,1,0,43,12,31,5,0.2791,17.5000,0,0
41,53,2019,145,1,2,162,80,82,3,0.4938,18.0000,0,0
41,53,2020,145,1,2,162,58,104,4,0.3580,46.0000,0,0
41,53,2021,145,1,2,162,70,92,4,0.4321,51.0000,0,0
41,53,2022,145,1,2,163,84,79,2,0.5153,23.5000,0,0
41,53,2023,145,1,2,161,84,77,3,0.5217,11.5000,0,0
41,53,2024,145,0,2,162,76,86,2,0.4691,30.0000,0,0
41,53,2025,145,0,2,162,88,74,2,0.5432,5.0000,0,0
41,53,2026,145,0,2,162,88,74,2,0.5432,23.0000,0,0
41,53,2027,145,0,2,162,76,86,5,0.4691,22.0000,0,0
41,53,2028,145,0,2,162,78,84,4,0.4815,24.0000,0,0
41,53,2029,145,0,2,162,71,91,4,0.4383,40.0000,0,0
41,53,2030,145,0,2,162,54,108,5,0.3333,47.0000,0,0
42,55,2019,145,1,2,162,74,88,4,0.4568,24.0000,0,0
42,55,2020,145,1,2,90,39,51,3,0.4333,19.0000,0,0
44,60,2020,145,1,0,119,52,67,5,0.4370,30.0000,0,0
44,60,2021,145,1,0,162,83,79,4,0.5123,12.0000,0,0
44,60,2022,145,1,0,162,99,63,1,0.6111,0.0000,0,0
44,60,2023,145,1,0,162,102,60,2,0.6296,1.0000,0,0
44,60,2024,145,1,0,162,92,70,3,0.5679,18.0000,0,0
44,60,2025,145,1,0,162,94,68,2,0.5802,6.0000,0,0
44,60,2026,145,1,0,162,69,93,4,0.4259,37.0000,0,0
44,60,2027,145,1,0,162,81,81,3,0.5000,24.0000,0,0
44,60,2028,145,1,0,162,78,84,3,0.4815,28.0000,0,0
44,60,2029,145,1,0,162,90,72,3,0.5556,12.0000,0,0
44,60,2030,145,1,0,162,94,68,2,0.5802,4.0000,0,0
44,60,2031,145,1,0,162,97,65,2,0.5988,3.0000,0,0
44,60,2032,145,1,0,162,97,65,1,0.5988,0.0000,0,0
44,60,2033,145,1,0,162,104,58,1,0.6420,0.0000,0,0
44,60,2034,145,1,0,162,87,75,3,0.5370,11.0000,0,0
44,60,2035,145,1,0,162,75,87,5,0.4630,24.0000,0,0
44,60,2036,145,1,0,162,65,97,4,0.4012,37.0000,0,0
44,60,2037,145,1,0,162,52,110,5,0.3210,56.0000,0,0
44,60,2038,145,1,0,162,63,99,5,0.3889,35.0000,0,0
44,60,2039,145,1,0,19,7,12,5,0.3684,5.0000,0,0
45,33,2020,145,0,0,72,26,46,5,0.3611,39.0000,0,0
45,33,2021,145,0,0,0,0,0,4,0.0000,0.0000,0,0
46,55,2020,145,1,2,72,29,43,3,0.4028,36.0000,0,0
46,55,2021,145,1,2,162,59,103,5,0.3642,62.0000,0,0
46,55,2022,145,1,2,162,67,95,4,0.4136,40.0000,0,0
46,55,2023,145,1,2,162,71,91,5,0.4383,25.0000,0,0
46,55,2024,145,1,2,162,77,85,4,0.4753,14.0000,0,0
46,55,2025,145,1,2,162,99,63,1,0.6111,0.0000,0,0
46,55,2026,145,1,2,162,96,66,2,0.5926,5.0000,0,0
46,55,2027,145,1,2,162,96,66,2,0.5926,13.0000,0,0
46,55,2028,145,1,2,162,105,57,1,0.6481,0.0000,0,0
46,55,2029,145,1,2,162,91,71,2,0.5617,12.0000,0,0
46,55,2030,145,1,2,162,100,62,2,0.6173,4.0000,0,0
46,55,2031,145,1,2,163,98,65,2,0.6012,1.0000,0,0
46,55,2032,145,1,2,162,81,81,3,0.5000,24.0000,0,0
46,55,2033,145,1,2,162,62,100,5,0.3827,36.0000,0,0
46,55,2034,145,1,2,162,52,110,5,0.3210,55.0000,0,0
46,55,2035,145,1,2,162,63,99,5,0.3889,40.0000,0,0
46,55,2036,145,1,2,162,62,100,5,0.3827,40.0000,0,0
46,55,2037,145,1,2,162,79,83,4,0.4877,19.0000,0,0
46,55,2038,145,1,2,162,81,81,3,0.5000,18.0000,0,0
46,55,2039,145,1,2,162,95,67,2,0.5864,3.0000,0,0
46,55,2040,145,1,2,86,47,39,2,0.5465,8.0000,0,0
47,52,2020,145,1,1,19,10,9,3,0.5263,16.0000,0,0
47,52,2021,145,1,1,0,0,0,2,0.0000,0.0000,0,0
48,47,2022,145,0,1,162,97,65,1,0.5988,0.0000,0,0
48,47,2023,145,0,1,162,85,77,3,0.5247,8.5000,0,0
48,47,2024,145,0,1,162,77,85,4,0.4753,26.0000,0,0
48,47,2025,145,0,1,162,63,99,5,0.3889,51.0000,0,0
48,47,2026,145,0,1,162,53,109,5,0.3272,55.0000,0,0
48,47,2027,145,0,1,162,55,107,5,0.3395,47.0000,0,0
48,47,2028,145,0,1,162,82,80,4,0.5062,19.0000,0,0
48,47,2029,145,0,1,162,75,87,4,0.4630,30.0000,0,0
48,47,2030,145,0,1,162,70,92,3,0.4321,38.0000,0,0
48,47,2031,145,0,1,162,87,75,2,0.5370,1.0000,0,0
48,47,2032,145,0,1,162,59,103,5,0.3642,44.0000,0,0
48,47,2033,145,0,1,162,73,89,3,0.4506,28.0000,0,0
48,47,2034,145,0,1,162,67,95,5,0.4136,36.0000,0,0
48,47,2035,145,0,1,162,58,104,4,0.3580,51.0000,0,0
48,47,2036,145,0,1,162,63,99,5,0.3889,39.0000,0,0
48,47,2037,145,0,1,162,55,107,5,0.3395,47.0000,0,0
48,47,2038,145,0,1,162,65,97,4,0.4012,37.0000,0,0
48,47,2039,145,0,1,162,77,85,3,0.4753,22.0000,0,0
48,47,2040,145,0,1,83,43,40,3,0.5181,8.5000,0,0
49,52,2021,145,1,1,162,71,91,5,0.4383,18.0000,0,0
50,56,2022,145,1,1,13,8,5,3,0.6154,21.0000,0,0
50,56,2023,145,1,1,162,81,81,3,0.5000,8.5000,0,0
50,41,2023,145,1,0,0,0,0,4,0.0000,36.0000,0,0
50,41,2024,145,1,0,162,66,96,4,0.4074,44.0000,0,0
50,41,2025,145,1,0,162,89,73,3,0.5494,11.0000,0,0
50,41,2026,145,1,0,162,92,70,2,0.5679,14.0000,0,0
50,41,2027,145,1,0,162,103,59,2,0.6358,2.0000,0,0
51,56,2022,145,1,1,143,71,72,3,0.4965,20.5000,0,0
52,54,2023,145,0,2,111,43,68,5,0.3874,38.0000,0,0
52,54,2024,145,0,2,162,70,92,5,0.4321,36.0000,0,0
52,54,2025,145,0,2,162,71,91,5,0.4383,22.0000,0,0
52,54,2026,145,0,2,162,111,51,1,0.6852,0.0000,0,0
52,54,2027,145,0,2,162,98,64,1,0.6049,0.0000,0,0
52,54,2028,145,0,2,162,102,60,1,0.6296,0.0000,0,0
52,54,2029,145,0,2,162,111,51,1,0.6852,0.0000,0,0
52,54,2030,145,0,2,162,101,61,1,0.6235,0.0000,0,0
52,54,2031,145,0,2,162,93,69,2,0.5741,1.0000,0,0
52,54,2032,145,0,2,162,108,54,1,0.6667,0.0000,0,0
52,54,2033,145,0,2,162,109,53,1,0.6728,0.0000,0,0
52,54,2034,145,0,2,162,104,58,1,0.6420,0.0000,0,0
52,54,2035,145,0,2,162,102,60,1,0.6296,0.0000,0,0
52,54,2036,145,0,2,162,93,69,2,0.5741,11.0000,0,0
52,54,2037,145,0,2,162,50,112,5,0.3086,61.0000,0,0
52,54,2038,145,0,2,162,54,108,5,0.3333,44.0000,0,0
52,54,2039,145,0,2,162,79,83,4,0.4877,23.0000,0,0
52,54,2040,145,0,2,85,37,48,4,0.4353,19.0000,0,0
54,46,2023,145,0,1,0,0,0,1,0.0000,0.0000,0,0
54,46,2024,145,0,1,162,93,69,2,0.5741,10.0000,0,0
54,46,2025,145,0,1,162,67,95,4,0.4136,47.0000,0,0
54,46,2026,145,0,1,162,67,95,4,0.4136,41.0000,0,0
54,46,2027,145,0,1,162,62,100,4,0.3827,40.0000,0,0
54,58,2028,145,0,2,162,63,99,5,0.3889,39.0000,0,0
55,56,2024,145,1,1,162,75,87,3,0.4630,17.0000,0,0
55,56,2025,145,1,1,162,82,80,2,0.5062,12.0000,0,0
55,56,2026,145,1,1,162,81,81,3,0.5000,15.0000,0,0
55,56,2027,145,1,1,162,67,95,4,0.4136,29.0000,0,0
55,56,2028,145,1,1,162,56,106,5,0.3457,43.0000,0,0
55,56,2029,145,1,1,162,58,104,5,0.3580,34.0000,0,0
55,56,2030,145,1,1,162,93,69,2,0.5741,11.0000,0,0
55,56,2031,145,1,1,162,90,72,2,0.5556,8.0000,0,0
55,56,2032,145,1,1,162,93,69,2,0.5741,2.0000,0,0
55,56,2033,145,1,1,162,109,53,1,0.6728,0.0000,0,0
55,56,2034,145,1,1,162,85,77,3,0.5247,10.0000,0,0
55,56,2035,145,1,1,162,98,64,1,0.6049,0.0000,0,0
55,56,2036,145,1,1,162,88,74,1,0.5432,0.0000,0,0
55,56,2037,145,1,1,162,95,67,2,0.5864,6.0000,0,0
55,56,2038,145,1,1,162,87,75,3,0.5370,6.5000,0,0
55,56,2039,145,1,1,162,82,80,4,0.5062,18.0000,0,0
55,56,2040,145,1,1,83,47,36,2,0.5663,1.5000,0,0
56,43,2024,145,1,2,33,18,15,3,0.5455,14.0000,0,0
56,41,2027,145,1,0,0,0,0,2,0.0000,2.0000,0,0
56,33,2028,145,0,0,16,3,13,5,0.1875,8.0000,0,0
56,58,2029,145,0,2,162,55,107,5,0.3395,56.0000,0,0
56,45,2031,145,1,2,0,0,0,3,0.0000,0.0000,0,0
56,45,2033,145,1,2,7,3,4,4,0.4286,2.0000,0,0
56,37,2033,145,1,1,4,1,3,5,0.2500,47.0000,0,0
58,43,2024,145,1,2,0,0,0,3,0.0000,14.0000,0,0
58,43,2025,145,1,2,162,79,83,4,0.4877,20.0000,0,0
58,43,2026,145,1,2,68,37,31,3,0.5441,6.0000,0,0
59,48,2025,145,0,0,162,75,87,4,0.4630,23.0000,0,0
60,32,2025,145,1,0,0,0,0,4,0.0000,22.0000,0,0
60,32,2026,145,1,0,162,86,76,3,0.5309,20.0000,0,0
60,32,2027,145,1,0,162,71,91,4,0.4383,34.0000,0,0
60,32,2028,145,1,0,162,51,111,5,0.3148,55.0000,0,0
60,32,2029,145,1,0,162,56,106,5,0.3457,46.0000,0,0
60,32,2030,145,1,0,162,61,101,5,0.3765,37.0000,0,0
60,32,2031,145,1,0,162,82,80,4,0.5062,18.0000,0,0
60,32,2032,145,1,0,162,87,75,3,0.5370,10.0000,0,0
60,32,2033,145,1,0,162,77,85,5,0.4753,27.0000,0,0
60,32,2034,145,1,0,162,97,65,2,0.5988,1.0000,0,0
60,32,2035,145,1,0,162,86,76,3,0.5309,13.0000,0,0
60,32,2036,145,1,0,162,84,78,3,0.5185,18.0000,0,0
60,32,2037,145,1,0,162,100,62,2,0.6173,8.0000,0,0
60,32,2038,145,1,0,162,76,86,3,0.4691,22.0000,0,0
60,32,2039,145,1,0,162,91,71,1,0.5617,0.0000,0,0
60,32,2040,145,1,0,83,46,37,2,0.5542,3.0000,0,0
61,48,2026,145,0,0,162,77,85,2,0.4753,21.0000,0,0
61,48,2027,145,0,0,162,58,104,5,0.3580,36.0000,0,0
61,48,2028,145,0,0,162,65,97,4,0.4012,31.0000,0,0
61,48,2029,145,0,0,162,46,116,4,0.2840,60.0000,0,0
61,48,2030,145,0,0,162,68,94,4,0.4198,35.0000,0,0
61,48,2031,145,0,0,162,57,105,5,0.3519,43.0000,0,0
61,48,2032,145,0,0,162,66,96,4,0.4074,25.0000,0,0
61,48,2033,145,0,0,162,69,93,4,0.4259,16.0000,0,0
61,48,2034,145,0,0,162,87,75,1,0.5370,0.0000,0,0
61,48,2035,145,0,0,162,88,74,1,0.5432,0.0000,0,0
61,48,2036,145,0,0,162,97,65,2,0.5988,3.0000,0,0
61,48,2037,145,0,0,162,90,72,2,0.5556,7.0000,0,0
61,48,2038,145,0,0,162,81,81,3,0.5000,10.0000,0,0
61,48,2039,145,0,0,162,68,94,5,0.4198,26.0000,0,0
61,48,2040,145,0,0,83,38,45,3,0.4578,14.0000,0,0
62,49,2026,145,1,0,112,43,69,5,0.3839,47.0000,0,0
62,49,2027,145,1,0,162,66,96,5,0.4074,39.0000,0,0
62,49,2028,145,1,0,162,72,90,4,0.4444,34.0000,0,0
62,49,2029,145,1,0,162,80,82,4,0.4938,22.0000,0,0
62,49,2030,145,1,0,162,65,97,4,0.4012,33.0000,0,0
62,49,2031,145,1,0,162,62,100,5,0.3827,38.0000,0,0
62,49,2032,145,1,0,162,69,93,5,0.4259,28.0000,0,0
62,49,2033,145,1,0,162,77,85,4,0.4753,27.0000,0,0
62,49,2034,145,1,0,162,82,80,4,0.5062,16.0000,0,0
62,49,2035,145,1,0,162,95,67,2,0.5864,4.0000,0,0
62,49,2036,145,1,0,162,92,70,2,0.5679,10.0000,0,0
62,49,2037,145,1,0,162,91,71,3,0.5617,17.0000,0,0
62,49,2038,145,1,0,162,94,68,2,0.5802,4.0000,0,0
62,49,2039,145,1,0,162,77,85,5,0.4753,14.0000,0,0
62,49,2040,145,1,0,83,45,38,3,0.5422,4.0000,0,0
63,43,2026,145,1,2,94,40,54,4,0.4255,24.0000,0,0
63,43,2027,145,1,2,162,62,100,5,0.3827,47.0000,0,0
63,43,2028,145,1,2,162,65,97,5,0.4012,40.0000,0,0
63,43,2029,145,1,2,162,58,104,5,0.3580,45.0000,0,0
63,43,2030,145,1,2,162,45,117,5,0.2778,59.0000,0,0
63,43,2031,145,1,2,162,58,104,5,0.3580,40.5000,0,0
63,43,2032,145,1,2,162,69,93,5,0.4259,36.0000,0,0
63,43,2033,145,1,2,162,92,70,2,0.5679,6.0000,0,0
63,43,2034,145,1,2,162,66,96,3,0.4074,41.0000,0,0
63,43,2035,145,1,2,162,72,90,3,0.4444,31.0000,0,0
63,43,2036,145,1,2,162,70,92,4,0.4321,32.0000,0,0
63,43,2037,145,1,2,162,58,104,5,0.3580,40.0000,0,0
63,43,2038,145,1,2,162,62,100,5,0.3827,37.0000,0,0
63,43,2039,145,1,2,162,71,91,4,0.4383,27.0000,0,0
63,43,2040,145,1,2,84,36,48,4,0.4286,18.0000,0,0
64,33,2028,145,0,0,146,53,93,5,0.3630,40.0000,0,0
64,33,2029,145,0,0,162,37,125,5,0.2284,69.0000,0,0
65,33,2030,145,0,0,162,62,100,5,0.3827,41.0000,0,0
65,33,2031,145,0,0,162,65,97,4,0.4012,35.0000,0,0
65,33,2032,145,0,0,162,82,80,2,0.5062,9.0000,0,0
65,33,2033,145,0,0,162,80,82,2,0.4938,5.0000,0,0
65,33,2034,145,0,0,162,78,84,3,0.4815,9.0000,0,0
65,33,2035,145,0,0,162,65,97,5,0.4012,23.0000,0,0
65,33,2036,145,0,0,162,58,104,5,0.3580,42.0000,0,0
65,33,2037,145,0,0,162,63,99,5,0.3889,34.0000,0,0
65,33,2038,145,0,0,162,77,85,4,0.4753,14.0000,0,0
65,33,2039,145,0,0,162,68,94,4,0.4198,26.0000,0,0
65,33,2040,145,0,0,30,16,14,3,0.5333,2.5000,0,0
66,58,2029,145,0,2,0,0,0,5,0.0000,56.0000,0,0
66,58,2030,145,0,2,162,75,87,3,0.4630,26.0000,0,0
66,58,2031,145,0,2,162,73,89,4,0.4506,21.0000,0,0
66,58,2032,145,0,2,162,69,93,4,0.4259,39.0000,0,0
66,58,2033,145,0,2,162,79,83,4,0.4877,30.0000,0,0
66,58,2034,145,0,2,162,67,95,5,0.4136,37.0000,0,0
66,58,2035,145,0,2,162,73,89,5,0.4506,29.0000,0,0
66,58,2036,145,0,2,162,104,58,1,0.6420,0.0000,0,0
66,58,2037,145,0,2,162,69,93,3,0.4259,42.0000,0,0
66,58,2038,145,0,2,162,90,72,2,0.5556,8.0000,0,0
66,58,2039,145,0,2,163,89,74,2,0.5460,13.5000,0,0
66,58,2040,145,0,2,85,56,29,1,0.6588,0.0000,0,0
67,53,2031,145,0,2,162,63,99,5,0.3889,31.0000,0,0
67,53,2032,145,0,2,162,64,98,5,0.3951,44.0000,0,0
67,53,2033,145,0,2,162,56,106,5,0.3457,53.0000,0,0
67,53,2034,145,0,2,162,70,92,4,0.4321,34.0000,0,0
67,53,2035,145,0,2,162,84,78,2,0.5185,18.0000,0,0
67,53,2036,145,0,2,162,84,78,3,0.5185,20.0000,0,0
67,53,2037,145,0,2,162,111,51,1,0.6852,0.0000,0,0
67,53,2038,145,0,2,162,98,64,1,0.6049,0.0000,0,0
67,53,2039,145,0,2,162,102,60,1,0.6296,0.0000,0,0
67,53,2040,145,0,2,22,13,9,2,0.5909,0.5000,0,0
68,45,2030,145,1,2,162,90,72,3,0.5556,14.0000,0,0
70,45,2031,145,1,2,162,76,86,4,0.4691,22.5000,0,0
70,45,2032,145,1,2,162,73,89,4,0.4506,32.0000,0,0
71,52,2032,145,1,1,162,62,100,4,0.3827,33.0000,0,0
71,52,2033,145,1,1,162,47,115,4,0.2901,62.0000,0,0
71,52,2034,145,1,1,162,61,101,5,0.3765,34.0000,0,0
71,52,2035,145,1,1,162,61,101,5,0.3765,37.0000,0,0
71,52,2036,145,1,1,162,74,88,4,0.4568,14.0000,0,0
71,52,2037,145,1,1,162,101,61,1,0.6235,0.0000,0,0
71,52,2038,145,1,1,163,93,70,2,0.5706,1.0000,0,0
71,52,2039,145,1,1,162,100,62,1,0.6173,0.0000,0,0
71,52,2040,145,1,1,84,45,39,3,0.5357,4.0000,0,0
72,57,2032,145,0,0,162,65,97,5,0.4012,26.0000,0,0
72,57,2033,145,0,0,162,67,95,5,0.4136,18.0000,0,0
72,57,2034,145,0,0,162,72,90,4,0.4444,15.0000,0,0
72,57,2035,145,0,0,162,86,76,2,0.5309,2.0000,0,0
72,57,2036,145,0,0,162,76,86,3,0.4691,24.0000,0,0
72,57,2037,145,0,0,162,97,65,1,0.5988,0.0000,0,0
72,57,2038,145,0,0,162,83,79,2,0.5123,8.0000,0,0
72,57,2039,145,0,0,162,80,82,3,0.4938,14.0000,0,0
72,57,2040,145,0,0,83,45,38,2,0.5422,7.0000,0,0
73,45,2033,145,1,2,74,29,45,5,0.3919,16.0000,0,0
74,37,2034,145,1,1,162,72,90,4,0.4444,23.0000,0,0
74,37,2035,145,1,1,162,72,90,4,0.4444,26.0000,0,0
74,37,2036,145,1,1,162,80,82,3,0.4938,8.0000,0,0
74,37,2037,145,1,1,162,83,79,3,0.5123,18.0000,0,0
74,37,2038,145,1,1,163,94,69,1,0.5767,0.0000,0,0
74,37,2039,145,1,1,162,90,72,2,0.5556,10.0000,0,0
74,37,2040,145,1,1,84,32,52,4,0.3810,17.0000,0,0
75,37,2033,145,1,1,66,21,45,5,0.3182,66.0000,0,0
76,34,2037,145,0,0,112,55,57,4,0.4911,26.0000,0,0
76,34,2038,145,0,0,162,66,96,5,0.4074,25.0000,0,0
76,34,2039,145,0,0,164,88,76,2,0.5366,7.0000,0,0
76,34,2040,145,0,0,85,36,49,5,0.4235,17.0000,0,0
77,60,2039,145,1,0,143,71,72,3,0.4965,13.0000,0,0
77,60,2040,145,1,0,82,44,38,5,0.5366,4.5000,0,0
78,33,2040,145,0,0,56,23,33,4,0.4107,14.5000,0,0
