human_manager_id,team_id,year,league_id,sub_league_id,division_id,gate_revenue,media_revenue,merchandising_revenue,other_revenue,revenue_sharing,playoff_revenue,cash,player_expenses,staff_expenses,stadium_expenses,attendance,fan_interest,fan_loyalty,fan_modifier,ticket_price,budget,market,owner_expectation
1,52,2020,145,1,1,0,0,0,'',0,0,0,0,0,0,0,0,0,0,0.0000,0,0,0
1,52,2021,145,1,1,0,0,0,'',0,0,0,0,0,0,0,0,0,0,0.0000,0,0,0
2,39,2017,145,1,2,46130053,80000000,23207902,'',0,26051625,4550000,111249273,0,0,3312148,82,6,0,21.6403,146000000,6,0
2,39,2018,145,1,2,39286254,82500000,24820815,'',270640,20398236,17750000,155771826,0,0,3233725,88,6,1,23.8441,162000000,6,0
2,39,2019,145,1,2,43583506,85000000,26687759,'',0,1173096,19000000,142185055,0,0,3711393,92,7,0,23.0958,180000000,6,0
2,39,2020,145,1,2,47225766,85000000,27662662,'',0,1219071,20000000,165439591,0,0,3833977,93,7,0,23.0742,200000000,6,0
2,39,2021,145,1,2,20167452,85000000,25301271,'',0,0,20000000,146835649,0,0,2331646,77,8,-15,25.6539,208000000,6,0
2,39,2022,145,1,2,22622610,80000000,23299488,'',116,0,12102941,104293605,0,0,2178262,67,8,-1,24.4557,168000000,6,0
2,39,2023,145,1,2,37117474,80000000,24779271,'',5686963,1191275,20000000,132398054,0,0,3073563,77,8,0,22.9001,170000000,6,0
2,39,2024,145,1,2,27247720,82500000,26013762,'',5857799,0,20000000,173782629,0,0,2751951,77,8,0,23.6935,178000000,6,0
2,39,2025,145,1,2,24634839,82500000,22305114,'',21,0,-1100000,139481487,0,0,2923597,73,8,-10,20.2008,170000000,6,0
2,39,2026,145,1,2,20394128,80000000,21133292,'',159,0,-310000,83658137,0,0,2342553,70,8,-10,17.9714,150000000,6,0
2,39,2027,145,1,2,25762068,80000000,22827101,'',3823790,0,26552995,62783626,0,0,2788820,67,8,0,17.3673,134000000,6,0
2,39,2028,145,1,2,24947754,80000000,28077701,'',3947379,0,30000000,80341505,0,0,3116245,67,10,8,20.1495,148000000,7,0
2,39,2029,145,1,2,33837809,87500000,29880063,'',3790093,22260373,20000000,87229213,0,0,3921651,70,10,13,19.7378,164000000,7,0
2,39,2030,145,1,2,35418653,90000000,28012102,'',4550568,11493656,10000000,79725147,0,0,3753718,71,10,2,20.8863,182000000,7,0
2,39,2031,145,1,2,37713299,87500000,32353744,'',5633722,26252464,10000000,132880305,0,0,3689911,74,10,4,21.7870,200000000,7,0
2,39,2032,145,1,2,27277042,97500000,31808800,'',5727436,0,10000000,198473773,0,0,2895861,74,10,2,24.9866,214000000,7,0
2,39,2033,145,1,2,28941265,97500000,31000282,'',-5539664,0,-7500000,189624912,0,0,2591816,77,10,3,25.8156,200000000,7,0
2,39,2034,145,1,2,55132115,97500000,31715754,'',0,15550767,-3000000,179002192,0,0,3613086,80,10,1,24.9114,202000000,7,0
2,39,2035,145,1,2,25863784,97500000,31840884,'',49,0,24000000,188635491,0,0,2562175,79,10,0,27.7834,222000000,7,0
2,39,2036,145,1,2,26381194,97500000,31667598,'',71,0,9254156,184628200,0,0,2492313,78,10,0,28.2160,198000000,7,0
2,39,2037,145,1,2,32152841,97500000,31619510,'',13,0,5276432,163463806,0,0,2893536,82,10,0,24.9061,192000000,7,0
2,39,2038,145,1,2,26832998,97500000,36056625,'',90,0,20000000,184684589,0,0,2659033,81,10,11,27.7660,210000000,7,0
2,39,2039,145,1,2,18720934,97500000,32094331,'',89,0,18162224,139708007,0,0,2145657,78,10,0,31.3833,198000000,7,0
2,39,2040,145,1,2,0,0,0,'',0,0,0,0,0,0,0,0,0,0,0.0000,0,0,0
3,32,2017,145,1,0,16545413,72500000,15600899,'',0,0,5000000,104156481,0,0,1468371,48,3,0,20.6569,134000000,5,0
3,32,2018,145,1,0,0,0,0,'',0,0,0,0,0,0,0,0,0,0,0.0000,0,0,0
3,33,2021,145,0,0,14813181,77500000,19958855,'',932400,0,-9500000,130690279,0,0,1373847,51,8,0,27.7623,152000000,6,0
3,33,2022,145,0,0,13919456,77500000,18508792,'',897237,0,-23000000,73226381,0,0,1330469,51,7,0,24.6380,138000000,6,0
3,33,2023,145,0,0,26924080,77500000,21522848,'',5687080,0,-1700000,85223531,0,0,2244185,53,7,5,21.9099,140000000,7,0
3,33,2024,145,0,0,33499413,85000000,22259706,'',5857861,0,24942028,119375189,0,0,2775045,56,7,9,21.0767,150000000,7,0
3,33,2025,145,0,0,36643603,85000000,23278211,'',6183649,7631009,20000000,135040814,0,0,3242450,60,7,14,20.4561,168000000,7,0
3,33,2026,145,0,0,25575903,87500000,22729970,'',4693709,0,20000000,168513363,0,0,2734305,56,7,2,21.7907,188000000,7,0
3,33,2027,145,0,0,30524273,85000000,22216956,'',5,0,3298907,155038084,0,0,2591925,55,7,10,21.2066,170000000,7,0
3,33,2028,145,0,0,0,0,0,'',0,0,0,0,0,0,0,0,0,0,0.0000,0,0,0
4,34,2017,145,0,0,40693995,105000000,28920822,'',0,0,5000000,200107134,0,0,2845272,95,8,0,33.1427,240000000,9,0
4,34,2018,145,0,0,39602603,110000000,29700714,'',-2691996,1431860,1301790,213852152,0,0,2819575,98,8,1,34.4838,246000000,9,0
4,34,2019,145,0,0,38511150,110000000,30049405,'',-2060430,0,9201430,207093995,0,0,2775795,93,8,0,34.5395,248000000,9,0
4,34,2020,145,0,0,39569373,105000000,29096489,'',52,0,281432,248653127,0,0,2620118,93,8,0,36.3787,232000000,9,0
4,34,2021,145,0,0,25936786,105000000,27353062,'',-6500135,0,-31000000,209566594,0,0,2310770,80,8,0,36.0082,230000000,9,0
4,34,2022,145,0,0,17127947,105000000,26102043,'',42,0,-30000000,163643716,0,0,2050090,69,8,0,32.3040,204000000,9,0
4,34,2023,145,0,0,28254078,100000000,24324016,'',55,0,-13500000,92755611,0,0,2409778,69,8,0,25.8490,180000000,9,0
4,34,2024,145,0,0,24120011,100000000,23498870,'',5857854,0,10000000,91360975,0,0,2431358,66,8,0,23.3131,184000000,9,0
4,34,2025,145,0,0,12667628,100000000,22282486,'',6183657,0,17000000,63307583,0,0,1604333,64,8,-1,25.5056,182000000,9,0
4,34,2026,145,0,0,14840985,100000000,22673748,'',4693790,0,20000000,70198207,0,0,1600395,60,8,0,27.6178,180000000,9,0
4,34,2027,145,0,0,20298629,100000000,22021622,'',3823681,0,30000000,71446530,0,0,1836848,58,8,0,27.2565,174000000,9,0
4,34,2028,145,0,0,16202112,95000000,21483955,'',3947411,0,30000000,85475916,0,0,1569061,54,8,0,28.4393,170000000,9,0
4,34,2029,145,0,0,27673397,95000000,21271216,'',3789996,7290271,20000000,104662526,0,0,2066102,58,7,5,25.7179,164000000,9,0
4,34,2030,145,0,0,29946757,100000000,21415253,'',4550520,0,20000000,119936043,0,0,2322810,64,7,0,25.6650,184000000,9,0
4,34,2031,145,0,0,24783108,100000000,24925330,'',5633737,0,20000000,145670023,0,0,1905351,62,7,0,28.5338,190000000,9,0
4,34,2032,145,0,0,24725306,102500000,24667632,'',5727450,0,20000000,163930258,0,0,2050133,62,7,0,26.5025,190000000,9,0
4,34,2033,145,0,0,22154671,102500000,24092142,'',31,0,1570965,176772961,0,0,1674969,59,7,0,29.1371,182000000,9,0
4,34,2034,145,0,0,14724820,102500000,20315941,'',30,0,-14000000,106342891,0,0,1305712,55,6,-5,28.3721,172000000,9,0
4,34,2035,145,0,0,22416789,102500000,20733901,'',6270864,0,7189742,92503664,0,0,1698775,52,6,0,25.2619,162000000,9,0
4,34,2036,145,0,0,19593297,102500000,20717545,'',4760228,0,30000000,85602122,0,0,1584404,50,6,0,25.9463,172000000,9,0
4,34,2037,145,0,0,0,0,0,'',0,0,0,0,0,0,0,0,0,0,0.0000,0,0,0
5,35,2017,145,0,1,12550718,72500000,15381474,'',0,0,9000000,67152593,0,0,1366009,47,4,0,16.3042,130000000,5,0
5,35,2018,145,0,1,12950299,72500000,15662346,'',268541,0,9973967,72711083,0,0,1604273,45,4,0,14.7617,130000000,5,0
5,35,2019,145,0,1,14268291,70000000,15055247,'',301888,0,6301098,97308583,0,0,1569777,44,4,-3,15.5005,130000000,5,0
5,35,2020,145,0,1,17072633,70000000,15530552,'',445768,0,1515933,102145855,0,0,2203480,46,4,0,13.4173,130000000,5,0
5,35,2021,145,0,1,24211923,70000000,16921912,'',932423,12383639,-1600000,103061513,0,0,3307733,68,4,0,11.2174,130000000,5,0
5,35,2022,145,0,1,24953865,75000000,19132103,'',897175,0,9040947,80976528,0,0,2809131,63,4,0,14.3555,134000000,5,0
5,35,2023,145,0,1,32451713,75000000,21091686,'',5687010,1148500,29149901,151687917,0,0,3220867,65,4,5,16.5461,150000000,5,0
5,35,2024,145,0,1,24599839,75000000,17390740,'',86,0,11145069,110174148,0,0,2463757,61,4,-6,16.6407,150000000,5,0
5,35,2025,145,0,1,24271400,72500000,16399066,'',6183706,0,24544032,87778626,0,0,2434557,56,4,-6,15.2626,140000000,5,0
5,35,2026,145,0,1,51793862,72500000,25199991,'',4693744,13329564,7560011,92668585,0,0,2543529,100,4,7,36.3628,150000000,7,0
5,35,2027,145,0,1,56958930,95000000,26034539,'',3823644,1438038,19800000,109171890,0,0,2780696,100,5,1,37.5081,166000000,7,0
5,35,2028,145,0,1,60622592,95000000,26499960,'',3947399,1565886,20000000,181900867,0,0,2731084,100,5,12,41.5186,184000000,7,0
5,35,2029,145,0,1,61776809,95000000,27382710,'',14,1630627,10000000,174196305,0,0,2787963,100,6,10,42.8573,204000000,7,0
5,35,2030,145,0,1,51965530,95000000,28088892,'',15,7378755,10000000,190501267,0,0,2728113,100,7,15,40.8612,226000000,7,0
5,35,2031,145,0,1,45198291,95000000,32389527,'',-3784393,0,10000000,194814828,0,0,2607144,99,7,-2,40.1821,238000000,7,0
5,35,2032,145,0,1,27090647,102500000,32338596,'',-3029262,0,8305863,155735221,0,0,2190236,96,7,0,37.5200,236000000,7,0
5,35,2033,145,0,1,26033108,102500000,31868943,'',29,0,10000000,119585369,0,0,2111331,94,7,0,34.4023,206000000,7,0
5,35,2034,145,0,1,30393211,97500000,33860104,'',5162803,0,20000000,138942332,0,0,2292718,91,8,3,35.4288,198000000,7,0
5,35,2035,145,0,1,24628073,97500000,33993106,'',6270837,0,30000000,143716288,0,0,2326077,88,8,7,30.4503,198000000,7,0
5,35,2036,145,0,1,25311556,107500000,33535475,'',4760198,0,20000000,112045940,0,0,2286657,83,8,5,27.2017,210000000,8,0
5,35,2037,145,0,1,28287093,107500000,30435525,'',5802553,0,20000000,151585487,0,0,2340773,81,8,0,31.3356,206000000,8,0
5,35,2038,145,0,1,30946142,102500000,30033900,'',5718459,0,20000000,121372097,0,0,2354899,80,8,0,33.0936,208000000,8,0
5,35,2039,145,0,1,30442552,102500000,29905975,'',5736346,0,20000000,165992629,0,0,2433123,79,8,0,31.5333,214000000,8,0
5,35,2040,145,0,1,0,0,0,'',0,0,0,0,0,0,0,0,0,0,0.0000,0,0,0
6,36,2017,145,1,1,50130039,100000000,30792021,'',0,7493732,5000000,161667442,0,0,3294015,100,8,8,35.1591,210000000,9,0
6,36,2018,145,1,1,50539342,110000000,30800007,'',5740,9477713,10000000,189606064,0,0,3233382,100,8,0,34.9858,232000000,9,0
6,36,2019,145,1,1,48615678,110000000,30800007,'',6172,17027814,9500000,236744743,0,0,3246121,100,8,8,35.2687,256000000,9,0
6,36,2020,145,1,1,52583024,110000000,30760077,'',-5029288,14499005,10000000,243323740,0,0,3235334,100,8,0,37.6788,266000000,9,0
6,36,2021,145,1,1,57062064,110000000,30800007,'',-5434257,21433033,10000000,263453645,0,0,3217565,100,8,0,39.3663,274000000,9,0
6,36,2022,145,1,1,53833411,110000000,30800007,'',-9696967,6527673,13000000,280393537,0,0,3270027,100,8,0,38.4271,279000000,9,0
6,36,2023,145,1,1,44639213,110000000,30800007,'',-44500642,0,-27000000,254236916,0,0,2891158,95,8,9,39.6827,274000000,9,0
6,36,2024,145,1,1,43361640,110000000,28832971,'',-34166713,0,-30000000,154197958,0,0,2748798,94,7,0,39.3557,242000000,9,0
6,36,2025,145,1,1,17592347,105000000,25243014,'',107,0,10000000,121516241,0,0,1485967,90,7,-11,43.4652,234000000,9,0
6,36,2026,145,1,1,37463620,105000000,27154381,'',4693833,0,20000000,128387999,0,0,2141672,86,7,0,40.3525,200000000,9,0
6,36,2027,145,1,1,37749547,105000000,28386170,'',3823716,0,20000000,210195726,0,0,2514609,84,7,6,40.4194,210000000,9,0
6,36,2028,145,1,1,55007702,105000000,26627503,'',-13362790,0,10000000,211765622,0,0,2742816,86,7,0,38.7209,214000000,9,0
6,36,2029,145,1,1,59643344,105000000,27548860,'',-13407439,15623676,10000000,207556280,0,0,3059660,86,7,1,38.3113,230000000,9,0
6,36,2030,145,1,1,46549126,105000000,29200570,'',-10066220,0,10000000,219980216,0,0,2759479,84,7,12,39.6280,254000000,9,0
6,36,2031,145,1,1,55367392,110000000,34311624,'',-17049920,9291764,-1600000,210193327,0,0,3226266,84,8,14,39.1157,270000000,9,0
6,36,2032,145,1,1,54431459,117500000,34332597,'',-9949586,8905711,10000000,228131292,0,0,3201994,87,8,8,39.0421,288000000,9,0
6,36,2033,145,1,1,54633965,112500000,33730686,'',-18885548,12385638,10000000,264726777,0,0,3115973,87,8,7,38.8452,278000000,9,0
6,36,2034,145,1,1,52668117,112500000,32320331,'',-32809263,0,-11000000,257371649,0,0,2925628,87,8,0,39.4474,262000000,9,0
6,36,2035,145,1,1,44116981,112500000,31751363,'',-29517434,0,-25000000,243124417,0,0,2780508,87,8,0,40.3037,252000000,9,0
6,36,2036,145,1,1,31344106,112500000,31419006,'',-20189535,0,-19000000,196024145,0,0,2150838,86,8,0,41.0704,230000000,9,0
6,36,2037,145,1,1,18683382,112500000,29399597,'',46,0,7672694,152039922,0,0,1614052,81,7,0,43.0478,220000000,9,0
6,36,2038,145,1,1,24490561,112500000,30142073,'',5718497,0,20000000,175254778,0,0,1703660,77,7,4,42.3189,200000000,9,0
6,36,2039,145,1,1,21425203,112500000,29202953,'',29,0,10000000,169182220,0,0,1495684,69,7,6,46.3982,198000000,9,0
6,36,2040,145,1,1,0,0,0,'',0,0,0,0,0,0,0,0,0,0,0.0000,0,0,0
7,38,2017,145,0,1,37370803,66000000,19275066,'',0,7730890,5000000,102495765,0,0,2473432,80,4,0,22.4260,134000000,4,0
7,38,2018,145,0,1,36856735,70000000,22524337,'',270640,22462864,19000000,130594190,0,0,2834871,89,4,1,23.3806,148000000,4,0
7,38,2019,145,0,1,36564440,72500000,25686996,'',5925,0,18500000,151756467,0,0,2795317,93,5,4,25.0650,180000000,4,0
7,38,2020,145,0,1,39038563,72500000,25278364,'',5,5976498,14513200,158919765,0,0,2821735,94,5,0,26.0155,190000000,4,0
7,38,2021,145,0,1,26733095,72500000,23279953,'',21,0,-290000,155461693,0,0,2191081,64,5,0,29.5298,189000000,5,0
7,38,2022,145,0,1,15332900,75000000,17414130,'',32,0,1500000,107755346,0,0,1065912,52,5,-2,32.3563,160000000,5,0
7,38,2023,145,0,1,14881128,72500000,14843870,'',5687041,0,3000000,44865771,0,0,747422,47,5,-5,35.7467,130000000,5,0
7,38,2024,145,0,1,29187792,70000000,18466699,'',5857933,11498604,10000000,70759456,0,0,1885145,53,5,9,25.3070,130000000,5,0
7,38,2025,145,0,1,32904108,75000000,20054667,'',6183655,886118,29465000,140508475,0,0,2114342,57,5,10,25.8976,150000000,5,0
7,38,2026,145,0,1,42721154,75000000,20977971,'',53,6082692,19000000,165808138,0,0,2709164,57,5,9,26.1419,180000000,5,0
7,38,2027,145,0,1,34720739,75000000,27261331,'',0,20950402,10000000,178942726,0,0,2696633,88,9,1,20.4738,200000000,5,0
7,38,2028,145,0,1,29740984,77500000,30429009,'',0,0,3294126,192428063,0,0,2805091,88,9,6,26.0951,209000000,5,0
7,38,2029,145,0,1,29914848,80000000,29689063,'',-4705537,0,11231450,214757085,0,0,2814763,89,9,1,24.5305,217000000,5,0
7,38,2030,145,0,1,18478313,82500000,30923217,'',-13306582,16357871,7501353,203138695,0,0,2822797,91,9,7,25.1848,226000000,5,0
7,38,2031,145,0,1,38913680,80000000,35156268,'',-9471235,17716434,17131912,242299152,0,0,2801253,91,9,12,34.1962,234000000,5,0
7,38,2032,145,0,1,38764187,92500000,34883048,'',-24397207,22682753,0,223892281,0,0,2815889,93,9,1,34.0107,254000000,6,0
7,38,2033,145,0,1,41448022,97500000,33727022,'',-16977993,14305782,0,236331657,0,0,2651766,94,9,0,36.9300,270000000,7,0
7,38,2034,145,0,1,49849340,97500000,33675593,'',-20031459,30090749,0,221944648,0,0,2717375,94,7,19,46.1135,290000000,7,0
7,38,2035,145,0,1,46606796,102500000,32737527,'',-13575283,6166831,16054055,241545289,0,0,2820055,94,7,13,40.2520,310000000,7,0
7,38,2036,145,0,1,44733631,102500000,32737527,'',-19478928,0,0,268798166,0,0,2786097,94,7,9,34.1744,310000000,7,0
7,38,2037,145,0,1,45732321,102500000,32576260,'',-29734895,7726632,10000000,290641646,0,0,2740041,94,7,2,37.1965,310000000,7,0
7,38,2038,145,0,1,49420465,102500000,32338609,'',-39891856,9086032,0,296603697,0,0,2801287,95,7,0,42.3854,310000000,7,0
7,38,2039,145,0,1,39093835,97500000,35896228,'',-42122122,3602467,2000000,298539218,0,0,2805021,95,10,0,38.5946,310000000,7,0
7,38,2040,145,0,1,0,0,0,'',0,0,0,0,0,0,0,0,0,0,0.0000,0,0,0
8,40,2017,145,0,1,26131705,105000000,31183951,'',0,0,7000000,193026874,0,0,2637711,82,10,0,28.7848,214000000,9,0
8,40,2018,145,0,1,36346003,105000000,30002772,'',-1275944,0,7709744,198616150,0,0,2943400,88,10,0,27.8154,214000000,9,0
8,40,2019,145,0,1,0,0,0,'',0,0,0,0,0,0,0,0,0,0,0.0000,0,0,0
9,42,2017,145,0,2,45580749,82500000,23988227,'',0,1007220,6000000,131013939,0,0,2942842,91,5,0,25.3851,166000000,6,0
9,42,2018,145,0,2,51156482,85000000,26204038,'',5460,9185621,20000000,126106333,0,0,3209421,96,5,3,29.9140,186000000,6,0
9,42,2019,145,0,2,55269681,87500000,26374977,'',303555,1452304,10000000,150882465,0,0,3072935,100,5,3,34.3673,208000000,6,0
9,42,2020,145,0,2,58285355,87500000,26374977,'',68,21782654,10000000,177034835,0,0,3270288,100,5,0,34.7794,232000000,6,0
9,42,2021,145,0,2,62966498,87500000,26374977,'',43,1589076,10000000,205974880,0,0,3203967,100,5,0,36.3644,244000000,6,0
9,42,2022,145,0,2,60655878,87500000,26374977,'',73,24695052,10000000,197985075,0,0,3294015,100,5,0,35.5617,252000000,6,0
9,42,2023,145,0,2,61181391,87500000,26374977,'',-7416834,26809861,10000000,198971281,0,0,3188282,100,5,6,35.1618,266000000,6,0
9,42,2024,145,0,2,60984921,87500000,26374977,'',-9297177,4790853,10000000,231285875,0,0,3232198,100,5,10,35.5382,258000000,6,0
9,42,2025,145,0,2,58185396,87500000,26374977,'',-24201859,11254109,10000000,211597060,0,0,3150480,100,5,0,35.5313,252000000,6,0
9,42,2026,145,0,2,47796790,87500000,27168637,'',-13624631,0,13148171,208459533,0,0,2840178,97,6,0,36.3612,254000000,6,0
9,42,2027,145,0,2,43275686,87500000,26455217,'',-14005395,0,-1400000,180822080,0,0,2800077,94,6,0,33.8971,232000000,6,0
9,42,2028,145,0,2,41365802,85000000,26713280,'',-144649,0,10000000,182141739,0,0,2773729,94,6,0,34.1436,210000000,6,0
9,42,2029,145,0,2,37034680,85000000,26732429,'',-76691,0,10000000,201753578,0,0,2607504,91,6,0,34.1766,218000000,6,0
9,42,2030,145,0,2,32236019,85000000,25143397,'',-7455004,0,-4000000,150744678,0,0,2172059,85,6,0,34.8509,188000000,6,0
9,42,2031,145,0,2,34768173,85000000,27084696,'',61,0,19597052,97081780,0,0,2065902,82,6,0,34.5365,182000000,6,0
9,42,2032,145,0,2,36046034,90000000,27237912,'',5727544,11180458,20000000,126425484,0,0,2236038,83,6,0,33.8453,204000000,6,0
9,42,2033,145,0,2,28844082,90000000,27224489,'',4275038,0,20000000,135396097,0,0,2029214,78,6,0,34.3435,206000000,6,0
9,42,2034,145,0,2,22898868,87500000,27095465,'',5162915,0,20000000,127969926,0,0,1909827,72,6,0,34.3671,200000000,6,0
9,42,2035,145,0,2,21300597,87500000,25850848,'',6270949,0,30000000,147442180,0,0,1643446,69,6,0,34.2546,192000000,6,0
9,42,2036,145,0,2,29572654,85000000,24573945,'',120,0,20000000,120080856,0,0,1686200,67,6,0,34.0558,174000000,6,0
9,42,2037,145,0,2,15083430,85000000,23821229,'',5802661,0,20000000,121207237,0,0,1149700,65,6,0,36.0365,166000000,6,0
9,42,2038,145,0,2,26977312,85000000,23963724,'',5718533,0,30000000,120793735,0,0,2207783,64,6,0,26.8826,170000000,6,0
9,42,2039,145,0,2,30255670,85000000,26052453,'',5736360,0,30000000,125998317,0,0,2302095,59,6,9,26.0952,178000000,6,0
9,42,2040,145,0,2,0,0,0,'',0,0,0,0,0,0,0,0,0,0,0.0000,0,0,0
10,43,2017,145,0,1,34712050,82500000,24850505,'',0,0,1000000,127008546,0,0,2765400,83,7,0,25.0235,146000000,6,0
11,44,2017,145,0,2,0,0,0,'',0,0,0,0,0,0,0,0,0,0,0.0000,0,0,0
12,45,2017,145,1,2,0,0,0,'',0,0,0,0,0,0,0,0,0,0,0.0000,0,0,0
13,46,2017,145,1,1,0,0,0,'',0,0,0,0,0,0,0,0,0,0,0.0000,0,0,0
13,52,2017,145,1,1,19942867,75000000,21554702,'',0,0,1000000,90318693,0,0,1935252,57,7,0,23.0736,120000000,5,0
14,47,2017,145,0,1,21004604,72500000,17382368,'',0,0,1000000,97977722,0,0,1977846,52,5,0,18.8571,130000000,5,0
14,47,2018,145,0,1,19524921,72500000,16591351,'',268356,0,2259626,87464509,0,0,2107394,50,4,2,16.9774,112000000,5,0
14,47,2019,145,0,1,27112333,72500000,18663275,'',301147,2735895,2763304,91105489,0,0,2549663,66,4,2,17.8221,120000000,5,0
14,47,2020,145,0,1,34060805,75000000,20344144,'',445691,13703159,5933267,91275158,0,0,2477974,79,4,9,23.0129,128000000,5,0
14,47,2021,145,0,1,49227223,77500000,23247856,'',932419,15363420,6000000,139293098,0,0,2900812,86,4,0,29.6323,142000000,5,0
14,52,2022,145,1,1,29351071,77500000,27189683,'',10,0,4653872,166272852,0,0,2659314,74,7,7,28.4855,170000000,5,0
14,52,2023,145,1,1,27342846,77500000,22439209,'',34,0,1508352,119573335,0,0,2424582,64,7,0,25.1266,170000000,5,0
14,52,2024,145,1,1,19488741,75000000,20781990,'',5857799,0,-2800000,81636423,0,0,2199943,63,7,-4,20.9435,140000000,5,0
14,52,2025,145,1,1,14498209,72500000,19885058,'',6183620,0,2883749,65638920,0,0,1401317,60,7,0,22.4986,110000000,5,0
14,52,2026,145,1,1,14459337,72500000,20672701,'',4693797,0,2040241,51946868,0,0,1497156,58,7,0,23.1013,102000000,5,0
14,52,2027,145,1,1,16398374,72500000,19315163,'',3823715,0,5914818,36166224,0,0,1528893,55,6,0,22.6301,104000000,5,0
14,52,2028,145,1,1,18725558,72500000,18816129,'',3947459,0,6000000,52963871,0,0,1755777,53,6,0,20.3061,104000000,5,0
14,52,2029,145,1,1,18006925,72500000,17432281,'',3790062,0,6000000,47789369,0,0,1605419,50,5,0,21.2062,104000000,5,0
14,52,2030,145,1,1,15744492,72500000,16429595,'',4550592,0,6000000,57189560,0,0,898696,49,5,0,28.9012,110000000,5,0
14,52,2031,145,1,1,15755861,72500000,18922235,'',5633723,0,4129287,48251405,0,0,1131860,49,5,0,28.1200,110000000,5,0
14,44,2033,145,0,2,34504854,87500000,28069293,'',-2055003,3247872,0,192679988,0,0,2926856,80,7,0,24.5265,214000000,6,0
14,44,2034,145,0,2,36011754,87500000,27475941,'',-388208,0,0,184137204,0,0,2615888,79,7,0,24.6697,214000000,6,0
14,44,2035,145,0,2,24787246,87500000,27405641,'',90,0,0,185199058,0,0,2793034,75,7,0,21.9405,214000000,6,0
14,44,2036,145,0,2,18322703,87500000,28125549,'',69,0,0,188055076,0,0,1898694,72,7,6,25.8801,214000000,6,0
14,44,2037,145,0,2,24501649,87500000,26025272,'',27,0,-15000000,105938846,0,0,2630749,72,7,-2,21.4700,160000000,6,0
14,44,2038,145,0,2,26948567,85000000,26469184,'',5718551,0,8774453,124725490,0,0,2462067,74,7,0,23.9287,164000000,6,0
14,44,2039,145,0,2,26468764,87500000,27003484,'',5736450,0,16168615,120100839,0,0,2475692,70,7,1,24.7250,180000000,6,0
14,44,2040,145,0,2,0,0,0,'',0,0,0,0,0,0,0,0,0,0,0.0000,0,0,0
15,48,2017,145,0,0,17359798,100000000,28638102,'',0,0,2000000,151761153,0,0,2183180,75,10,0,30.1311,204000000,8,0
15,48,2018,145,0,0,13524737,95000000,24804152,'',3333,0,20000000,103209331,0,0,1638812,64,9,0,31.6093,194000000,8,0
15,48,2019,145,0,0,24548509,95000000,24848280,'',301703,0,20000000,105725765,0,0,1752236,64,9,0,31.9148,170000000,8,0
15,48,2020,145,0,0,43106290,95000000,25526992,'',445794,7796584,20000000,120947889,0,0,2653707,81,9,0,28.6497,170000000,8,0
15,48,2021,145,0,0,36280603,95000000,29670913,'',932440,10260178,10000000,125666751,0,0,3532692,86,9,1,25.9653,188000000,8,0
15,48,2022,145,0,0,38171126,100000000,31116629,'',897168,1169075,10000000,169171989,0,0,3646870,91,9,5,25.6708,208000000,8,0
15,48,2023,145,0,0,44793377,100000000,30181328,'',0,14510140,10000000,187803874,0,0,3827501,92,9,0,25.1875,218000000,8,0
15,48,2024,145,0,0,41082045,100000000,30062691,'',-4271844,0,10000000,216526359,0,0,3707694,92,9,0,25.5832,240000000,8,0
15,48,2025,145,0,0,0,0,0,'',0,0,0,0,0,0,0,0,0,0,0.0000,0,0,0
15,46,2028,145,0,1,19058058,69000000,21280331,'',3947424,0,19656307,106570342,0,0,1980515,63,6,0,22.2907,150000000,4,0
15,46,2029,145,0,1,19926816,68000000,21015590,'',3790035,0,28663329,116790800,0,0,2048033,59,6,0,22.0108,144000000,4,0
15,46,2030,145,0,1,11882818,67000000,19332735,'',4550563,0,30000000,70263021,0,0,1511931,57,6,0,22.3790,132000000,4,0
15,46,2031,145,0,1,24709414,67000000,21964711,'',5633810,0,30000000,72786710,0,0,2142898,59,6,0,20.9897,126000000,4,0
15,46,2032,145,0,1,25011909,71500000,23376640,'',5727469,0,30000000,125988155,0,0,2216188,61,6,2,21.6408,140000000,4,0
15,46,2033,145,0,1,13477536,71500000,21861010,'',4274915,0,13972945,117921432,0,0,1500268,58,6,0,23.2432,150000000,4,0
15,46,2034,145,0,1,23907744,70500000,22249624,'',5162800,10847115,-2400000,91732264,0,0,2066979,65,7,4,21.4615,136000000,4,0
15,46,2035,145,0,1,23876905,72500000,26462833,'',6270848,0,30000000,131403295,0,0,2667708,61,7,8,21.3719,150000000,4,0
15,46,2036,145,0,1,19886622,72500000,24443128,'',4760221,0,30000000,123499938,0,0,1794425,61,7,0,26.8724,156000000,4,0
15,46,2037,145,0,1,17159315,71500000,23907349,'',5802584,0,30000000,106560794,0,0,1566424,55,7,5,27.0363,144000000,4,0
15,46,2038,145,0,1,16930118,71500000,21920589,'',5718463,0,30000000,88731054,0,0,1268919,53,7,0,27.3840,130000000,4,0
15,46,2039,145,0,1,14471105,70500000,21249440,'',5736406,0,30000000,66070975,0,0,1029108,52,6,0,34.9610,130000000,4,0
15,46,2040,145,0,1,0,0,0,'',0,0,0,0,0,0,0,0,0,0,0.0000,0,0,0
16,49,2017,145,1,0,49917436,90000000,26908590,'',0,18140958,9000000,170793729,0,0,3451227,89,6,7,25.2860,196000000,7,0
16,49,2018,145,1,0,43845093,95000000,27485264,'',6543,24855920,9249692,209330384,0,0,3545101,93,6,3,25.5629,224000000,7,0
16,49,2019,145,1,0,44359768,95000000,27004789,'',-1156076,22099825,8000000,169785901,0,0,3553154,97,6,0,25.6644,246000000,7,0
16,49,2020,145,1,0,43738221,95000000,27598187,'',10,0,10000000,212922227,0,0,3490132,96,6,0,26.0174,258000000,7,0
16,49,2021,145,1,0,40557902,95000000,27019217,'',9,0,-700000,227104005,0,0,3325865,99,6,-2,26.2570,256000000,7,0
16,49,2022,145,1,0,29703439,95000000,25774708,'',-2427039,0,-5000000,231547959,0,0,2868448,83,6,0,26.7408,254000000,7,0
16,49,2023,145,1,0,22504905,90000000,23581270,'',-22520132,0,-22000000,222269402,0,0,2189321,75,6,0,27.3545,220000000,7,0
16,49,2024,145,1,0,14817522,87500000,21392602,'',-19781332,0,-30000000,160700392,0,0,1274784,68,6,-2,30.2114,160000000,7,0
16,49,2025,145,1,0,16314193,87500000,21149950,'',80,0,-16000000,136942611,0,0,1280332,65,6,0,30.1190,146000000,7,0
16,49,2026,145,1,0,0,0,0,'',0,0,0,0,0,0,0,0,0,0,0.0000,0,0,0
17,51,2017,145,1,0,14999843,64000000,14034333,'',0,0,9000000,82697343,0,0,1397416,43,3,0,16.9185,114000000,4,0
17,51,2018,145,1,0,12628369,65000000,14062977,'',269035,0,-190000,58734634,0,0,1288955,43,3,0,17.0560,114000000,4,0
17,51,2019,145,1,0,22754083,65000000,14419836,'',301333,0,22872638,82413694,0,0,2080127,49,2,0,15.9498,114000000,4,0
17,51,2020,145,1,0,32047785,66000000,16257120,'',445775,5042427,27897123,108756448,0,0,3155930,68,2,0,14.2202,122000000,4,0
17,51,2021,145,1,0,40246168,68000000,19272065,'',932584,14153527,17160801,125281072,0,0,3461253,84,2,0,16.8410,140000000,4,0
17,51,2022,145,1,0,48061691,70000000,21408159,'',897333,1013726,27252833,158089392,0,0,3499084,89,2,2,20.8142,180000000,4,0
17,51,2023,145,1,0,50194173,72500000,22242380,'',62,6931199,371115,139940095,0,0,3431264,90,2,8,23.3935,190000000,4,0
17,51,2024,145,1,0,52328174,72500000,20942514,'',87,17464273,14893818,164518949,0,0,3451696,90,2,0,23.7508,198000000,4,0
17,51,2025,145,1,0,53975234,72500000,22358780,'',66,16258324,11862376,172369702,0,0,3315434,90,2,10,26.3049,208000000,4,0
17,51,2026,145,1,0,58222381,72500000,21902866,'',67,14808036,5071971,170576331,0,0,3443854,90,2,1,26.9434,216000000,4,0
17,51,2027,145,1,0,60483359,72500000,22449960,'',83,10883993,10000000,184810778,0,0,3422979,90,2,15,28.8736,222000000,4,0
17,51,2028,145,1,0,62944913,72500000,22252080,'',-1939563,14650252,5000000,195673063,0,0,3482370,90,2,6,29.3155,226000000,4,0
17,51,2029,145,1,0,56222443,72500000,20286763,'',-6165787,5722203,-1500000,182345474,0,0,3135449,90,2,0,27.6924,224000000,4,0
17,51,2030,145,1,0,57222943,72500000,21010447,'',62,7583021,-2400000,165742207,0,0,3476542,93,2,-5,26.5940,222000000,4,0
17,51,2031,145,1,0,55993910,72500000,23523149,'',138,6733881,-3400000,150847306,0,0,3285773,93,2,0,25.7413,220000000,5,0
17,51,2032,145,1,0,52008966,85000000,24531583,'',77,0,-2600000,146576727,0,0,3175903,94,2,5,27.0032,218000000,5,0
17,51,2033,145,1,0,44674004,85000000,25381830,'',4275003,0,589257,155872867,0,0,3027721,93,3,-3,27.2443,216000000,5,0
17,51,2034,145,1,0,54437095,82500000,27619459,'',50,24546721,-1800000,151728872,0,0,3400621,93,4,8,26.9891,214000000,5,0
17,51,2035,145,1,0,54510265,85000000,28124982,'',22,14435475,30000000,182534899,0,0,3473017,93,4,9,27.4330,240000000,5,0
17,51,2036,145,1,0,55882119,85000000,28124982,'',61,22626997,10000000,196240224,0,0,3455228,94,4,16,27.9331,248000000,5,0
17,51,2037,145,1,0,60918461,92500000,28237491,'',106,14194216,10000000,229241931,0,0,3508079,94,4,12,30.5233,270000000,6,0
17,51,2038,145,1,0,62963258,92500000,29671839,'',-12261984,14956947,-2600000,208173763,0,0,3414379,95,5,6,34.4562,266000000,6,0
17,51,2039,145,1,0,50689761,92500000,29671839,'',-2328651,0,-4000000,201708326,0,0,3273547,95,5,14,31.7278,256000000,6,0
17,51,2040,145,1,0,0,0,0,'',0,0,0,0,0,0,0,0,0,0,0.0000,0,0,0
18,53,2017,145,1,2,18570669,60000000,16615072,'',0,0,1000000,27964992,0,0,1667847,50,4,0,18.4645,75000000,3,0
18,53,2018,145,1,2,12890638,60000000,15777097,'',264529,0,6000000,26186783,0,0,1361366,47,4,0,19.4391,85000000,3,0
19,56,2017,145,1,1,0,0,0,'',0,0,0,0,0,0,0,0,0,0,0.0000,0,0,0
19,46,2017,145,1,1,39000909,66000000,23251546,'',0,0,6000000,76874570,0,0,2874536,75,6,5,19.3635,110000000,4,0
19,46,2018,145,1,1,28917594,70000000,24104809,'',269714,0,30000000,96307212,0,0,2923484,77,6,2,22.1074,136000000,4,0
19,46,2019,145,1,1,32001322,70000000,23880266,'',302752,10007104,23419825,151265225,0,0,3087394,82,6,0,21.8223,160000000,4,0
19,46,2020,145,1,1,34205870,70000000,24686258,'',0,8729568,20000000,170237976,0,0,3101111,82,6,2,22.8758,170000000,4,0
19,46,2021,145,1,1,31393670,70000000,23603723,'',0,0,11338354,141520104,0,0,3185769,77,6,0,20.0988,178000000,4,0
19,46,2022,145,0,1,31085495,69000000,25019510,'',52,0,2672215,147081379,0,0,3216789,78,6,3,19.8847,162000000,4,0
19,46,2023,145,0,1,0,0,0,'',0,0,0,0,0,0,0,0,0,0,0.0000,0,0,0
20,58,2017,145,0,2,46849939,100000000,31563588,'',0,23540752,7000000,166158200,0,0,3279036,98,9,10,29.7053,210000000,8,0
20,58,2018,145,0,2,54268696,100000000,31925016,'',5644,9300522,10000000,201779810,0,0,3455109,100,9,17,33.1995,236000000,8,0
20,58,2019,145,0,2,55850228,100000000,31925016,'',6111,23649691,10000000,219877395,0,0,3618741,100,9,5,33.2674,266000000,8,0
20,58,2020,145,0,2,38453402,100000000,31751199,'',-1655819,0,10000000,191836481,0,0,2988876,94,9,3,34.2593,276000000,8,0
20,58,2021,145,0,2,43931866,100000000,31643598,'',37,0,-9500000,165542264,0,0,3110929,99,9,11,33.9308,244000000,8,0
20,58,2022,145,0,2,35272968,100000000,31925016,'',47,0,2981383,184772582,0,0,2957099,100,9,5,34.4589,244000000,8,0
20,58,2023,145,0,2,0,0,0,'',0,0,0,0,0,0,0,0,0,0,0.0000,0,0,0
21,59,2017,145,0,0,0,0,0,'',0,0,0,0,0,0,0,0,0,0,0.0000,0,0,0
22,60,2017,145,1,0,0,0,0,'',0,0,0,0,0,0,0,0,0,0,0.0000,0,0,0
22,50,2017,145,0,2,17433318,59000000,15498487,'',0,0,2000000,69513385,0,0,1532494,46,4,0,18.8592,92000000,3,0
22,50,2018,145,0,2,25060206,60000000,17438070,'',269158,0,6854352,72105675,0,0,2452207,60,4,0,15.8014,98000000,3,0
22,50,2019,145,0,2,26833410,61000000,20970085,'',302567,10871824,9000000,92900803,0,0,2822862,80,4,1,15.4183,106000000,3,0
22,50,2020,145,0,2,24724206,64000000,23037846,'',445711,0,16000000,108526945,0,0,2822207,82,6,0,15.5705,114000000,3,0
22,50,2021,145,0,2,26737585,64000000,24179461,'',932449,2697032,6816692,111653761,0,0,2822666,89,6,0,17.6940,122000000,3,0
22,50,2022,145,0,2,31548154,65000000,27818322,'',897173,10831873,9704612,153569880,0,0,3275927,94,7,3,21.6011,140000000,3,0
22,50,2023,145,0,2,41113862,65000000,28239136,'',9,10742000,6057372,142700690,0,0,3323484,94,8,0,24.3398,150000000,6,0
22,50,2024,145,1,2,41125265,85000000,29469240,'',18,6384230,12000000,149767654,0,0,3742439,94,8,0,24.8949,162000000,6,0
22,50,2025,145,1,2,44140596,85000000,30072150,'',0,1279824,12700000,180517685,0,0,3936653,94,8,3,25.0107,174000000,6,0
22,50,2026,145,1,2,31567396,87500000,30223780,'',0,0,10000000,167174274,0,0,3337318,94,9,0,25.8421,188000000,6,0
22,50,2027,145,1,2,19040040,95000000,29905596,'',0,0,7153148,132705496,0,0,2788156,93,9,-2,27.0463,202000000,7,0
22,50,2028,145,1,2,25941360,95000000,30056277,'',3947379,0,12000000,164958494,0,0,2875897,90,9,0,26.2672,182000000,7,0
22,50,2029,145,1,2,26207952,95000000,29415252,'',64,0,9655886,132299848,0,0,2649579,88,9,0,26.6117,170000000,7,0
22,50,2030,145,1,2,37302422,95000000,28144102,'',4550620,0,10000000,98277553,0,0,3455806,83,9,0,22.4101,170000000,7,0
22,50,2031,145,1,2,33004760,90000000,34999888,'',5633715,0,12000000,154120872,0,0,3937310,84,9,13,18.9047,182000000,7,0
22,50,2032,145,1,2,38732644,107500000,35260725,'',0,5745947,8525138,151342503,0,0,3787176,85,9,9,23.4651,196000000,8,0
22,50,2033,145,1,2,37954091,107500000,35642498,'',0,6285820,10000000,187098537,0,0,3944256,85,9,11,23.3362,210000000,8,0
22,50,2034,145,1,2,38507301,107500000,35198654,'',0,3484536,10000000,207031494,0,0,3930059,86,9,6,23.7656,226000000,8,0
22,50,2035,145,1,2,38018098,107500000,35040353,'',-6864364,23031255,3224944,198030218,0,0,3949142,87,9,11,23.5308,226000000,8,0
22,50,2036,145,1,2,39057739,107500000,34993489,'',0,5005845,10000000,219290770,0,0,3900797,88,9,6,23.5014,240000000,9,0
22,50,2037,145,1,2,38032444,112500000,35722240,'',-7456567,5340560,-6500000,206285155,0,0,3932196,89,9,13,23.6788,236000000,9,0
22,50,2038,145,1,2,38280381,117500000,36165642,'',-1931435,19427605,4182424,218308482,0,0,3936392,90,9,14,23.7250,234000000,9,0
22,50,2039,145,1,2,35307074,117500000,37687518,'',-6889275,10219270,10000000,229873479,0,0,3964783,90,10,15,23.5048,252000000,9,0
22,50,2040,145,1,2,0,0,0,'',0,0,0,0,0,0,0,0,0,0,0.0000,0,0,0
23,54,2017,145,0,2,46975457,80000000,25390070,'',0,7257459,9000000,161306914,0,0,3515271,83,7,1,20.6418,174000000,6,0
23,54,2018,145,0,2,21280725,85000000,23400673,'',5582,0,20000000,177637526,0,0,2532935,64,7,-8,22.9174,200000000,6,0
23,54,2019,145,0,2,15565674,77500000,20583517,'',4197,0,-250000,125621364,0,0,1561083,58,7,0,24.9728,190000000,6,0
23,54,2020,145,0,2,12133931,80000000,20026106,'',445693,0,-950000,106167007,0,0,1453650,51,7,0,24.9230,160000000,6,0
23,54,2021,145,0,2,19404659,77500000,18468797,'',932436,0,-30000,122223037,0,0,2633104,50,7,0,16.5063,158000000,6,0
23,54,2022,145,0,2,15100140,77500000,20253567,'',897188,0,-1400000,118820324,0,0,1799461,52,7,0,19.8722,156000000,6,0
24,57,2017,145,0,0,45603226,59000000,17071923,'',0,12901877,6700000,71903105,0,0,2527627,66,3,9,20.7032,99000000,3,0
24,57,2018,145,0,0,47970463,63000000,19504660,'',270825,13891951,30000000,116891569,0,0,2852472,82,3,0,24.8854,120000000,3,0
24,57,2019,145,0,0,45943619,64000000,21846002,'',303987,9962840,19080175,140545622,0,0,2811806,88,3,1,28.5759,146000000,3,0
24,57,2020,145,0,0,42404570,65000000,21434023,'',445717,0,16125000,154062842,0,0,2747321,81,3,3,26.8661,162000000,3,0
24,57,2021,145,0,0,48870363,64000000,22532480,'',23,0,3536094,135037099,0,0,2820024,87,4,0,30.3365,170000000,3,0
24,57,2022,145,0,0,40785592,64000000,21932382,'',897165,0,7305932,164660674,0,0,2594530,86,4,0,30.9320,174000000,3,0
24,57,2023,145,0,0,24353397,64000000,17517368,'',14,0,-14500000,139529070,0,0,2264797,71,4,-21,23.2314,158000000,3,0
24,57,2024,145,0,0,19525903,60000000,15352735,'',95,0,-30000000,93495815,0,0,2416487,67,4,-19,15.4658,120000000,3,0
24,57,2025,145,0,0,20056655,60000000,19315545,'',6183682,0,-27000000,86152969,0,0,2720913,66,4,0,14.7118,120000000,3,0
24,57,2026,145,0,0,20710252,62000000,16949419,'',4693740,0,761878,100369429,0,0,2994367,60,4,-5,12.5104,118000000,3,0
24,57,2027,145,0,0,22042970,61000000,17371629,'',3823732,0,7368624,89356401,0,0,2951445,59,4,0,12.6743,114000000,3,0
24,57,2028,145,0,0,33708166,61000000,20903649,'',3947474,6989262,26188700,130393639,0,0,2849720,62,4,16,16.8076,120000000,3,0
24,57,2029,145,0,0,31851868,63000000,21523020,'',3789975,0,27385773,167558116,0,0,3054303,64,4,14,18.3092,132000000,3,0
24,57,2030,145,0,0,30110202,63000000,18895450,'',0,0,-16000000,196419434,0,0,2657689,65,4,0,18.7627,138000000,3,0
24,57,2031,145,0,0,33081958,62000000,21281510,'',-6447568,4937751,-30000000,180924236,0,0,3452344,67,4,0,15.5881,130000000,3,0
25,33,2019,145,0,0,24266024,90000000,25240254,'',5185,0,7240118,171109806,0,0,2167736,64,8,0,30.8787,198000000,7,0
25,33,2020,145,0,0,0,0,0,'',0,0,0,0,0,0,0,0,0,0,0.0000,0,0,0
26,41,2017,145,1,0,15726485,72500000,16139815,'',0,0,1000000,94979965,0,0,1434470,49,4,0,22.0353,130000000,5,0
26,41,2018,145,1,0,24761177,66000000,17299656,'',268541,0,1951479,78299869,0,0,1947657,61,4,0,20.2091,100000000,4,0
26,41,2019,145,1,0,0,0,0,'',0,0,0,0,0,0,0,0,0,0,0.0000,0,0,0
27,56,2017,145,1,1,41737310,100000000,33155183,'',0,9986329,7000000,152240824,0,0,3529929,100,10,4,28.2989,200000000,8,0
27,56,2018,145,1,1,30391435,100000000,33014387,'',5617,0,19507000,183351044,0,0,3388692,93,10,0,27.8916,226000000,8,0
27,56,2019,145,1,1,28979795,100000000,31859254,'',4691,0,10350000,205033076,0,0,3463961,92,10,0,23.5671,250000000,8,0
27,56,2020,145,1,1,34343270,100000000,31324794,'',0,0,3661805,226410516,0,0,3525886,94,10,0,24.1507,250000000,8,0
27,56,2021,145,1,1,27635270,100000000,31388005,'',-2051612,0,-4600000,166153458,0,0,3463368,84,10,0,23.1227,244000000,8,0
27,56,2022,145,1,1,0,0,0,'',0,0,0,0,0,0,0,0,0,0,0.0000,0,0,0
28,31,2017,145,1,2,25250748,65000000,17359908,'',0,0,4000000,77596529,0,0,2409547,50,4,0,15.1360,120000000,4,0
28,31,2018,145,1,2,13481649,66000000,15750318,'',268726,0,24000000,93796851,0,0,1210020,48,4,0,19.8346,120000000,4,0
28,31,2019,145,1,2,15343109,65000000,15300585,'',297506,0,20602940,84918358,0,0,1358764,46,4,-1,19.0535,102000000,4,0
28,31,2020,145,1,2,12313879,65000000,15128446,'',445674,0,24000000,79289373,0,0,1288927,39,4,0,18.3578,102000000,4,0
28,31,2021,145,1,2,11208969,64000000,14138603,'',932400,0,16226672,49887809,0,0,1085971,39,4,0,18.9867,97000000,4,0
28,31,2022,145,1,1,16636194,64000000,17209292,'',897271,0,24000000,35014307,0,0,1921048,51,4,0,17.5698,109000000,4,0
28,31,2023,145,1,1,21489186,66000000,18042047,'',5687039,0,18000000,75407732,0,0,2443603,49,4,6,16.4855,118000000,4,0
28,31,2024,145,1,1,15520200,66000000,16058047,'',5857799,0,18000000,88644479,0,0,1630940,49,4,0,17.9158,120000000,4,0
28,31,2025,145,1,1,20271612,66000000,14875239,'',6183744,0,14080110,67390245,0,0,1755930,50,3,0,17.0346,108000000,4,0
28,31,2026,145,1,1,32403211,66000000,17463348,'',4693787,4367116,14642315,89895204,0,0,2956673,54,3,11,16.3254,110000000,4,0
28,31,2027,145,1,1,24865778,68000000,16579488,'',3823689,0,18000000,108570802,0,0,2265877,54,3,0,17.8248,120000000,4,0
28,31,2028,145,1,1,32212480,66000000,16890468,'',3947379,5013060,10494816,100473135,0,0,2778450,59,3,0,17.3306,120000000,4,0
28,31,2029,145,1,1,27772609,67000000,17086884,'',3789984,0,17832000,113413504,0,0,2463140,61,3,0,17.8350,130000000,4,0
28,31,2030,145,1,1,33913149,67000000,17508360,'',4550511,21151657,11091534,115257852,0,0,2753289,67,3,0,18.1840,126000000,4,0
28,31,2031,145,1,1,30564481,68000000,19248119,'',5633730,0,18000000,114075802,0,0,1783746,68,3,0,24.5170,140000000,4,0
28,31,2032,145,1,1,35170879,72500000,21294342,'',5727470,1140695,9379155,108255697,0,0,2327620,74,3,0,25.6526,150000000,4,0
28,31,2033,145,1,1,25265377,75000000,21651134,'',4274901,0,14277120,109024582,0,0,1645766,72,3,0,28.2991,150000000,4,0
28,31,2034,145,1,1,46405329,75000000,22274890,'',5162790,8390259,10806045,103659798,0,0,2390077,77,3,0,29.3416,150000000,4,0
28,31,2035,145,1,1,52956651,75000000,22033202,'',6270838,12615804,18000000,128745297,0,0,2052710,80,3,0,34.1820,160000000,4,0
28,31,2036,145,1,1,54926851,75000000,23055150,'',4760203,0,18000000,117466468,0,0,2564237,81,3,0,33.5450,172000000,4,0
28,31,2037,145,1,1,28988891,75000000,22505073,'',5802544,0,18000000,120496810,0,0,1557490,76,3,0,36.2419,180000000,4,0
28,31,2038,145,1,1,39365459,75000000,24792746,'',5718441,0,12642435,103861411,0,0,1981867,74,5,0,35.0479,160000000,4,0
28,31,2039,145,1,1,35064392,75000000,24465709,'',5736325,0,18000000,133499719,0,0,1973727,77,5,0,33.4673,160000000,4,0
28,31,2040,145,1,1,0,0,0,'',0,0,0,0,0,0,0,0,0,0,0.0000,0,0,0
29,33,2017,145,0,0,14628701,90000000,23146414,'',0,0,4250000,162420569,0,0,1809701,61,8,0,32.6417,200000000,7,0
29,33,2018,145,0,0,38356965,85000000,27158093,'',4259,0,-550000,187940876,0,0,2126980,75,8,5,34.0814,190000000,7,0
29,33,2019,145,0,0,0,0,0,'',0,0,0,0,0,0,0,0,0,0,0.0000,0,0,0
29,41,2019,145,1,0,13689673,67000000,17224349,'',297509,0,6000000,75470708,0,0,1539792,50,4,0,21.8860,108000000,4,0
29,41,2020,145,1,0,19370687,66000000,16479257,'',445753,0,11000000,83843963,0,0,2304006,45,3,0,15.8041,110000000,4,0
29,41,2021,145,1,0,19645386,65000000,14138679,'',932513,0,2031092,61975211,0,0,2697548,49,3,-1,10.5431,97000000,4,0
29,41,2022,145,1,0,18023850,65000000,15519723,'',897224,0,5682434,74200813,0,0,2785182,50,3,-2,10.2543,92000000,4,0
29,41,2023,145,1,0,0,0,0,'',0,0,0,0,0,0,0,0,0,0,0.0000,0,0,0
29,58,2023,145,0,2,36671855,100000000,30788308,'',-1471213,0,667272,175439902,0,0,3465360,93,9,0,29.4815,256000000,8,0
29,58,2024,145,0,2,30714956,100000000,31905703,'',37,0,24000000,222536820,0,0,3252393,88,9,8,27.6437,244000000,8,0
29,58,2025,145,0,2,34554992,100000000,30228231,'',-20264784,0,-8465000,169344099,0,0,3541460,90,9,0,24.9494,198000000,8,0
29,58,2026,145,0,2,31801820,100000000,31856041,'',26,0,10000000,169525446,0,0,3508821,89,9,8,25.2850,216000000,8,0
29,58,2027,145,0,2,29276505,100000000,31902944,'',0,0,20000000,208658693,0,0,3385533,89,9,10,25.4144,220000000,8,0
29,41,2028,145,1,0,31939341,69000000,20800731,'',3947472,6309470,6000000,103343873,0,0,2925383,66,4,10,19.5242,128000000,4,0
29,41,2029,145,1,0,28566822,69000000,20013368,'',3790078,5651190,6000000,97501741,0,0,2621583,67,5,0,19.6414,136000000,4,0
29,41,2030,145,1,0,25469241,68000000,16371677,'',4550611,0,13807290,93276848,0,0,2862425,68,5,-17,16.2298,130000000,4,0
29,41,2031,145,1,0,25701965,66000000,18976931,'',5633800,0,12895548,97997748,0,0,2622499,68,5,-15,15.7405,122000000,4,0
29,41,2032,145,1,0,17413746,70500000,17861871,'',5727550,0,6529056,79143715,0,0,1766199,67,5,-20,16.8514,124000000,4,0
29,41,2033,145,1,0,23661217,63500000,17802255,'',4274906,4919016,8271072,71926909,0,0,2260743,71,4,-17,15.5949,104000000,3,0
29,41,2034,145,1,0,24151053,64500000,20377509,'',5162809,0,16670892,79325054,0,0,2438407,72,5,-7,15.8608,108000000,3,0
29,41,2035,145,1,0,14817789,65500000,18317365,'',6270875,0,17999999,52602979,0,0,1973035,66,5,-19,16.9824,114000000,3,0
29,41,2036,145,1,0,11811463,63500000,15786587,'',4760361,0,18000000,51629429,0,0,1198717,61,4,-23,18.6594,106000000,3,0
29,41,2037,145,1,0,15787702,62500000,15526528,'',5802713,0,18000000,40757017,0,0,1414745,57,4,-19,18.0668,99000000,3,0
29,41,2038,145,1,0,15734670,62500000,15981887,'',5718585,0,18000000,56756196,0,0,1327811,54,4,-11,18.1739,95000000,3,0
29,41,2039,145,1,0,22472731,63500000,16702795,'',5736449,0,18000000,66713999,0,0,1875958,53,4,-6,17.5940,96000000,3,0
29,41,2040,145,1,0,0,0,0,'',0,0,0,0,0,0,0,0,0,0,0.0000,0,0,0
30,37,2017,145,1,1,16434219,72500000,17237183,'',0,0,5000000,78637489,0,0,1500959,51,5,0,21.9814,122000000,5,0
30,37,2018,145,1,1,13875854,72500000,16701828,'',268417,0,9301261,81525236,0,0,1447382,49,5,-1,20.5647,126000000,5,0
30,37,2019,145,1,1,16906654,72500000,16393302,'',301394,0,-200000,84032267,0,0,1479176,48,5,0,21.6574,118000000,5,0
30,37,2020,145,1,1,22754802,72500000,16468157,'',445674,0,9711751,63862113,0,0,2397505,46,5,9,17.0524,130000000,5,0
30,37,2021,145,1,1,24793148,72500000,17736419,'',932400,2955468,23248825,99087887,0,0,2590821,56,4,4,16.5318,128000000,5,0
30,37,2022,145,1,1,26906231,72500000,21438477,'',897183,14268544,30000000,125580025,0,0,3150230,71,5,8,16.2189,140000000,5,0
30,37,2023,145,1,1,29778069,77500000,22863095,'',5686966,11649332,20000000,138609391,0,0,3384677,81,5,0,15.9141,150000000,5,0
30,37,2024,145,1,1,28155620,77500000,25254174,'',5857799,9888537,20000000,143648267,0,0,3382495,82,6,3,15.9139,166000000,5,0
30,37,2025,145,1,1,31121604,77500000,24979007,'',1,9629451,20000000,164119480,0,0,3293596,82,7,3,17.2885,172000000,5,0
30,37,2026,145,1,1,37843694,77500000,26985947,'',41,8904866,12930488,163514946,0,0,3170207,84,7,3,24.2028,180000000,5,0
30,37,2027,145,1,1,39433929,77500000,25651750,'',7,5224319,20000000,172765389,0,0,3009587,85,7,0,25.9576,188000000,5,0
30,37,2028,145,1,1,43006935,77500000,28340063,'',5,0,20000000,200069351,0,0,3049791,84,7,12,27.9018,190000000,5,0
30,37,2029,145,1,1,29211291,80000000,26041819,'',-8144117,0,-2600000,181122713,0,0,3010215,82,7,0,26.0250,188000000,5,0
30,37,2030,145,1,1,22044834,77500000,24916298,'',5,0,-5000000,143212863,0,0,2786895,79,7,0,20.4789,168000000,5,0
30,37,2031,145,1,1,22087487,77500000,27427138,'',16,0,4894907,124761168,0,0,2786727,78,7,0,18.3567,146000000,5,0
30,37,2032,145,1,1,21123437,82500000,26974300,'',5727530,0,20000000,93824648,0,0,3002468,75,7,0,15.2252,150000000,5,0
30,37,2033,145,1,1,0,0,0,'',0,0,0,0,0,0,0,0,0,0,0.0000,0,0,0
31,60,2017,145,1,0,47276202,90000000,28742266,'',0,1245040,3500000,165118416,0,0,3268449,98,8,0,29.1334,196000000,7,0
31,60,2018,145,1,0,34270516,95000000,29890339,'',6049,0,10000000,190068615,0,0,2975359,93,8,5,30.0201,214000000,7,0
32,55,2017,145,1,2,39953717,100000000,33172425,'',0,0,5000000,158204060,0,0,3302106,100,10,0,30.7536,220000000,8,0
33,44,2017,145,0,2,34332660,87500000,28815279,'',0,0,10000000,139059193,0,0,2792555,85,9,0,26.6528,192000000,7,0
33,44,2018,145,0,2,18851887,90000000,27905773,'',4814,0,10000000,170627230,0,0,2443439,74,9,0,28.4992,220000000,7,0
33,44,2019,145,0,2,22790026,87500000,27220894,'',4320,0,0,140272569,0,0,2180931,67,9,3,28.3008,222000000,7,0
33,44,2020,145,0,2,23515153,87500000,26453839,'',445710,0,6486187,180367384,0,0,2367550,70,9,1,26.8718,224000000,7,0
33,44,2021,145,0,2,24198227,87500000,25640206,'',56,0,0,192920620,0,0,2815098,65,9,0,22.2614,226000000,7,0
33,44,2022,145,0,2,23311149,85000000,22568444,'',23,0,0,158161937,0,0,2305009,61,8,0,22.3916,190000000,7,0
33,44,2023,145,0,2,23035628,85000000,22804886,'',53,0,0,132428306,0,0,2497265,63,8,0,21.1632,192000000,7,0
33,44,2024,145,0,2,29055337,85000000,25516096,'',5857903,0,20000000,150724561,0,0,2746698,61,8,13,20.6101,192000000,7,0
33,44,2025,145,0,2,26763733,87500000,25329573,'',80,0,1750000,146407891,0,0,2973124,59,8,14,21.4319,192000000,7,0
33,44,2026,145,0,2,20097358,87500000,24486243,'',102,0,19574538,153225604,0,0,2107707,58,8,6,26.5080,192000000,7,0
33,44,2027,145,0,2,37929323,80000000,24541803,'',25,7242100,16206210,156228563,0,0,2965528,61,8,11,23.7552,192000000,6,0
33,44,2028,145,0,2,25215017,82500000,23448251,'',8,0,20000000,148883648,0,0,2303880,62,8,2,25.8868,198000000,6,0
33,44,2029,145,0,2,29809733,80000000,22223326,'',17,0,14804637,184425355,0,0,2316212,66,7,8,24.7987,198000000,6,0
33,44,2030,145,0,2,40330458,82500000,27255207,'',17,1149148,0,183040071,0,0,3571575,70,7,13,23.4771,198000000,6,0
33,44,2031,145,0,2,42274112,85000000,28460207,'',-426854,5775818,0,215113354,0,0,3327398,76,7,12,24.2596,210000000,6,0
33,44,2032,145,0,2,32567516,90000000,27779657,'',-12163598,0,0,190730081,0,0,2971042,79,7,0,24.1583,214000000,6,0
33,44,2033,145,0,2,0,0,0,'',0,0,0,0,0,0,0,0,0,0,0.0000,0,0,0
33,45,2033,145,1,2,27585343,122500000,35937656,'',-13737495,0,-6400000,174693856,0,0,3475541,88,10,-2,22.3769,256000000,10,0
33,45,2034,145,1,2,28171529,117500000,33522029,'',0,0,19042305,162460348,0,0,3305812,83,7,1,22.7183,250000000,10,0
33,45,2035,145,1,2,35436189,117500000,29661645,'',51,0,30000000,174405878,0,0,3350005,82,7,4,21.9846,240000000,10,0
33,45,2036,145,1,2,48488439,117500000,32317178,'',77,11160873,20000000,196751730,0,0,4173293,82,7,15,21.5764,234000000,10,0
33,45,2037,145,1,2,35748909,122500000,31925876,'',60,0,10000000,221334368,0,0,3008630,83,7,6,29.3166,266000000,10,0
33,45,2038,145,1,2,48424386,117500000,30367262,'',-8703581,0,-2800000,207923609,0,0,3641888,84,7,1,27.3660,262000000,10,0
33,45,2039,145,1,2,33689244,117500000,31237087,'',-2216082,0,-290000,159674966,0,0,2831703,81,7,3,28.0127,266000000,10,0
33,45,2040,145,1,2,0,0,0,'',0,0,0,0,0,0,0,0,0,0,0.0000,0,0,0
34,59,2017,145,0,0,31432341,100000000,27342049,'',0,0,5000000,156861276,0,0,2627181,81,8,7,30.8418,210000000,8,0
34,59,2018,145,0,0,33555903,100000000,27426666,'',5061,0,10000000,209780408,0,0,3386127,75,8,1,26.8480,222000000,8,0
34,59,2019,145,0,0,44249687,95000000,26400609,'',-1246081,0,3150325,192421674,0,0,3483323,84,8,0,24.2858,210000000,8,0
34,59,2020,145,0,0,41428537,100000000,28621965,'',10,958870,2400000,214052558,0,0,3577738,87,8,0,26.7507,230000000,8,0
34,59,2021,145,0,0,37013994,100000000,29330669,'',97,0,-1600000,220289432,0,0,3303129,90,8,0,27.4932,250000000,8,0
34,59,2022,145,0,0,50590247,100000000,28788561,'',-1064125,9805408,-12500000,202381874,0,0,3502380,95,8,0,27.7270,220000000,8,0
34,59,2023,145,0,0,42000931,100000000,29505692,'',-9395394,0,-1400000,201084739,0,0,3495973,95,7,1,28.7230,236000000,8,0
34,59,2024,145,0,0,53951780,100000000,29239600,'',-10248233,22439862,-1500000,213320984,0,0,3635552,95,7,4,28.9608,224000000,8,0
34,59,2025,145,0,0,52615233,100000000,29204180,'',-16117658,21243945,10000000,237863449,0,0,3419005,95,7,3,31.7273,238000000,8,0
34,59,2026,145,0,0,56654150,100000000,28513490,'',-25444506,6762041,-200000,220949482,0,0,3493149,96,7,0,31.1885,248000000,8,0
34,59,2027,145,0,0,56420659,100000000,28627340,'',-19625873,16258057,-1600000,219671840,0,0,3501955,96,7,0,32.3711,246000000,8,0
34,59,2028,145,0,0,66229346,100000000,28714511,'',-17627041,9273841,4256225,199039266,0,0,3171498,96,8,-3,33.3628,230000000,8,0
34,59,2029,145,0,0,63133017,100000000,30600018,'',-7680578,24062594,14516361,224378124,0,0,3786144,96,8,3,34.7846,250000000,8,0
34,59,2030,145,0,0,61423870,110000000,30626981,'',-17636050,11357160,10000000,238588660,0,0,3564972,97,8,1,34.8069,270000000,9,0
34,59,2031,145,0,0,33622890,110000000,35849935,'',-25423719,0,-7000000,235703123,0,0,3184263,92,9,0,31.4914,268000000,9,0
34,59,2032,145,0,0,36031013,112500000,34033894,'',-21428994,8098985,-22000000,191058828,0,0,3429416,93,9,0,27.1068,250000000,9,0
34,59,2033,145,0,0,35084003,112500000,35471729,'',-2202939,9967415,-1900000,203782058,0,0,3523392,93,9,0,26.1110,248000000,9,0
34,59,2034,145,0,0,34264511,112500000,34665300,'',-5384139,0,3228148,187816776,0,0,3339846,94,9,0,27.0569,250000000,9,0
34,59,2035,145,0,0,29295140,112500000,34565262,'',56,0,17942691,184887004,0,0,3285737,93,9,-3,25.6460,236000000,9,0
34,59,2036,145,0,0,36196457,112500000,34512150,'',22,8194236,10000000,142753404,0,0,3596261,93,9,0,24.2442,226000000,9,0
34,59,2037,145,0,0,33072040,112500000,36159390,'',5802553,0,10000000,168024634,0,0,3320486,92,9,7,26.1133,250000000,9,0
34,59,2038,145,0,0,40160258,117500000,36071862,'',29,8455853,10000000,204955223,0,0,3562405,93,9,4,27.0927,244000000,9,0
34,59,2039,145,0,0,40757390,112500000,35568628,'',-880308,26998846,10000000,190828513,0,0,3337961,92,9,8,28.7189,260000000,9,0
34,59,2040,145,0,0,0,0,0,'',0,0,0,0,0,0,0,0,0,0,0.0000,0,0,0
35,45,2017,145,1,2,54303703,115000000,33700443,'',0,0,8000000,182676897,0,0,3666672,100,10,0,33.4296,240000000,10,0
35,45,2018,145,1,2,67401288,115000000,33750027,'',0,10842669,30000000,184952965,0,0,4169453,100,10,0,31.6995,272000000,10,0
35,45,2019,145,1,2,55602107,115000000,33612928,'',0,6902793,30000000,196937088,0,0,4062972,100,10,0,29.7975,294000000,10,0
35,45,2020,145,1,2,54302271,115000000,33341676,'',0,27825526,10000000,170341769,0,0,4289999,100,10,0,26.9790,286000000,10,0
35,45,2021,145,1,2,61255845,115000000,33750027,'',0,12360620,10000000,216315558,0,0,4407233,100,10,8,28.7516,286000000,10,0
35,45,2022,145,1,2,66046336,115000000,33703355,'',-269350,6968348,10000000,160761342,0,0,4187267,100,10,6,29.7380,300000000,10,0
35,45,2023,145,1,2,47905690,115000000,33551671,'',81,6106028,10000000,152080525,0,0,4318035,99,10,0,26.6416,298000000,10,0
35,45,2024,145,1,2,43427461,115000000,33738359,'',0,0,10000000,185697759,0,0,4180416,100,10,0,25.3681,290000000,10,0
35,45,2025,145,1,2,40425533,115000000,33723774,'',-3687207,0,8500000,181222923,0,0,4106119,100,10,0,24.4337,282000000,10,0
35,45,2026,145,1,2,45669643,115000000,33750027,'',195,18910721,10000000,188325542,0,0,4347124,100,10,2,24.2611,276000000,10,0
35,45,2027,145,1,2,46643608,115000000,33750027,'',-4945100,19590243,10000000,193270809,0,0,4377371,100,10,10,24.8595,288000000,10,0
35,45,2028,145,1,2,39319807,115000000,33750027,'',-5746577,1374669,10000000,207874620,0,0,4024263,100,10,4,25.6855,288000000,10,0
35,45,2029,145,1,2,33460288,115000000,33385402,'',-11656488,0,6955257,158984076,0,0,3668053,99,10,0,26.8724,280000000,10,0
36,52,2018,145,1,1,30337385,72500000,21639171,'',269282,1201512,5925708,91079685,0,0,2611202,78,7,1,19.8435,130000000,5,0
36,52,2019,145,1,1,29657893,77500000,26556118,'',302876,0,6000000,116552832,0,0,3074708,86,7,2,20.0458,144000000,5,0
36,52,2020,145,1,1,0,0,0,'',0,0,0,0,0,0,0,0,0,0,0.0000,0,0,0
37,43,2019,145,0,1,16509578,80000000,19778965,'',301580,0,3522875,124108611,0,0,1626656,53,6,0,25.4333,146000000,6,0
37,43,2020,145,0,1,17745897,77500000,17594963,'',445765,0,1522302,72711378,0,0,1364242,50,6,0,24.5678,120000000,6,0
37,43,2021,145,0,1,20487130,77500000,18189956,'',932500,0,1146952,50470089,0,0,2602402,50,6,0,14.8427,108000000,6,0
37,43,2022,145,1,2,20185264,77500000,19783729,'',897290,0,6000000,31569735,0,0,2646874,52,6,0,14.3469,130000000,6,0
37,43,2023,145,1,2,22345125,77500000,20830347,'',5687071,0,24000000,126832216,0,0,2883332,54,6,5,14.1575,140000000,6,0
37,43,2024,145,1,2,0,0,0,'',0,0,0,0,0,0,0,0,0,0,0.0000,0,0,0
38,55,2018,145,1,2,32615484,100000000,33160920,'',0,0,10000000,176352924,0,0,3053603,100,10,0,31.3912,244000000,8,0
38,55,2019,145,1,2,0,0,0,'',0,0,0,0,0,0,0,0,0,0,0.0000,0,0,0
38,40,2019,145,0,1,16360456,105000000,28277319,'',5308,0,6589675,168150141,0,0,2011597,77,10,0,30.0567,216000000,9,0
38,40,2020,145,0,1,10563495,105000000,27049801,'',214,0,0,153489979,0,0,1800117,65,10,0,31.5217,200000000,9,0
38,40,2021,145,0,1,9753895,100000000,22992410,'',189,0,-3800000,108475108,0,0,1525726,55,9,0,27.5318,164000000,9,0
38,40,2022,145,0,1,11479517,95000000,21714351,'',897376,0,7736740,104767926,0,0,1227860,53,9,0,29.1512,142000000,9,0
38,40,2023,145,0,1,30181587,95000000,24870606,'',5687202,0,16466620,110400054,0,0,2357422,62,9,13,24.8238,150000000,9,0
38,40,2024,145,0,1,44747350,100000000,27674005,'',5857872,8355031,20000000,111515483,0,0,3096992,69,9,11,27.2819,164000000,9,0
38,40,2025,145,0,1,45473060,105000000,26957176,'',6183615,21853927,10000000,158438916,0,0,3085960,70,9,4,28.9416,180000000,9,0
38,40,2026,145,0,1,31725407,100000000,26207009,'',0,0,10000000,181191910,0,0,2256354,72,9,0,30.5681,198000000,9,0
38,40,2027,145,0,1,35658673,100000000,26487620,'',-1734965,0,1241416,180049463,0,0,2424577,76,9,1,30.2428,192000000,9,0
38,40,2028,145,0,1,45449742,105000000,27104424,'',14,15922522,11045300,178458530,0,0,2858310,77,9,7,29.3860,196000000,9,0
38,40,2029,145,0,1,41952287,105000000,29885622,'',11,13646851,10000001,208893958,0,0,3289533,80,9,10,29.4118,214000000,9,0
38,40,2030,145,0,1,12943976,105000000,26729326,'',-10668175,0,10000000,188025995,0,0,2050399,77,9,0,32.2342,234000000,9,0
38,40,2031,145,0,1,21028652,105000000,29404734,'',-2670520,0,-13500000,150652530,0,0,1838697,74,9,0,32.2901,188000000,9,0
38,40,2032,145,0,1,30773466,107500000,30317466,'',98,1113805,9517164,152566663,0,0,2680355,74,9,0,27.3350,186000000,9,0
38,40,2033,145,0,1,43297867,107500000,31742772,'',58,15333539,10000000,184530901,0,0,3131623,79,9,7,26.3469,204000000,9,0
38,40,2034,145,0,1,37352556,112500000,31523978,'',1,3323732,10000000,153292871,0,0,3094010,80,9,0,27.3756,224000000,9,0
38,40,2035,145,0,1,33473003,107500000,31330189,'',5,3355274,24000000,181580433,0,0,3046241,81,9,0,27.3079,236000000,9,0
38,40,2036,145,0,1,37505905,112500000,33461899,'',13,22514424,10000000,241772705,0,0,3280682,81,9,7,26.9822,240000000,9,0
38,40,2037,145,0,1,40347387,112500000,31008700,'',-17573438,12810301,-4600000,223593781,0,0,3082014,81,9,0,28.3086,236000000,9,0
38,40,2038,145,0,1,38714843,112500000,31514590,'',-9720317,27823545,-210000,212087323,0,0,3138401,82,9,10,28.2588,236000000,9,0
38,40,2039,145,0,1,42119434,112500000,34830961,'',-4089753,6619014,10000000,236401823,0,0,3291395,83,9,7,30.3166,236000000,9,0
38,40,2040,145,0,1,0,0,0,'',0,0,0,0,0,0,0,0,0,0,0.0000,0,0,0
39,32,2018,145,1,0,12640029,72500000,14277855,'',268849,0,-270000,66232925,0,0,1161167,46,3,-2,22.2807,120000000,5,0
39,32,2019,145,1,0,22960919,70000000,15325005,'',301888,0,30000000,120326973,0,0,1671470,46,2,0,21.1564,130000000,5,0
39,32,2020,145,1,0,27503799,70000000,15395004,'',445677,0,9110020,72315053,0,0,1887679,62,2,0,20.6217,138000000,5,0
39,32,2021,145,1,0,40817739,75000000,19925547,'',932407,868643,22598435,142432951,0,0,3317248,81,2,6,18.1429,160000000,5,0
39,32,2022,145,1,0,10756496,77500000,14510273,'',0,0,9730913,149387531,0,0,1503205,51,2,-14,24.5104,186000000,5,0
39,32,2023,145,1,0,9462184,69000000,9435277,'',5687055,0,0,85865451,0,0,476296,49,2,-30,31.4019,130000000,5,0
39,32,2024,145,1,0,33642820,66000000,14407215,'',5857964,6577596,2900000,68262136,0,0,2257449,55,2,0,18.8040,100000000,5,0
39,32,2025,145,1,0,0,0,0,'',0,0,0,0,0,0,0,0,0,0,0.0000,0,0,0
40,60,2019,145,1,0,35047011,95000000,28792197,'',-3,0,15201884,181925175,0,0,3009894,92,8,0,30.1454,230000000,7,0
40,60,2020,145,1,0,0,0,0,'',0,0,0,0,0,0,0,0,0,0,0.0000,0,0,0
41,53,2019,145,1,2,18318563,60000000,16255031,'',297506,0,6000000,41795606,0,0,1787245,48,4,0,17.8555,89000000,3,0
41,53,2020,145,1,2,15831437,60000000,15691360,'',445674,0,1000000,54283008,0,0,1370998,47,4,0,19.4046,95000000,3,0
41,53,2021,145,1,2,15936052,60000000,14905594,'',932400,0,6000000,50951911,0,0,1503734,45,3,0,17.9355,91000000,3,0
41,53,2022,145,1,2,28823110,60000000,18664093,'',897165,0,3808208,56797616,0,0,2745925,81,3,2,15.9135,110000000,3,0
41,53,2023,145,1,2,29657406,64000000,22482186,'',5686992,0,6000000,74909425,0,0,3063741,83,3,6,15.9843,114000000,4,0
41,53,2024,145,0,2,30395203,72500000,21002928,'',5857799,0,6000000,98114822,0,0,2740551,74,3,1,19.9246,122000000,4,0
41,53,2025,145,0,2,35979018,69000000,21178884,'',6183592,0,6000000,122727638,0,0,3059031,77,3,7,19.6449,130000000,4,0
41,53,2026,145,0,2,34838264,70000000,22077078,'',4693714,986641,5925884,118326205,0,0,3020139,78,3,14,19.5373,134000000,4,0
41,53,2027,145,0,2,30787871,72500000,20178390,'',3823640,0,6000000,115603924,0,0,2730171,71,3,0,20.1181,142000000,4,0
41,53,2028,145,0,2,27849060,69000000,18797340,'',3947404,0,5989548,93754891,0,0,2485690,67,3,0,20.0471,128000000,4,0
41,53,2029,145,0,2,19467735,68000000,17324220,'',3790005,0,6000000,105300167,0,0,1783851,57,3,0,21.2953,120000000,4,0
41,53,2030,145,0,2,14932567,67000000,16536510,'',4550544,0,3412434,88705158,0,0,1360843,57,3,0,22.9334,106000000,4,0
42,55,2019,145,1,2,29622272,100000000,32528765,'',0,0,10000000,163698591,0,0,2707674,89,10,0,32.9357,260000000,8,0
42,55,2020,145,1,2,0,0,0,'',0,0,0,0,0,0,0,0,0,0,0.0000,0,0,0
44,60,2020,145,1,0,18649647,95000000,24565074,'',93,0,10000000,112523239,0,0,2147068,71,8,-8,29.3872,216000000,7,0
44,60,2021,145,1,0,29973303,85000000,27013594,'',932511,0,19400000,123603881,0,0,3060760,70,8,13,24.2304,190000000,7,0
44,60,2022,145,1,0,40278264,90000000,27326217,'',897274,19162390,20000000,180939566,0,0,3226322,83,8,2,26.0382,190000000,7,0
44,60,2023,145,1,0,39926877,90000000,28390214,'',55,20696311,10000000,200759094,0,0,3356689,87,8,3,26.1663,208000000,7,0
44,60,2024,145,1,0,39455079,95000000,28694977,'',-10101693,823690,10000000,201775632,0,0,3186612,87,8,1,29.9827,220000000,7,0
44,60,2025,145,1,0,43331416,95000000,29070663,'',-10922250,7751718,3691256,188929835,0,0,3315536,87,8,3,28.5874,222000000,7,0
44,60,2026,145,1,0,39193136,95000000,26346304,'',-3424380,0,5053544,124114677,0,0,2855337,86,8,4,26.7204,200000000,7,0
44,60,2027,145,1,0,30227809,95000000,27150187,'',3823703,0,5603636,121879856,0,0,3122085,84,8,0,23.5249,188000000,7,0
44,60,2028,145,1,0,22931496,90000000,26401458,'',3947490,0,24000000,97410395,0,0,2590310,79,8,0,24.2575,186000000,7,0
44,60,2029,145,1,0,28914235,90000000,26808652,'',3790113,0,10148150,99961794,0,0,3039505,80,8,0,23.5615,174000000,7,0
44,60,2030,145,1,0,42066191,90000000,29643392,'',4550606,5890823,20000000,116702284,0,0,3029515,81,8,11,30.9192,190000000,7,0
44,60,2031,145,1,0,43960388,95000000,32926144,'',5633800,1425792,10000000,164945070,0,0,3154815,81,8,14,30.9514,208000000,7,0
44,60,2032,145,1,0,42824330,97500000,33987189,'',77,18843634,10000000,178031986,0,0,3258618,84,8,12,30.8855,228000000,7,0
44,60,2033,145,1,0,43799633,102500000,34191117,'',59,23375285,10000000,214061888,0,0,3270479,85,8,14,31.1272,250000000,7,0
44,60,2034,145,1,0,39847610,102500000,33963552,'',-10010063,0,10000000,239558766,0,0,3061943,85,8,12,33.0702,246000000,7,0
44,60,2035,145,1,0,27301447,102500000,31513404,'',-21501636,0,-12500000,189996098,0,0,2602428,83,8,0,33.3996,236000000,7,0
44,60,2036,145,1,0,21801780,97500000,29134181,'',77,0,9387422,123349905,0,0,2242937,81,8,-5,29.4816,240000000,7,0
44,60,2037,145,1,0,12684124,97500000,29021862,'',5802647,0,20000000,96616723,0,0,1616569,79,8,2,31.1160,230000000,7,0
44,60,2038,145,1,0,27610923,97500000,28611040,'',5718523,0,-320000,67145471,0,0,2514823,75,8,0,25.9131,228000000,7,0
44,60,2039,145,1,0,0,0,0,'',0,0,0,0,0,0,0,0,0,0,0.0000,0,0,0
45,33,2020,145,0,0,17313731,80000000,21490829,'',0,0,-2625000,140009013,0,0,1621196,56,8,0,29.5359,176000000,6,0
45,33,2021,145,0,0,0,0,0,'',0,0,0,0,0,0,0,0,0,0,0.0000,0,0,0
46,55,2020,145,1,2,27638391,100000000,32206932,'',0,0,6000000,200105624,0,0,2679044,80,10,8,32.4618,236000000,8,0
46,55,2021,145,1,2,21335405,100000000,27764575,'',0,0,3367987,159864155,0,0,2623745,69,10,0,28.3311,224000000,8,0
46,55,2022,145,1,2,17956616,95000000,25276155,'',0,0,-9000000,99334538,0,0,2699012,63,10,0,20.5337,182000000,8,0
46,55,2023,145,1,2,23051223,95000000,24925589,'',5687131,0,7036712,84756863,0,0,2333388,61,10,0,22.6725,188000000,8,0
46,55,2024,145,1,2,21202749,90000000,23825061,'',5857799,0,865027,82279481,0,0,2424234,57,10,0,21.9620,180000000,8,0
46,55,2025,145,1,2,32309318,90000000,24882497,'',6183589,4962221,15535280,86939358,0,0,3017524,59,10,10,20.8736,178000000,8,0
46,55,2026,145,1,2,28075337,95000000,26761728,'',4693706,967608,20000000,143093061,0,0,2658390,63,10,6,25.6153,200000000,8,0
46,55,2027,145,1,2,31382138,95000000,27589273,'',3823620,980694,20000000,170200847,0,0,3073655,67,10,10,24.1915,212000000,8,0
46,55,2028,145,1,2,37147575,95000000,29324863,'',0,20534356,8000000,159995277,0,0,3266201,72,10,8,25.4186,210000000,8,0
46,55,2029,145,1,2,46354874,95000000,30040329,'',0,915100,10000000,174749575,0,0,2866312,74,10,13,30.8449,222000000,8,0
46,55,2030,145,1,2,46462817,100000000,31250073,'',43,1323911,3207476,177146460,0,0,3208975,77,10,14,30.7694,230000000,8,0
46,55,2031,145,1,2,42703764,100000000,35453725,'',0,18448183,5870419,200049673,0,0,3232730,81,10,10,32.6993,250000000,8,0
46,55,2032,145,1,2,33331243,107500000,35890135,'',-5384942,0,10000000,196663135,0,0,2766671,82,10,7,34.7136,260000000,8,0
46,55,2033,145,1,2,21533953,107500000,33969965,'',-4724877,0,-1900000,175029220,0,0,2549396,79,10,0,34.5435,252000000,8,0
46,55,2034,145,1,2,23632505,102500000,32127365,'',0,0,-6000000,146294323,0,0,2461735,73,10,0,29.7794,230000000,8,0
46,55,2035,145,1,2,20898049,102500000,29912990,'',6270833,0,-10000000,105866095,0,0,2793925,70,10,-1,22.8128,212000000,8,0
46,55,2036,145,1,2,17963341,97500000,30598321,'',4760198,0,20000000,98485115,0,0,2525122,69,10,0,23.3938,204000000,8,0
46,55,2037,145,1,2,16531721,97500000,30216864,'',5802539,0,20000000,174772392,0,0,2374901,69,10,0,23.9676,196000000,8,0
46,55,2038,145,1,2,28213873,97500000,30197475,'',0,0,-1900000,167289432,0,0,2905487,72,10,0,23.5874,188000000,8,0
46,55,2039,145,1,2,29618360,102500000,30698540,'',52,22338570,11666014,186138690,0,0,3043739,74,10,10,23.2141,204000000,8,0
46,55,2040,145,1,2,0,0,0,'',0,0,0,0,0,0,0,0,0,0,0.0000,0,0,0
47,52,2020,145,1,1,33766747,77500000,28094071,'',445674,0,6000000,139194235,0,0,3086132,90,7,3,22.8373,160000000,5,0
47,52,2021,145,1,1,0,0,0,'',0,0,0,0,0,0,0,0,0,0,0.0000,0,0,0
48,47,2022,145,0,1,57349982,85000000,23911315,'',897165,18489415,5250000,136727377,0,0,3001392,93,4,3,32.3628,160000000,6,0
48,47,2023,145,0,1,51580468,87500000,24347313,'',5686948,0,6000000,150457124,0,0,2974433,92,4,0,33.2537,170000000,6,0
48,47,2024,145,0,1,42645542,85000000,23616317,'',0,0,6000000,156601104,0,0,2611420,88,4,0,34.0900,186000000,6,0
48,47,2025,145,0,1,22816441,95000000,19557393,'',3,0,5186459,115673489,0,0,1416790,88,4,-13,36.2384,180000000,7,0
48,47,2026,145,0,1,16603107,87500000,19971166,'',4693836,0,6000000,65778720,0,0,1076092,81,4,-8,38.8448,140000000,7,0
48,47,2027,145,0,1,21482318,87500000,21359710,'',3823715,0,24000000,80836160,0,0,1449655,75,3,0,36.9020,150000000,7,0
48,47,2028,145,0,1,40456927,87500000,22074888,'',3947409,0,23000000,140194569,0,0,2233169,72,4,9,34.5233,158000000,7,0
48,47,2029,145,0,1,38481429,90000000,22719511,'',3790026,0,20000000,135795886,0,0,2245108,71,4,11,34.4334,174000000,7,0
48,47,2030,145,0,1,31089913,90000000,23270941,'',4550494,0,20000000,140922163,0,0,2179337,71,5,5,34.4589,184000000,7,0
48,47,2031,145,0,1,49069099,87500000,25231673,'',5633720,941442,20000000,145450797,0,0,2483881,74,5,7,33.1523,184000000,7,0
48,47,2032,145,0,1,18773164,97500000,27831669,'',5727444,0,20000000,173395446,0,0,1791353,72,6,6,36.6957,202000000,7,0
48,47,2033,145,0,1,21884766,97500000,25412670,'',15,0,908940,129204984,0,0,1642248,68,6,0,36.7484,176000000,7,0
48,47,2034,145,0,1,21282384,92500000,25029967,'',5162815,0,10903588,75751943,0,0,1338943,62,7,0,37.6760,178000000,7,0
48,47,2035,145,0,1,12158971,90000000,23440866,'',6270851,0,24000000,104033978,0,0,969201,59,7,0,40.4361,166000000,7,0
48,47,2036,145,0,1,16433934,90000000,23723787,'',4760264,0,24000000,95817020,0,0,1124309,57,7,0,38.1556,142000000,7,0
48,47,2037,145,0,1,15310730,90000000,22699995,'',5802577,0,24000000,119482138,0,0,1014296,57,7,0,40.1497,152000000,7,0
48,47,2038,145,0,1,15054278,90000000,23440857,'',5718520,0,22128036,118287185,0,0,1027719,55,7,0,39.6737,146000000,7,0
48,47,2039,145,0,1,23971374,90000000,22705271,'',5736415,0,22233216,124474000,0,0,1192008,52,7,0,40.8873,148000000,7,0
48,47,2040,145,0,1,0,0,0,'',0,0,0,0,0,0,0,0,0,0,0.0000,0,0,0
49,52,2021,145,1,1,30269753,80000000,26044306,'',932400,0,6000000,148582656,0,0,2879587,79,7,0,23.2248,162000000,5,0
50,56,2022,145,1,1,27396723,100000000,29844964,'',35,0,10500000,170650048,0,0,3335896,88,10,0,22.5402,238000000,8,0
50,56,2023,145,1,1,0,0,0,'',0,0,0,0,0,0,0,0,0,0,0.0000,0,0,0
50,41,2023,145,1,0,16169533,65000000,14093667,'',5687005,0,5727687,59560645,0,0,2478801,47,3,-4,10.4393,93000000,4,0
50,41,2024,145,1,0,15850394,65000000,13236363,'',5857833,0,977087,49315823,0,0,2462933,47,2,0,9.6974,99000000,4,0
50,41,2025,145,1,0,37266806,65000000,19314759,'',6183692,0,29112503,114503364,0,0,2396743,54,2,27,20.9509,100000000,4,0
50,41,2026,145,1,0,30030766,70000000,16744107,'',4693763,0,7000000,91854395,0,0,1767290,57,2,14,23.3484,106000000,4,0
50,41,2027,145,1,0,0,0,0,'',0,0,0,0,0,0,0,0,0,0,0.0000,0,0,0
51,56,2022,145,1,1,0,0,0,'',0,0,0,0,0,0,0,0,0,0,0.0000,0,0,0
52,54,2023,145,0,2,13310506,77500000,18583798,'',5686951,0,-1700000,101677473,0,0,1413193,49,7,0,20.8405,154000000,6,0
52,54,2024,145,0,2,12284796,77500000,18708763,'',5857835,0,-600000,100506706,0,0,1468097,47,7,-1,21.6072,150000000,6,0
52,54,2025,145,0,2,24835608,77500000,18333792,'',6183617,0,-1400000,59440458,0,0,2765251,46,7,0,15.1276,146000000,6,0
52,54,2026,145,0,2,32267704,77500000,24290568,'',4693787,19336401,17989900,143755057,0,0,3026481,50,7,14,18.8316,150000000,6,0
52,54,2027,145,0,2,43080842,80000000,23455669,'',11,7798464,20000000,178120277,0,0,3041152,54,7,14,24.2798,170000000,6,0
52,54,2028,145,0,2,38675452,80000000,23138208,'',9,20627240,10000000,150119977,0,0,3702229,58,7,10,20.0775,194000000,6,0
52,54,2029,145,0,2,38368141,80000000,22585779,'',8,23698197,20000000,205465529,0,0,3580042,64,7,3,20.2736,204000000,6,0
52,54,2030,145,0,2,30602265,80000000,21325926,'',-9125382,14843532,-1500000,144334419,0,0,3148255,69,7,-4,20.2714,198000000,6,0
52,54,2031,145,0,2,34014103,80000000,26846023,'',51,11147619,-1500000,141457121,0,0,3519086,74,7,0,18.7546,194000000,6,0
52,54,2032,145,0,2,35338970,87500000,30217769,'',5727458,19573505,3030773,163561349,0,0,3405862,80,7,11,21.4119,200000000,6,0
52,54,2033,145,0,2,52129550,90000000,30504623,'',36,26788431,10000000,211414441,0,0,3434049,80,7,9,27.9709,220000000,6,0
52,54,2034,145,0,2,60883258,90000000,32085059,'',-8818712,19031616,10000000,221791698,0,0,3539213,81,7,15,31.1656,250000000,6,0
52,54,2035,145,0,2,61128668,92500000,32301410,'',-13506456,25156202,-1000000,232820742,0,0,3566065,81,8,19,33.4150,260000000,6,0
52,54,2036,145,0,2,53754919,92500000,33114702,'',-15552882,10416346,8169343,252260601,0,0,3120424,82,8,5,36.9517,280000000,6,0
52,54,2037,145,0,2,33707290,90000000,29394642,'',-22292991,0,-5500000,195115347,0,0,3368226,79,8,-2,24.0126,240000000,6,0
52,54,2038,145,0,2,25919049,87500000,27906084,'',175,0,-9500000,134329131,0,0,3137310,73,8,0,20.5392,208000000,6,0
52,54,2039,145,0,2,29251370,87500000,27550765,'',5736417,0,-6500000,76575921,0,0,2962919,74,8,0,21.1789,200000000,6,0
52,54,2040,145,0,2,0,0,0,'',0,0,0,0,0,0,0,0,0,0,0.0000,0,0,0
54,46,2023,145,0,1,34282730,70000000,27215272,'',5687021,4324312,13967382,170978117,0,0,3399419,82,6,15,19.7922,170000000,4,0
54,46,2024,145,0,1,34543551,72500000,26629113,'',7,828980,4450986,161747143,0,0,3399517,83,6,12,19.8422,182000000,4,0
54,46,2025,145,0,1,19478686,72500000,23615543,'',5,0,-2700000,161898488,0,0,2472046,78,6,-7,21.2096,174000000,4,0
54,46,2026,145,0,1,16562541,69000000,21561596,'',63,0,-13000000,127445685,0,0,1694108,75,6,-1,22.2796,140000000,4,0
54,46,2027,145,0,1,23998996,69000000,24007893,'',3823690,0,-9000000,103596901,0,0,2247409,70,6,7,21.4059,130000000,4,0
54,58,2028,145,0,2,25454723,100000000,30952515,'',-12671125,0,991544,193111278,0,0,3070334,84,9,2,25.9035,220000000,9,0
55,56,2024,145,1,1,22973518,100000000,29514504,'',0,0,-5500000,123908226,0,0,2573842,80,10,0,27.5886,240000000,8,0
55,56,2025,145,1,1,37773144,95000000,32675316,'',6183600,0,10000000,213396696,0,0,3329946,80,10,13,27.4581,234000000,8,0
55,56,2026,145,1,1,24314531,100000000,30477125,'',-14434468,0,-1300000,215209707,0,0,2981225,78,10,2,29.2827,260000000,8,0
55,56,2027,145,1,1,30417653,95000000,30919631,'',-17042974,0,-8500000,157083713,0,0,3203071,77,10,8,24.9538,210000000,8,0
55,56,2028,145,1,1,14567815,100000000,27396762,'',0,0,2343911,135874054,0,0,2195841,74,10,-1,26.5679,208000000,8,0
55,56,2029,145,1,1,14310862,95000000,30494343,'',3790118,0,16295501,137893979,0,0,2379762,72,10,13,26.3639,200000000,8,0
55,56,2030,145,1,1,34709712,100000000,32750022,'',195,0,-750000,159268562,0,0,3371265,75,10,14,25.6596,194000000,8,0
55,56,2031,145,1,1,32099505,100000000,33249070,'',139,0,10000000,150440533,0,0,3180549,77,10,2,27.1680,220000000,8,0
55,56,2032,145,1,1,37030897,102500000,31387087,'',87,11747649,10000000,154389433,0,0,3108073,79,10,0,25.5181,230000000,8,0
55,56,2033,145,1,1,43906498,102500000,35007631,'',0,14191690,10000000,149999581,0,0,3644772,81,10,9,26.0567,236000000,8,0
55,56,2034,145,1,1,33461582,107500000,34613242,'',0,0,10000000,211993616,0,0,3013770,80,10,5,29.1208,258000000,8,0
55,56,2035,145,1,1,44422446,102500000,34176854,'',-9097319,8253096,1666833,234217953,0,0,3395679,80,10,4,28.6777,252000000,8,0
55,56,2036,145,1,1,41710949,102500000,32660728,'',-16181627,12883518,-4800000,222460947,0,0,2884496,82,10,0,30.1670,246000000,8,0
55,56,2037,145,1,1,41341544,102500000,33346526,'',-8883147,8422171,-4600000,209556353,0,0,3253306,82,10,0,29.0111,240000000,8,0
55,56,2038,145,1,1,29433812,102500000,33957029,'',-3403474,0,9090834,227023034,0,0,2739880,83,10,3,32.1144,242000000,8,0
55,56,2039,145,1,1,25162180,102500000,32392427,'',-10810823,0,-3400000,224686219,0,0,2429903,81,10,-7,33.3449,238000000,8,0
55,56,2040,145,1,1,0,0,0,'',0,0,0,0,0,0,0,0,0,0,0.0000,0,0,0
56,43,2024,145,1,2,0,0,0,'',0,0,0,0,0,0,0,0,0,0,0.0000,0,0,0
56,41,2027,145,1,0,41794983,69000000,18215436,'',3823747,8224516,6173774,97102365,0,0,2489651,63,4,12,23.7343,120000000,4,0
56,33,2028,145,0,0,0,0,0,'',0,0,0,0,0,0,0,0,0,0,0.0000,0,0,0
56,58,2029,145,0,2,0,0,0,'',0,0,0,0,0,0,0,0,0,0,0.0000,0,0,0
56,45,2031,145,1,2,0,0,0,'',0,0,0,0,0,0,0,0,0,0,0.0000,0,0,0
56,45,2033,145,1,2,0,0,0,'',0,0,0,0,0,0,0,0,0,0,0.0000,0,0,0
56,37,2033,145,1,1,0,0,0,'',0,0,0,0,0,0,0,0,0,0,0.0000,0,0,0
58,43,2024,145,1,2,19242695,80000000,18787318,'',5857799,0,6203452,120064121,0,0,2155971,52,6,0,16.4820,144000000,6,0
58,43,2025,145,1,2,24348118,72500000,19267646,'',6183589,0,12184040,119711723,0,0,2710696,55,6,0,15.7276,138000000,5,0
58,43,2026,145,1,2,0,0,0,'',0,0,0,0,0,0,0,0,0,0,0.0000,0,0,0
59,48,2025,145,0,0,25926321,100000000,29259840,'',-17560077,0,-3600000,211270327,0,0,2647439,88,9,1,27.3128,220000000,8,0
60,32,2025,145,1,0,20180434,72500000,17438656,'',6183722,0,30000000,124179481,0,0,1577156,56,3,0,24.5315,130000000,5,0
60,32,2026,145,1,0,24053912,72500000,16141490,'',4693743,0,22605419,153769684,0,0,1432883,54,3,5,26.8242,150000000,5,0
60,32,2027,145,1,0,13360326,72500000,13239305,'',15,0,560648,134734755,0,0,1004792,50,3,-22,30.6956,150000000,5,0
60,32,2028,145,1,0,9016472,67000000,9670064,'',3947441,0,0,57770217,0,0,296913,49,3,-28,47.3344,130000000,5,0
60,32,2029,145,1,0,9852071,66000000,10531943,'',3790095,0,5244143,14798638,0,0,429822,49,2,-21,36.8283,104000000,5,0
60,32,2030,145,1,0,14190820,67000000,11714168,'',4550667,0,30000000,59017002,0,0,667185,49,2,-15,33.0710,104000000,5,0
60,32,2031,145,1,0,24954204,68000000,15853763,'',5633882,0,30000000,88167217,0,0,1308575,48,2,0,27.0203,108000000,5,0
60,32,2032,145,1,0,25814701,75000000,16514401,'',5727551,0,21242480,110322035,0,0,1539570,51,2,0,26.3398,142000000,5,0
60,32,2033,145,1,0,20329204,77500000,15440305,'',4275014,0,9569077,85030201,0,0,1164617,48,2,1,27.9533,152000000,5,0
60,32,2034,145,1,0,32895923,75000000,15514704,'',5162829,11744795,12028962,108491548,0,0,1708120,53,2,-1,25.3639,124000000,5,0
60,32,2035,145,1,0,27243817,77500000,17010963,'',6270856,0,10962978,99525649,0,0,1648282,55,2,0,25.5085,134000000,5,0
60,32,2036,145,1,0,27156074,77500000,17730641,'',4760270,0,10652238,118120506,0,0,1766415,55,2,5,25.5326,138000000,5,0
60,32,2037,145,1,0,41591664,77500000,19855015,'',5802623,2331426,1581831,132985392,0,0,3044502,56,2,13,20.3408,150000000,5,0
60,32,2038,145,1,0,27189095,80000000,17894707,'',5718492,0,14360115,146117802,0,0,1685865,53,2,-8,25.3670,160000000,5,0
60,32,2039,145,1,0,34713391,75000000,17630023,'',5736382,5839989,2656231,122032663,0,0,2779400,55,2,9,18.2013,132000000,5,0
60,32,2040,145,1,0,0,0,0,'',0,0,0,0,0,0,0,0,0,0,0.0000,0,0,0
61,48,2026,145,0,0,30045676,100000000,28986700,'',-13477602,0,-13500000,172575197,0,0,2388804,86,9,0,29.3785,182000000,8,0
61,48,2027,145,0,0,24640867,100000000,30719333,'',4,0,11933100,197653841,0,0,2559853,82,9,8,29.4828,202000000,8,0
61,48,2028,145,0,0,31349421,100000000,30545516,'',-7718942,0,794815,146990189,0,0,2600252,81,9,4,30.3393,186000000,8,0
61,48,2029,145,0,0,16236719,100000000,31155255,'',36,0,9999999,158813383,0,0,1933247,77,9,11,32.8117,192000000,8,0
61,48,2030,145,0,0,23928112,100000000,28892916,'',52,0,1635170,137607621,0,0,2141282,74,9,3,31.4356,198000000,8,0
61,48,2031,145,0,0,26841137,95000000,35130371,'',5633783,0,20000000,177518969,0,0,2268507,72,9,14,30.7792,196000000,8,0
61,48,2032,145,0,0,22816065,102500000,30769507,'',78,0,20000000,124536653,0,0,2230273,70,9,2,29.8540,204000000,8,0
61,48,2033,145,0,0,24620150,102500000,32942176,'',4274943,0,20000000,188573914,0,0,2434404,69,9,13,30.1960,202000000,8,0
61,48,2034,145,0,0,42952290,102500000,33727434,'',51,9716562,10000000,189784919,0,0,3094574,71,9,13,30.0417,204000000,8,0
61,48,2035,145,0,0,40390704,102500000,31433717,'',6,8448540,30000000,196816360,0,0,2719603,73,9,1,32.0675,230000000,8,0
61,48,2036,145,0,0,44549886,102500000,32970093,'',9,5043522,10000000,205158498,0,0,2998273,77,9,8,31.5922,234000000,8,0
61,48,2037,145,0,0,38644462,102500000,33032611,'',-1097045,3552674,10000000,223912878,0,0,2728641,77,9,1,33.2291,240000000,8,0
61,48,2038,145,0,0,34008960,102500000,31439918,'',-9863910,0,-650000,218242867,0,0,2360020,79,9,4,33.2967,230000000,8,0
61,48,2039,145,0,0,25627856,102500000,31070583,'',-6859748,0,-6500000,184482947,0,0,1839079,78,9,0,36.5526,212000000,8,0
61,48,2040,145,0,0,0,0,0,'',0,0,0,0,0,0,0,0,0,0,0.0000,0,0,0
62,49,2026,145,1,0,23248172,85000000,20825627,'',4693793,0,-3800000,67764197,0,0,1883255,63,6,0,25.8887,150000000,7,0
62,49,2027,145,1,0,24726899,85000000,20410023,'',3823692,0,30000000,68865983,0,0,2473243,61,6,0,20.8382,160000000,7,0
62,49,2028,145,1,0,23054492,85000000,21164373,'',3947486,0,30000000,98087398,0,0,2274164,58,6,2,21.1697,162000000,7,0
62,49,2029,145,1,0,23537222,85000000,20580583,'',3790060,0,30000000,119205349,0,0,2299889,61,6,0,20.7589,160000000,7,0
62,49,2030,145,1,0,23955077,85000000,19059814,'',4550555,0,30000000,87175450,0,0,2422169,57,6,-4,19.2106,158000000,7,0
62,49,2031,145,1,0,23349817,82500000,21663933,'',5633802,0,30000000,74721609,0,0,2552995,56,6,0,17.2612,154000000,7,0
62,49,2032,145,1,0,21251262,90000000,22120694,'',5727502,0,30000000,148317030,0,0,2434987,54,6,0,17.2534,158000000,7,0
62,49,2033,145,1,0,25822858,87500000,21780146,'',4274936,0,499251,130362014,0,0,2734303,54,6,1,16.5224,154000000,7,0
62,49,2034,145,1,0,22189576,90000000,21309856,'',5162830,0,15403841,105466185,0,0,2432536,56,6,0,17.3097,158000000,7,0
62,49,2035,145,1,0,25669133,90000000,22493681,'',6270885,3199572,30000000,114048842,0,0,3022168,58,6,8,15.3128,162000000,7,0
62,49,2036,145,1,0,28176147,92500000,24863997,'',4760231,3683030,30000000,159295332,0,0,3198203,61,6,7,16.9810,174000000,7,0
62,49,2037,145,1,0,35904233,92500000,25723870,'',31,0,10060417,152059120,0,0,2902674,66,6,9,22.4529,184000000,7,0
62,49,2038,145,1,0,39257102,97500000,27658690,'',5718473,2393196,30000000,170745161,0,0,2850041,67,6,12,26.4837,210000000,7,0
62,49,2039,145,1,0,34282965,97500000,26350547,'',57,0,22000000,183581483,0,0,2786062,67,6,2,24.7871,222000000,7,0
62,49,2040,145,1,0,0,0,0,'',0,0,0,0,0,0,0,0,0,0,0.0000,0,0,0
63,43,2026,145,1,2,18095870,72500000,17463849,'',4693706,0,9034428,94303630,0,0,2212887,57,6,-13,16.2541,140000000,5,0
63,43,2027,145,1,2,18992222,70000000,17751402,'',3823620,0,20801428,89065578,0,0,2053343,53,6,-4,16.5885,130000000,5,0
63,43,2028,145,1,2,19390074,72500000,17489989,'',3947379,0,13328368,64858911,0,0,2090462,52,6,0,16.0978,122000000,5,0
63,43,2029,145,1,2,12387710,72500000,18417736,'',3790156,0,20000000,117732085,0,0,1981635,48,5,1,15.9252,120000000,5,0
63,43,2030,145,1,2,14472730,72500000,16692749,'',4550545,0,9835340,102381015,0,0,1821106,48,5,0,16.8039,116000000,5,0
63,43,2031,145,1,2,17294893,72500000,18133667,'',5633715,0,12918340,97073210,0,0,1731151,48,5,-1,16.5252,120000000,5,0
63,43,2032,145,1,2,18207457,75000000,18883955,'',5727436,0,19051128,52068994,0,0,2209063,49,5,0,15.5280,122000000,5,0
63,43,2033,145,1,2,23978248,75000000,20752085,'',4274901,0,24000000,72562114,0,0,2901934,54,5,8,14.4289,126000000,5,0
63,43,2034,145,1,2,21182554,77500000,21594260,'',5162790,0,24000000,109629680,0,0,2671967,56,5,0,15.0963,138000000,5,0
63,43,2035,145,1,2,19502088,77500000,20205963,'',6270833,0,24000001,122246650,0,0,2486249,53,5,0,15.1326,140000000,5,0
63,43,2036,145,1,2,21198458,77500000,18633680,'',4760198,0,19702088,124290495,0,0,2755313,49,4,0,13.8618,132000000,5,0
63,43,2037,145,1,2,15932120,75000000,18157299,'',5802539,0,13342752,115697672,0,0,2929861,49,4,-3,10.5879,132000000,5,0
63,43,2038,145,1,2,15510609,75000000,17940960,'',5718437,0,8433488,72833169,0,0,2869073,49,4,0,9.4036,120000000,5,0
63,43,2039,145,1,2,17615810,75000000,17916645,'',5736390,0,24000000,66993708,0,0,3022519,48,4,0,9.7138,110000000,5,0
63,43,2040,145,1,2,0,0,0,'',0,0,0,0,0,0,0,0,0,0,0.0000,0,0,0
64,33,2028,145,0,0,11729646,85000000,20104524,'',61,0,0,138415308,0,0,1340860,54,7,0,25.3093,160000000,7,0
64,33,2029,145,0,0,10588264,82500000,18615727,'',3790061,0,-5000000,76563591,0,0,861468,52,7,0,28.5335,140000000,7,0
65,33,2030,145,0,0,16211890,82500000,19153891,'',4550570,0,29183396,72459439,0,0,1473623,50,7,0,23.5659,140000000,7,0
65,33,2031,145,0,0,11977690,82500000,21011721,'',5633832,0,30000000,65856774,0,0,1340815,49,7,-5,24.6350,146000000,8,0
65,33,2032,145,0,0,35805153,92500000,21657805,'',5727515,0,30000000,96424423,0,0,3127328,54,7,0,16.5956,150000000,8,0
65,33,2033,145,0,0,31524468,87500000,23005163,'',4275002,0,20000000,142770290,0,0,2920381,56,7,1,18.6695,168000000,7,0
65,33,2034,145,0,0,24447089,90000000,23019313,'',5162892,0,26693425,161702959,0,0,2906348,55,7,0,18.0339,172000000,7,0
65,33,2035,145,0,0,16803318,90000000,20293622,'',65,0,16766592,113864284,0,0,1768765,55,6,-9,19.4783,170000000,7,0
65,33,2036,145,0,0,19299366,87500000,20890950,'',4760240,0,30000000,134242512,0,0,2476572,52,6,0,15.7189,152000000,7,0
65,33,2037,145,0,0,18446225,87500000,20539566,'',5802557,0,30000000,53783143,0,0,2552362,50,6,0,13.1509,150000000,7,0
65,33,2038,145,0,0,20182280,87500000,20363871,'',5718438,0,30000000,81472119,0,0,3369430,50,6,0,10.9756,144000000,7,0
65,33,2039,145,0,0,20880704,87500000,19863853,'',5736335,0,30000000,111512826,0,0,3025703,50,6,0,11.9078,150000000,7,0
65,33,2040,145,0,0,0,0,0,'',0,0,0,0,0,0,0,0,0,0,0.0000,0,0,0
66,58,2029,145,0,2,15234952,105000000,27232236,'',-5012984,0,1481716,121605848,0,0,1984865,78,9,-1,27.5168,200000000,9,0
66,58,2030,145,0,2,25595447,105000000,28849258,'',4550519,0,20000000,178243761,0,0,2885173,76,9,4,23.4199,186000000,9,0
66,58,2031,145,0,2,29133491,105000000,30795697,'',86,0,10000000,173042232,0,0,2962040,73,9,0,23.0279,186000000,9,0
66,58,2032,145,0,2,23732987,107500000,29920495,'',15,0,10000000,146687629,0,0,2633384,72,9,0,22.9198,188000000,9,0
66,58,2033,145,0,2,29495252,107500000,29204698,'',4274921,0,20000000,144745713,0,0,2763914,73,9,0,22.6501,178000000,9,0
66,58,2034,145,0,2,21150184,107500000,28751470,'',5162797,0,18179848,151471671,0,0,2536830,69,9,0,23.3994,186000000,9,0
66,58,2035,145,0,2,21271701,107500000,28798365,'',50,0,4885268,116124968,0,0,2604117,67,9,1,23.2142,180000000,9,0
66,58,2036,145,0,2,42670294,107500000,29429759,'',4760291,12421531,20000000,153488042,0,0,3527686,70,9,2,22.1751,184000000,9,0
66,58,2037,145,0,2,18557952,107500000,27976754,'',146,0,20000000,180767443,0,0,2241194,65,9,0,25.5875,202000000,9,0
66,58,2038,145,0,2,28026352,107500000,28188848,'',155,3599973,-2800000,159619728,0,0,2553685,70,9,0,24.1524,182000000,9,0
66,58,2039,145,0,2,27450428,107500000,29223025,'',80,13205558,-6500000,165533622,0,0,2696567,71,9,0,24.9459,192000000,9,0
66,58,2040,145,0,2,0,0,0,'',0,0,0,0,0,0,0,0,0,0,0.0000,0,0,0
67,53,2031,145,0,2,23254220,67000000,17846333,'',5633770,0,4717252,84160170,0,0,2295469,51,3,0,17.4305,110000000,4,0
67,53,2032,145,0,2,22195721,69500000,20152685,'',5727522,0,4991134,59819818,0,0,2546220,50,3,12,13.9180,110000000,4,0
67,53,2033,145,0,2,25093045,71500000,26564552,'',4274968,0,4875000,49689261,0,0,2249962,91,3,0,21.8542,120000000,6,0
67,53,2034,145,0,2,32991415,90000000,26427898,'',5162936,0,5898450,76776358,0,0,3000429,82,3,9,18.2393,128000000,6,0
67,53,2035,145,0,2,35776791,90000000,26777660,'',6271033,0,5896000,113977197,0,0,2981806,82,3,15,19.6773,150000000,6,0
67,53,2036,145,0,2,40101543,92500000,26087390,'',4760298,0,20000000,145705409,0,0,2981964,82,3,10,22.7425,190000000,6,0
67,53,2037,145,0,2,45968372,90000000,27900748,'',5802611,23345915,13246726,167874367,0,0,3055322,84,4,21,25.2479,192000000,6,0
67,53,2038,145,0,2,60122536,92500000,27471250,'',24,16449448,10000000,210544067,0,0,3049007,85,4,11,35.4731,218000000,6,0
67,53,2039,145,0,2,52345712,92500000,28533254,'',-3395288,19993807,9527002,191327311,0,0,3027014,85,5,12,34.0344,248000000,6,0
67,53,2040,145,0,2,0,0,0,'',0,0,0,0,0,0,0,0,0,0,0.0000,0,0,0
68,45,2030,145,1,2,45715770,115000000,33750027,'',56,0,10000000,224828216,0,0,3987051,100,10,13,26.3278,272000000,10,0
70,45,2031,145,1,2,35787077,115000000,37745630,'',-19231520,0,-3800000,209323019,0,0,3590617,96,10,2,25.5327,264000000,10,0
70,45,2032,145,1,2,34630429,122500000,37965469,'',-9557948,0,-3000000,216691175,0,0,4266845,96,10,3,21.9630,262000000,10,0
71,52,2032,145,1,1,15081548,75000000,16101032,'',5727448,0,6000000,56768402,0,0,1262495,50,4,-16,23.5444,120000000,5,0
71,52,2033,145,1,1,11308513,72500000,15323272,'',4274930,0,6000000,68461089,0,0,825992,49,4,-11,25.0099,110000000,5,0
71,52,2034,145,1,1,17021863,67500000,18503814,'',5162903,0,3436604,62535182,0,0,1434530,47,5,0,20.9704,100000000,4,0
71,52,2035,145,1,1,22680530,69500000,21694646,'',6271040,0,5043142,72815933,0,0,2191655,47,5,13,17.3701,104000000,4,0
71,52,2036,145,1,1,20241777,71500000,20315446,'',4760367,0,6000000,73724508,0,0,2278249,46,5,14,16.4391,112000000,4,0
71,52,2037,145,1,1,21505183,71500000,19569059,'',5802539,21024767,6000000,84944387,0,0,2803514,53,5,5,13.9321,120000000,4,0
71,52,2038,145,1,1,28692302,70500000,21191730,'',5718438,7547556,30000000,114367743,0,0,2739888,62,5,0,16.3219,150000000,4,0
71,52,2039,145,1,1,28898827,71500000,25367389,'',5736329,4945898,19212968,121330375,0,0,3072532,66,5,14,15.1127,154000000,4,0
71,52,2040,145,1,1,0,0,0,'',0,0,0,0,0,0,0,0,0,0,0.0000,0,0,0
72,57,2032,145,0,0,17396594,66500000,19586503,'',7,0,0,82325834,0,0,1911559,60,4,-5,17.1558,138000000,3,0
72,57,2033,145,0,0,25923030,64500000,30935318,'',4274934,0,1723800,60066765,0,0,3429460,95,7,-7,15.9849,130000000,7,0
72,57,2034,145,0,0,28127426,97500000,30312928,'',5162802,0,20000000,135174709,0,0,3211613,95,7,-4,18.2144,162000000,7,0
72,57,2035,145,0,0,32742521,97500000,31801047,'',6270885,18797123,24756670,157857504,0,0,3590702,95,7,0,17.5014,180000000,7,0
72,57,2036,145,0,0,24594287,97500000,31560581,'',5,0,20000000,173645280,0,0,2530477,92,7,0,24.6715,202000000,7,0
72,57,2037,145,0,0,47109074,97500000,31518124,'',0,14234184,-2200000,181307539,0,0,3554507,92,7,2,26.1044,210000000,7,0
72,57,2038,145,0,0,38430412,107500000,31923987,'',6,0,10000000,217338467,0,0,3209320,93,7,0,27.9230,236000000,8,0
72,57,2039,145,0,0,35557792,107500000,31232368,'',-6452768,0,-9500000,231202484,0,0,2030612,92,7,0,38.7704,236000000,8,0
72,57,2040,145,0,0,0,0,0,'',0,0,0,0,0,0,0,0,0,0,0.0000,0,0,0
73,45,2033,145,1,2,0,0,0,'',0,0,0,0,0,0,0,0,0,0,0.0000,0,0,0
74,37,2034,145,1,1,22091572,82500000,27569650,'',5162906,0,30000000,76449328,0,0,3035910,68,7,6,15.4474,160000000,5,0
74,37,2035,145,1,1,23716377,80000000,26795387,'',6270942,0,30000000,124634040,0,0,3364580,66,7,5,13.8236,158000000,5,0
74,37,2036,145,1,1,24605181,80000000,27038581,'',4760215,0,25511292,153484815,0,0,3406236,67,7,5,13.8354,158000000,5,0
74,37,2037,145,1,1,21874886,80000000,25733262,'',64,0,7992484,154102214,0,0,3312160,65,7,1,13.4661,160000000,5,0
74,37,2038,145,1,1,23781876,80000000,25389033,'',48,7827647,-4400000,137636792,0,0,3306435,70,7,0,13.8246,152000000,5,0
74,37,2039,145,1,1,24455121,80000000,25601859,'',5736391,3024275,16180480,168626019,0,0,3289467,71,7,0,13.5722,162000000,5,0
74,37,2040,145,1,1,0,0,0,'',0,0,0,0,0,0,0,0,0,0,0.0000,0,0,0
75,37,2033,145,1,1,17639246,80000000,28139863,'',4275022,0,30000000,84612784,0,0,2699966,74,7,4,16.0134,142000000,5,0
76,34,2037,145,0,0,23943894,102500000,20439254,'',5802558,0,30000000,117230153,0,0,2123438,50,6,0,21.3800,164000000,9,0
76,34,2038,145,0,0,22057354,102500000,21356041,'',5718478,0,20000000,117368274,0,0,1811853,50,7,0,21.7731,168000000,9,0
76,34,2039,145,0,0,27712236,102500000,22084613,'',5736394,0,30000000,138800696,0,0,2187256,52,7,1,21.7229,162000000,9,0
76,34,2040,145,0,0,0,0,0,'',0,0,0,0,0,0,0,0,0,0,0.0000,0,0,0
77,60,2039,145,1,0,31629919,97500000,31838498,'',5736391,0,17999996,122860534,0,0,3010359,72,8,19,23.7236,226000000,7,0
77,60,2040,145,1,0,0,0,0,'',0,0,0,0,0,0,0,0,0,0,0.0000,0,0,0
78,33,2040,145,0,0,0,0,0,'',0,0,0,0,0,0,0,0,0,0,0.0000,0,0,0
