league_id,sub_league_id,year,best_hitter_id,best_pitcher_id,best_rookie_id,best_manager_id,best_fielder_id0,best_fielder_id1,best_fielder_id2,best_fielder_id3,best_fielder_id4,best_fielder_id5,best_fielder_id6,best_fielder_id7,best_fielder_id8,best_fielder_id9
145,0,1871,0,0,0,0,0,0,0,0,0,0,0,0,0,0
145,1,1871,0,0,0,0,0,0,0,0,0,0,0,0,0,0
145,0,1872,0,0,0,0,0,0,0,0,0,0,0,0,0,0
145,1,1872,0,0,0,0,0,0,0,0,0,0,0,0,0,0
145,0,1873,0,0,0,0,0,0,0,0,0,0,0,0,0,0
145,1,1873,0,0,0,0,0,0,0,0,0,0,0,0,0,0
145,0,1874,0,0,0,0,0,0,0,0,0,0,0,0,0,0
145,1,1874,0,0,0,0,0,0,0,0,0,0,0,0,0,0
145,0,1875,0,0,0,0,0,0,0,0,0,0,0,0,0,0
145,1,1875,0,0,0,0,0,0,0,0,0,0,0,0,0,0
145,0,1876,0,0,0,0,0,0,0,0,0,0,0,0,0,0
145,1,1876,0,0,0,0,0,0,0,0,0,0,0,0,0,0
145,0,1877,0,0,0,0,0,0,0,0,0,0,0,0,0,0
145,1,1877,0,0,0,0,0,0,0,0,0,0,0,0,0,0
145,0,1878,0,0,0,0,0,0,0,0,0,0,0,0,0,0
145,1,1878,0,0,0,0,0,0,0,0,0,0,0,0,0,0
145,0,1879,0,0,0,0,0,0,0,0,0,0,0,0,0,0
145,1,1879,0,0,0,0,0,0,0,0,0,0,0,0,0,0
145,0,1880,0,0,0,0,0,0,0,0,0,0,0,0,0,0
145,1,1880,0,0,0,0,0,0,0,0,0,0,0,0,0,0
145,0,1881,0,0,0,0,0,0,0,0,0,0,0,0,0,0
145,1,1881,0,0,0,0,0,0,0,0,0,0,0,0,0,0
145,0,1882,0,0,0,0,0,0,0,0,0,0,0,0,0,0
145,1,1882,0,0,0,0,0,0,0,0,0,0,0,0,0,0
145,0,1883,0,0,0,0,0,0,0,0,0,0,0,0,0,0
145,1,1883,0,0,0,0,0,0,0,0,0,0,0,0,0,0
145,0,1884,0,0,0,0,0,0,0,0,0,0,0,0,0,0
145,1,1884,0,0,0,0,0,0,0,0,0,0,0,0,0,0
145,0,1885,0,0,0,0,0,0,0,0,0,0,0,0,0,0
145,1,1885,0,0,0,0,0,0,0,0,0,0,0,0,0,0
145,0,1886,0,0,0,0,0,0,0,0,0,0,0,0,0,0
145,1,1886,0,0,0,0,0,0,0,0,0,0,0,0,0,0
145,0,1887,0,0,0,0,0,0,0,0,0,0,0,0,0,0
145,1,1887,0,0,0,0,0,0,0,0,0,0,0,0,0,0
145,0,1888,0,0,0,0,0,0,0,0,0,0,0,0,0,0
145,1,1888,0,0,0,0,0,0,0,0,0,0,0,0,0,0
145,0,1889,0,0,0,0,0,0,0,0,0,0,0,0,0,0
145,1,1889,0,0,0,0,0,0,0,0,0,0,0,0,0,0
145,0,1890,0,0,0,0,0,0,0,0,0,0,0,0,0,0
145,1,1890,0,0,0,0,0,0,0,0,0,0,0,0,0,0
145,0,1891,0,0,0,0,0,0,0,0,0,0,0,0,0,0
145,1,1891,0,0,0,0,0,0,0,0,0,0,0,0,0,0
145,0,1892,0,0,0,0,0,0,0,0,0,0,0,0,0,0
145,1,1892,0,0,0,0,0,0,0,0,0,0,0,0,0,0
145,0,1893,0,0,0,0,0,0,0,0,0,0,0,0,0,0
145,1,1893,0,0,0,0,0,0,0,0,0,0,0,0,0,0
145,0,1894,0,0,0,0,0,0,0,0,0,0,0,0,0,0
145,1,1894,0,0,0,0,0,0,0,0,0,0,0,0,0,0
145,0,1895,0,0,0,0,0,0,0,0,0,0,0,0,0,0
145,1,1895,0,0,0,0,0,0,0,0,0,0,0,0,0,0
145,0,1896,0,0,0,0,0,0,0,0,0,0,0,0,0,0
145,1,1896,0,0,0,0,0,0,0,0,0,0,0,0,0,0
145,0,1897,0,0,0,0,0,0,0,0,0,0,0,0,0,0
145,1,1897,0,0,0,0,0,0,0,0,0,0,0,0,0,0
145,0,1898,0,0,0,0,0,0,0,0,0,0,0,0,0,0
145,1,1898,0,0,0,0,0,0,0,0,0,0,0,0,0,0
145,0,1899,0,0,0,0,0,0,0,0,0,0,0,0,0,0
145,1,1899,0,0,0,0,0,0,0,0,0,0,0,0,0,0
145,0,1900,0,0,0,0,0,0,0,0,0,0,0,0,0,0
145,1,1900,0,0,0,0,0,0,0,0,0,0,0,0,0,0
145,0,1901,0,0,0,0,0,0,0,0,0,0,0,0,0,0
145,1,1901,0,0,0,0,0,0,0,0,0,0,0,0,0,0
145,0,1902,0,0,0,0,0,0,0,0,0,0,0,0,0,0
145,1,1902,0,0,0,0,0,0,0,0,0,0,0,0,0,0
145,0,1903,0,0,0,0,0,0,0,0,0,0,0,0,0,0
145,1,1903,0,0,0,0,0,0,0,0,0,0,0,0,0,0
145,0,1904,0,0,0,0,0,0,0,0,0,0,0,0,0,0
145,1,1904,0,0,0,0,0,0,0,0,0,0,0,0,0,0
145,0,1905,0,0,0,0,0,0,0,0,0,0,0,0,0,0
145,1,1905,0,0,0,0,0,0,0,0,0,0,0,0,0,0
145,0,1906,0,0,0,0,0,0,0,0,0,0,0,0,0,0
145,1,1906,0,0,0,0,0,0,0,0,0,0,0,0,0,0
145,0,1907,0,0,0,0,0,0,0,0,0,0,0,0,0,0
145,1,1907,0,0,0,0,0,0,0,0,0,0,0,0,0,0
145,0,1908,0,0,0,0,0,0,0,0,0,0,0,0,0,0
145,1,1908,0,0,0,0,0,0,0,0,0,0,0,0,0,0
145,0,1909,0,0,0,0,0,0,0,0,0,0,0,0,0,0
145,1,1909,0,0,0,0,0,0,0,0,0,0,0,0,0,0
145,0,1910,0,0,0,0,0,0,0,0,0,0,0,0,0,0
145,1,1910,0,0,0,0,0,0,0,0,0,0,0,0,0,0
145,0,1911,4734,0,0,0,0,0,0,0,0,0,0,0,0,0
145,1,1911,14711,0,0,0,0,0,0,0,0,0,0,0,0,0
145,0,1912,15429,0,0,0,0,0,0,0,0,0,0,0,0,0
145,1,1912,5898,0,0,0,0,0,0,0,0,0,0,0,0,0
145,0,1913,9158,0,0,0,0,0,0,0,0,0,0,0,0,0
145,1,1913,5409,0,0,0,0,0,0,0,0,0,0,0,0,0
145,0,1914,4814,0,0,0,0,0,0,0,0,0,0,0,0,0
145,1,1914,6346,0,0,0,0,0,0,0,0,0,0,0,0,0
145,0,1915,0,0,0,0,0,0,0,0,0,0,0,0,0,0
145,1,1915,0,0,0,0,0,0,0,0,0,0,0,0,0,0
145,0,1916,0,0,0,0,0,0,0,0,0,0,0,0,0,0
145,1,1916,0,0,0,0,0,0,0,0,0,0,0,0,0,0
145,0,1917,0,0,0,0,0,0,0,0,0,0,0,0,0,0
145,1,1917,0,0,0,0,0,0,0,0,0,0,0,0,0,0
145,0,1918,0,0,0,0,0,0,0,0,0,0,0,0,0,0
145,1,1918,0,0,0,0,0,0,0,0,0,0,0,0,0,0
145,0,1919,0,0,0,0,0,0,0,0,0,0,0,0,0,0
145,1,1919,0,0,0,0,0,0,0,0,0,0,0,0,0,0
145,0,1920,0,0,0,0,0,0,0,0,0,0,0,0,0,0
145,1,1920,0,0,0,0,0,0,0,0,0,0,0,0,0,0
145,0,1921,0,0,0,0,0,0,0,0,0,0,0,0,0,0
145,1,1921,0,0,0,0,0,0,0,0,0,0,0,0,0,0
145,0,1922,15127,0,0,0,0,0,0,0,0,0,0,0,0,0
145,1,1922,0,0,0,0,0,0,0,0,0,0,0,0,0,0
145,0,1923,14387,0,0,0,0,0,0,0,0,0,0,0,0,0
145,1,1923,0,0,0,0,0,0,0,0,0,0,0,0,0,0
145,0,1924,9158,0,0,0,0,0,0,0,0,0,0,0,0,0
145,1,1924,16551,0,0,0,0,0,0,0,0,0,0,0,0,0
145,0,1925,13058,0,0,0,0,0,0,0,0,0,0,0,0,0
145,1,1925,8650,0,0,0,0,0,0,0,0,0,0,0,0,0
145,0,1926,4019,0,0,0,0,0,0,0,0,0,0,0,0,0
145,1,1926,12615,0,0,0,0,0,0,0,0,0,0,0,0,0
145,0,1927,7112,0,0,0,0,0,0,0,0,0,0,0,0,0
145,1,1927,16822,0,0,0,0,0,0,0,0,0,0,0,0,0
145,0,1928,4740,0,0,0,0,0,0,0,0,0,0,0,0,0
145,1,1928,3510,0,0,0,0,0,0,0,0,0,0,0,0,0
145,0,1929,0,0,0,0,0,0,0,0,0,0,0,0,0,0
145,1,1929,8650,0,0,0,0,0,0,0,0,0,0,0,0,0
145,0,1930,0,0,0,0,0,0,0,0,0,0,0,0,0,0
145,1,1930,0,0,0,0,0,0,0,0,0,0,0,0,0,0
145,0,1931,7655,0,0,0,0,0,0,0,0,0,0,0,0,0
145,1,1931,6865,0,0,0,0,0,0,0,0,0,0,0,0,0
145,0,1932,6780,0,0,0,0,0,0,0,0,0,0,0,0,0
145,1,1932,9675,0,0,0,0,0,0,0,0,0,0,0,0,0
145,0,1933,6780,0,0,0,0,0,0,0,0,0,0,0,0,0
145,1,1933,8746,0,0,0,0,0,0,0,0,0,0,0,0,0
145,0,1934,4740,0,0,0,0,0,0,0,0,0,0,0,0,0
145,1,1934,5525,0,0,0,0,0,0,0,0,0,0,0,0,0
145,0,1935,7549,0,0,0,0,0,0,0,0,0,0,0,0,0
145,1,1935,8042,0,0,0,0,0,0,0,0,0,0,0,0,0
145,0,1936,7112,0,0,0,0,0,0,0,0,0,0,0,0,0
145,1,1936,8746,0,0,0,0,0,0,0,0,0,0,0,0,0
145,0,1937,7114,0,0,0,0,0,0,0,0,0,0,0,0,0
145,1,1937,11529,0,0,0,0,0,0,0,0,0,0,0,0,0
145,0,1938,6780,0,0,0,0,0,0,0,0,0,0,0,0,0
145,1,1938,10457,0,0,0,0,0,0,0,0,0,0,0,0,0
145,0,1939,5737,0,0,0,0,0,0,0,0,0,0,0,0,0
145,1,1939,16809,0,0,0,0,0,0,0,0,0,0,0,0,0
145,0,1940,7549,0,0,0,0,0,0,0,0,0,0,0,0,0
145,1,1940,11210,0,0,0,0,0,0,0,0,0,0,0,0,0
145,0,1941,5737,0,0,0,0,0,0,0,0,0,0,0,0,0
145,1,1941,4181,0,0,0,0,0,0,0,0,0,0,0,0,0
145,0,1942,7417,0,0,0,0,0,0,0,0,0,0,0,0,0
145,1,1942,4968,0,0,0,0,0,0,0,0,0,0,0,0,0
145,0,1943,4473,0,0,0,0,0,0,0,0,0,0,0,0,0
145,1,1943,12273,0,0,0,0,0,0,0,0,0,0,0,0,0
145,0,1944,12419,0,0,0,0,0,0,0,0,0,0,0,0,0
145,1,1944,10883,0,0,0,0,0,0,0,0,0,0,0,0,0
145,0,1945,12419,0,0,0,0,0,0,0,0,0,0,0,0,0
145,1,1945,4431,0,0,0,0,0,0,0,0,0,0,0,0,0
145,0,1946,17277,0,0,0,0,0,0,0,0,0,0,0,0,0
145,1,1946,12273,0,0,0,0,0,0,0,0,0,0,0,0,0
145,0,1947,5737,0,14112,0,0,0,0,0,0,0,0,0,0,0
145,1,1947,6188,0,0,0,0,0,0,0,0,0,0,0,0,0
145,0,1948,3516,0,5390,0,0,0,0,0,0,0,0,0,0,0
145,1,1948,12273,0,0,0,0,0,0,0,0,0,0,0,0,0
145,0,1949,17277,0,15062,0,0,0,0,0,0,0,0,0,0,0
145,1,1949,14112,0,12412,0,0,0,0,0,0,0,0,0,0,0
145,0,1950,14047,0,5945,0,0,0,0,0,0,0,0,0,0,0
145,1,1950,9791,0,9051,0,0,0,0,0,0,0,0,0,0,0
145,0,1951,3158,0,11273,0,0,0,0,0,0,0,0,0,0,0
145,1,1951,4192,0,11110,0,0,0,0,0,0,0,0,0,0,0
145,0,1952,14898,0,4106,0,0,0,0,0,0,0,0,0,0,0
145,1,1952,14537,0,3277,0,0,0,0,0,0,0,0,0,0,0
145,0,1953,14266,0,9898,0,0,0,0,0,0,0,0,0,0,0
145,1,1953,4192,0,7246,0,0,0,0,0,0,0,0,0,0,0
145,0,1954,3158,0,7614,0,0,0,0,0,0,0,0,0,0,0
145,1,1954,11110,0,11932,0,0,0,0,0,0,0,0,0,0,0
145,0,1955,3158,0,14754,0,0,0,0,0,0,0,0,0,0,0
145,1,1955,4192,0,16646,0,0,0,0,0,0,0,0,0,0,0
145,0,1956,10856,12412,2479,0,0,0,0,0,0,0,0,0,0,0
145,1,1956,12412,0,14106,0,0,0,0,0,0,0,0,0,0,0
145,0,1957,10856,15418,9886,0,0,14898,10452,8498,6775,10820,11449,11822,11110,9342
145,1,1957,2171,0,14503,0,0,0,0,0,0,0,0,0,0,0
145,0,1958,9039,16412,13050,0,0,14898,10452,13480,3419,10820,2479,15050,13305,9342
145,1,1958,2737,0,4442,0,0,7753,5111,8498,11112,3568,11449,14106,11110,2171
145,0,1959,6775,17589,2351,0,0,14898,10452,13480,6775,10820,2479,11822,9342,9039
145,1,1959,2737,0,11221,0,0,7753,5111,8498,12351,3568,11449,3639,11110,2171
145,0,1960,10885,10104,7907,0,0,14898,2903,13480,6775,14096,2479,11822,9998,10885
145,1,1960,7631,0,8701,0,0,7753,5111,17094,11112,3568,2737,11932,11110,2171
145,0,1961,10885,6717,14738,0,0,10071,2903,13480,13932,14096,2479,9342,9998,13305
145,1,1961,14106,0,17220,0,0,14898,14261,17094,11112,3568,17307,4694,11110,13331
145,0,1962,10856,5951,16362,0,0,9323,2903,13480,13932,14096,2479,9342,9998,10856
145,1,1962,17307,0,8747,0,0,14898,5111,17094,8747,5422,17307,4694,11110,16646
145,0,1963,8700,9820,13180,0,0,9323,8700,13480,13932,14096,16622,9342,9998,17607
145,1,1963,9820,0,14259,0,0,14898,6140,17094,11112,3568,17387,4694,6654,11110
145,0,1964,14096,4470,12711,0,0,9323,8700,13480,13932,14096,2479,5416,9342,9998
145,1,1964,3568,0,2322,0,0,14898,6140,17094,11112,14519,2400,4694,6654,11110
145,0,1965,16622,9820,3337,0,0,9323,6815,13111,13932,14096,16622,9342,16362,17607
145,1,1965,11110,0,10189,0,0,7181,16303,17094,11112,14519,4260,4694,6654,11110
145,0,1966,14106,9820,2258,0,0,9323,6815,13111,9737,14096,2479,2258,2258,9342
145,1,1966,4694,0,8207,0,12711,7181,14261,17094,11112,14519,2345,4694,6654,11110
145,0,1967,17607,10463,4265,0,0,9323,6815,14765,9737,14096,6831,3298,9342,17607
145,1,1967,4442,11217,14793,0,0,7181,8815,12941,11112,14519,2345,4694,4694,6654
145,0,1968,11408,11408,2633,0,0,9323,6815,14765,9737,14096,2479,15311,15547,17607
145,1,1968,7181,7181,3074,0,0,7181,3074,12941,2989,14519,11078,4694,6654,11110
145,0,1969,9579,11408,13327,0,0,9323,6815,13111,9096,14096,3024,3298,15547,17607
145,1,1969,11221,14793,15133,0,0,7181,3074,12941,11695,3566,9550,4694,6654,14259
145,0,1970,13461,13168,12200,0,0,9323,6737,15447,9096,14096,2479,3169,3298,15547
145,1,1970,3074,7181,12085,0,0,7181,3074,12941,8207,13631,9550,2258,4694,14259
145,0,1971,3360,3360,4466,0,0,9323,6737,14765,9096,14096,3024,3298,12816,17607
145,1,1971,16303,9027,17239,0,0,7181,3074,12941,8207,13631,7971,3432,3432,4694
145,0,1972,2322,13164,6588,0,0,9323,6588,14765,7592,14096,3727,3169,3298,12204
145,1,1972,3074,4287,11035,0,0,7181,3074,12941,11695,13631,3525,4438,4694,5495
145,0,1973,8944,12901,3952,0,0,9323,12200,14765,7584,14096,3024,3298,12816,15547
145,1,1973,14259,14793,11044,0,0,7181,3074,9283,12032,13631,11634,3432,4438,5495
145,0,1974,4042,8832,7941,0,0,9323,12200,14765,7584,14096,3024,3298,12816,14340
145,1,1974,7073,10922,11136,0,0,11622,3074,7073,12032,13631,4857,3432,4438,7155
145,0,1975,10628,12901,10628,0,0,9323,12200,14765,7584,14096,3024,3298,10628,14340
145,1,1975,12032,14793,11914,0,0,11622,3074,7073,12032,13833,4857,4438,7155,10710
145,0,1976,12200,12901,6504,0,0,12901,15869,14765,7584,14144,3024,6333,10844,14340
145,1,1976,12032,9241,17693,0,0,9323,3074,7073,12032,14665,4857,4438,7155,10710
145,0,1977,4265,10615,12253,0,0,12901,15869,15447,17107,12398,3024,3083,3083,5070
145,1,1977,6743,4287,5501,0,17607,9323,3074,7073,12032,14665,4857,7155,10710,12932
145,0,1978,13917,7685,17085,0,0,12901,15869,4466,17107,12398,3024,6333,10628,11759
145,1,1978,12932,13164,8648,0,0,12469,3457,8308,10490,14665,3525,10710,12932,16518
145,0,1979,2934,6621,7591,0,0,12901,15869,4962,17107,3035,4004,6333,10313,10628
145,1,1979,15559,15890,15881,0,0,12469,3457,8308,16367,14665,4857,10710,12932,17391
145,0,1980,3689,15710,4496,0,0,12527,15869,4962,17107,3035,16338,10628,12225,17376
145,1,1980,14665,4287,8717,0,0,12469,4342,8308,6672,14665,15297,5501,10710,17391
145,0,1981,6535,6535,13982,0,0,12527,15869,15498,17107,3035,16338,6333,8228,12225
145,1,1981,14665,16523,16523,0,0,4287,4342,8308,16367,14665,15297,2670,5501,10710
145,0,1982,17682,16677,14007,0,0,7685,3457,12253,17107,3035,17682,6333,12225,17391
145,1,1982,12217,4287,14560,0,0,12469,4342,8308,16367,14665,15297,5501,10710,12217
145,0,1983,14007,8736,9665,0,0,7685,12957,12253,17085,3035,16338,6333,12225,17391
145,1,1983,12217,5628,15747,0,0,12469,13096,8308,14482,14665,15297,5501,11313,12217
145,0,1984,8320,8320,5439,0,0,7685,12957,12253,17085,3035,16338,6333,12225,17391
145,1,1984,14482,15881,7397,0,0,2466,13096,8308,14482,14665,15297,5501,5639,12217
145,0,1985,11055,14418,7688,0,0,7685,12957,11055,17085,3689,7591,6333,12225,13209
145,1,1985,11313,7397,4796,0,17391,13866,13096,8308,14482,16782,15297,5501,11313,12217
145,0,1986,4689,4689,4240,0,0,7685,3457,11055,17107,6929,6481,2764,13209,13543
145,1,1986,14665,14773,17535,0,0,16523,5467,8308,14482,14665,15297,7733,11313,12217
145,0,1987,3044,4689,11363,0,0,10025,3457,11055,17107,6929,6481,2764,13543,17391
145,1,1987,5501,3002,14515,0,0,13866,10095,8308,14482,13100,15297,5456,5501,7733
145,0,1988,4240,16644,16980,0,0,10025,3457,11055,13887,6929,6481,13209,13543,17100
145,1,1988,7188,8348,14420,0,0,8348,14515,8308,14482,16782,15297,5456,5501,16548
145,0,1989,17682,14418,12735,0,0,14418,3457,11055,13887,6929,6481,13209,13543,17100
145,1,1989,11844,5476,16818,0,0,5392,14515,6949,14482,13100,15297,5456,7733,16548
145,0,1990,8228,16982,2366,0,0,3382,2366,11363,13887,7664,7688,4003,7589,13209
145,1,1990,3431,5904,9318,0,0,10713,14515,6949,14482,16782,15297,3431,3431,7733
145,0,1991,14007,4689,9732,0,0,10025,13096,11055,2365,16605,14007,7589,13543,17100
145,1,1991,13100,7290,2632,0,0,10713,12884,4648,14482,17261,15297,3431,7733,16548
145,0,1992,6107,6107,10385,0,0,10025,14154,11055,2365,16605,14007,7589,7589,13543
145,1,1992,3431,10713,9374,0,17100,10713,12884,7458,10342,13100,15297,3431,16548,16746
145,0,1993,16138,11274,14453,0,0,10025,14154,11055,2365,16605,16657,7589,10437,17100
145,1,1993,3431,10713,13270,0,0,10713,10865,7458,16191,17261,3047,3431,7629,16746
145,0,1994,16138,4861,7843,0,0,10025,14154,11055,2365,3396,16657,7589,10437,17100
145,1,1994,2632,10713,11899,0,0,10713,12884,2632,3225,17261,10049,3431,7629,10298
145,0,1995,16583,9139,4997,0,0,10025,14154,15354,2365,3396,16657,7589,10437,17100
145,1,1995,10049,10713,12511,0,0,10713,9086,7458,3225,4184,10049,6542,7629,11899
145,0,1996,7378,8276,9048,0,0,12279,14154,15354,2365,16605,16657,3940,7589,10437
145,1,1996,4184,15334,8567,0,0,10713,9086,7458,3225,4184,10049,3431,6542,7629
145,0,1997,7589,4689,7026,0,0,12279,14154,12896,9732,17261,16657,6126,7589,17219
145,1,1997,16746,10976,14208,0,0,10713,9086,15354,3225,4184,12753,3431,3431,11899
145,0,1998,7378,4689,7586,0,0,12279,14154,12896,2365,16605,16657,6126,7589,17219
145,1,1998,15405,7290,17490,0,0,10713,9086,15354,3458,14208,12753,3431,36945,16746
145,0,1999,14154,10976,3067,0,0,12279,14154,12896,2365,3769,16657,7546,7589,17219
145,1,1999,9195,9139,17289,0,0,10713,10323,15354,13785,16605,12753,6542,36945,16746
145,0,2000,7171,10976,14529,0,0,14185,14154,12707,2365,6882,16657,6057,6277,17219
145,1,2000,9525,9139,6914,0,0,10713,11021,15354,13785,14208,13132,6126,6542,36945
145,0,2001,15896,4689,15896,0,0,12279,14154,11675,2365,4510,16657,4180,8839,15896
145,1,2001,3431,9139,13550,0,0,10713,2580,8209,16637,14208,4125,6126,36945,16746
145,0,2002,16063,17747,17856,0,0,14185,11882,12707,3458,4510,14143,6277,8839,15896
145,1,2002,3431,9139,9037,0,0,10713,2580,8209,16637,14208,13851,6126,36945,16746
145,0,2003,14143,7824,37063,0,0,12279,11882,12707,3458,4510,14143,4180,8839,15896
145,1,2003,3431,6934,18119,0,0,7866,11021,10167,4399,14208,13851,5239,6126,36945
145,0,2004,7680,14509,18105,0,0,14185,14154,6277,3458,4510,9048,8839,15896,17007
145,1,2004,3431,4689,18132,0,0,10713,11021,8209,4399,14208,8919,6126,6542,36945
145,0,2005,14143,4834,18434,0,0,14185,16565,18043,17804,4510,9048,17007,8839,15896
145,1,2005,13550,4302,18187,0,17007,10713,11021,10167,4399,10542,16657,2201,6126,36945
145,0,2006,18133,14509,18413,0,0,14185,14154,18043,7665,4510,9048,8839,15896,17007
145,1,2006,18187,18050,18531,0,0,10713,2580,13550,17804,14208,16657,3067,4180,36945
145,0,2007,14143,14416,18709,0,0,14509,14154,18304,13388,3069,4125,8839,18270,15896
145,1,2007,14213,17778,18812,0,0,10713,18696,10167,17804,18214,14213,3067,18412,36945
145,0,2008,18709,17794,19169,0,0,12279,18276,13085,18709,3069,17669,8839,18270,15896
145,1,2008,13550,18795,18534,0,0,10713,18149,18279,17900,18214,14213,3067,18441,18065
145,0,2009,18276,18315,23223,0,0,3932,18276,18043,13388,19169,9048,8839,18587,15896
145,1,2009,13550,18795,22596,0,0,18453,18149,18279,17804,18422,14213,18680,18617,18065
145,0,2010,18745,18500,24872,0,0,3932,18276,18043,18515,19169,9048,17871,18497,15896
145,1,2010,18913,7824,21602,0,0,2533,18149,13550,17900,14208,18669,18680,19013,18065
145,0,2011,18413,18413,24205,0,0,3932,23688,18279,18709,3069,18565,18758,18848,18742
145,1,2011,18812,19036,28670,0,0,19036,18149,18913,17900,13388,18669,23458,18617,18710
145,0,2012,17977,19159,30083,0,0,24205,23688,18043,18515,3069,18447,18758,18587,25529
145,1,2012,21602,5701,30410,0,0,3932,18149,18312,24048,18837,14213,19013,21398,25697
145,0,2013,17977,19109,30377,0,0,5701,29217,21989,18709,30417,18447,18758,18587,18065
145,1,2013,21398,19036,31963,0,0,18453,18149,28202,17900,26312,30568,19013,18798,23458
145,0,2014,30083,23568,37300,0,0,26182,29217,21989,18709,26006,18447,18758,18742,18587
145,1,2014,19036,19036,30642,0,0,18315,18149,18279,26441,26312,30568,31164,28549,25697
145,0,2015,24963,26182,32923,0,0,26182,29217,21989,28900,30417,19001,32886,30962,30507
145,1,2015,30410,23681,34247,0,0,18315,18149,28202,27546,26312,29630,26032,26580,25697
145,0,2016,30083,27756,32095,0,0,26182,29217,29919,18657,3069,31910,19008,30962,32454
145,1,2016,34247,19109,32959,0,0,18315,21602,25526,32020,26312,29630,26032,28006,25697
145,0,2017,31910,26182,35931,0,0,23681,18696,32931,18709,3069,25448,35931,32043,32454
145,1,2017,31861,19036,32212,0,0,31005,31253,30377,32020,26312,21527,31303,28006,25697
145,0,2018,21437,20,34761,0,0,32612,31196,30428,18709,32674,32751,18758,28006,30387
145,1,2018,19036,19036,34497,0,0,32335,28191,30377,32020,26312,30568,31164,32043,25697
145,0,2019,32923,31353,38488,0,0,32012,18696,25691,32774,35146,31910,35931,30962,25697
145,1,2019,30410,30612,40936,0,0,31636,30576,34497,32020,40936,30568,30480,32922,30410
145,0,2020,32567,30823,33984,0,0,25749,34761,30428,34667,35146,20818,35931,28006,30387
145,1,2020,30612,30612,1143,0,0,37007,23920,30377,35667,40936,27634,23,34502,38430
145,0,2021,31164,32932,19337,0,0,36303,36731,30428,34667,1176,31910,35931,23742,1250
145,1,2021,19036,19036,21825,0,0,35184,35313,35923,23059,40936,27634,1238,34502,25678
145,0,2022,30083,34804,19604,0,0,668,30374,34358,2153,23952,21567,21449,249,30387
145,1,2022,32922,19036,23212,0,0,19109,28432,20662,23059,26312,23552,34493,32922,40949
145,0,2023,31164,30401,39012,0,0,32095,39414,30669,27250,251,39012,1243,34502,30387
145,1,2023,40751,30612,22944,0,0,36358,33148,34247,23059,20818,23552,33194,32922,19604
145,0,2024,31164,30415,42481,0,0,34287,39414,38989,32945,1176,39012,1243,42654,1250
145,1,2024,40751,19036,40993,0,0,1240,32254,34358,23059,20818,27634,34322,32922,1427
145,0,2025,30083,23791,42585,0,0,20525,28191,27719,32945,251,39012,20515,34502,20499
145,1,2025,31164,40626,41979,0,0,32329,32254,40936,22494,20818,27634,39820,32922,23846
145,0,2026,31164,28079,41548,0,0,1361,39414,41017,42564,251,39012,34322,35164,39408
145,1,2026,40751,21311,30168,0,0,19853,39791,25998,23832,20818,27634,28471,29391,23846
145,0,2027,32212,30853,36209,0,0,24782,34,35187,35392,251,39012,35931,35164,19604
145,1,2027,40751,21311,21730,0,0,38503,33461,31047,27250,20818,23552,1070,42322,42095
145,0,2028,41503,30853,37708,0,0,41392,19452,34247,20250,23952,36209,41537,35164,41548
145,1,2028,21730,40626,20741,0,0,1289,34761,25998,25337,41044,40647,21730,42322,42095
145,0,2029,23011,30853,20567,0,0,40854,19452,39630,2153,23952,40516,32772,42903,41548
145,1,2029,21730,40626,40828,0,0,1289,23145,40936,38015,251,40828,21730,37832,35033
145,0,2030,40767,34651,38240,0,0,23061,19452,19779,41185,20242,36209,20842,28828,37754
145,1,2030,40751,40626,38489,0,0,2146,20837,38989,42681,30417,40990,21730,20781,42095
145,0,2031,40767,33681,44253,0,0,21207,32925,33739,41185,20242,20973,41537,19693,44253
145,1,2031,38489,40626,33828,0,0,19400,33286,43056,42681,41347,27997,21730,6386,23547
145,0,2032,40767,30853,38766,0,0,1240,23145,37708,41185,251,40828,40797,35164,38766
145,1,2032,32381,43001,31211,0,0,27857,38257,26704,38015,41961,36209,21730,32381,19896
145,0,2033,40767,317,789,0,0,41137,39414,37708,41185,41979,40828,27270,38915,42095
145,1,2033,32381,28323,36018,0,0,38236,1146,31211,1920,19737,36209,21777,43005,33828
145,0,2034,40797,1370,41440,0,0,40771,39414,26139,41185,41979,40828,42262,34137,27270
145,1,2034,39001,28323,41274,0,0,33932,31255,30688,1920,35172,41542,21730,43005,41548
145,0,2035,40797,2030,22886,0,0,1370,38078,26139,41185,1056,40828,42262,44005,42095
145,1,2035,22966,28323,33291,0,0,40754,41786,31211,33291,41347,41542,36456,43005,19516
145,0,2036,41234,1370,32404,0,0,34651,42762,22957,42681,41979,34529,34544,36126,37970
145,1,2036,39001,41225,35516,0,0,38606,37927,31211,33291,27262,41542,21777,35164,19516
145,0,2037,38988,34651,43050,0,0,23982,41161,35631,42681,41979,34529,32126,34137,37970
145,1,2037,39253,35516,31177,0,0,42113,35565,31211,41356,43744,41542,21777,42933,38636
145,0,2038,24143,2030,41160,0,0,24443,41161,35631,36438,38240,34529,42262,40883,44149
145,1,2038,19516,32021,41183,0,0,40449,31255,32730,33291,844,40828,40152,44404,43329
145,0,2039,22886,40140,20224,0,0,32981,19910,26139,43662,27811,30483,42291,1318,34137
145,1,2039,39001,467,43829,0,0,33087,41206,35555,38837,39795,41542,40152,44404,23547
146,0,2017,30387,34258,0,0,0,22844,28191,32211,32848,63,34766,32432,30397,24224
146,0,2018,36288,34726,0,0,0,18528,33898,32211,25975,63,32672,26260,33008,31825
146,0,2019,29263,36374,0,0,0,21492,33898,34274,35653,29969,1341,402,38430,32153
146,0,2020,35147,30260,0,0,0,33027,34699,34274,39451,138,20271,22813,23066,28963
146,0,2021,35147,845,0,0,0,38478,32741,27964,30909,35194,20271,1375,30223,28963
146,0,2022,23837,23837,0,0,0,38478,33148,21716,22313,35194,39012,34284,22759,35025
146,0,2023,1113,642,0,0,0,23791,23145,27964,27793,28578,20248,38802,40993,39535
146,0,2024,28578,38579,0,0,0,23053,35748,19561,19365,20286,40516,40259,22759,39535
146,0,2025,34270,23837,0,0,0,24137,1278,19561,37276,2048,39052,959,40455,38802
146,0,2026,22961,42635,0,0,0,28194,1278,42002,37276,1964,20249,249,959,33080
146,0,2027,35117,20767,0,0,0,22274,41863,42002,39028,41542,39248,36478,23830,41807
146,0,2028,35869,35439,0,0,0,41094,35397,35592,36662,1507,41185,41494,20781,20927
146,0,2029,26704,40392,0,0,0,22439,37516,41529,36662,42956,27997,33463,42580,34979
146,0,2030,39133,35383,0,0,0,42635,43418,40722,32586,1975,42976,35509,42580,23547
146,0,2031,39840,35383,0,0,0,35072,41993,26921,35657,42956,21738,35509,21934,34334
146,0,2032,39840,25861,0,0,0,38354,43685,39903,25908,23952,993,33303,21934,42266
146,0,2033,36628,38292,0,0,0,36002,38786,36628,17917,1171,30473,32889,28002,2147
146,0,2034,44037,20073,0,0,0,409,22840,17917,40207,34529,40963,35509,41200,19571
146,0,2035,29968,943,0,0,0,42079,30618,41302,43579,43590,21738,43510,41459,2147
146,0,2036,23239,23251,0,0,0,38385,30618,41302,31055,32434,15069,43510,30054,33080
146,0,2037,21121,44574,0,0,0,38166,41831,41302,29859,32434,44536,43510,450,42881
146,0,2038,42812,19237,0,0,0,45705,30618,41302,40207,39464,20064,33592,37690,42881
146,0,2039,23087,409,0,0,0,34887,44420,22064,44536,35090,20064,41670,36105,43986
147,0,2017,32740,34795,0,0,0,34992,32386,31342,39201,34533,30874,34831,35524,1243
147,1,2017,31991,18629,0,0,0,10,22312,23264,32279,34276,37252,31105,37292,32700
147,0,2018,33054,34992,0,0,0,30889,28438,35851,18159,33160,33181,34831,37345,26326
147,1,2018,1190,32251,0,0,0,31091,33443,29332,31789,32755,34904,31356,30375,33289
147,0,2019,35006,32704,0,0,0,33072,34043,1072,30418,21570,20551,30133,233,32510
147,1,2019,1250,33315,0,0,0,576,33503,93,25548,38717,1342,34509,22368,34582
147,0,2020,1305,34463,0,0,0,34463,34615,31730,37276,35006,1293,26628,35524,32420
147,1,2020,34672,32026,0,0,0,33815,31357,21569,243,20509,31624,36153,37332,34582
147,0,2021,27043,1142,0,0,0,34534,20495,1028,925,38497,34388,23159,35524,35137
147,1,2021,39773,35611,0,0,0,32026,33000,33193,19943,251,20104,20499,27425,20504
147,0,2022,1028,1142,0,0,0,20511,39055,27339,925,39806,19908,35343,35524,23114
147,1,2022,1662,1690,0,0,0,33615,715,20095,35890,32755,38498,34831,34435,35374
147,0,2023,1752,20063,0,0,0,31964,1187,1752,21760,39806,39401,21299,22730,31056
147,1,2023,21835,39856,0,0,0,39856,23482,1224,35890,39046,26837,20499,34435,35374
147,0,2024,38992,34294,0,0,0,41777,39074,30115,1314,41979,40990,21299,40724,22896
147,1,2024,39254,23186,0,0,0,39009,25869,23178,20293,23048,39251,20499,34435,39254
147,0,2025,28244,21010,0,0,0,24782,15193,32585,21149,19204,38785,40442,22654,22896
147,1,2025,39612,39612,0,0,0,122,34718,19472,40191,1662,39251,23836,34435,1250
147,0,2026,20849,683,0,0,0,41662,19452,20933,23751,22931,36209,1172,42322,20463
147,1,2026,35569,33352,0,0,0,33321,41124,19472,40191,41914,39251,36513,34435,1250
147,0,2027,37652,41241,0,0,0,41662,36797,1028,22422,42496,40572,42010,42138,31604
147,1,2027,34632,32134,0,0,0,41612,21158,24492,40191,41914,36486,41564,38810,20750
147,0,2028,32919,22254,0,0,0,34513,29085,36459,22422,26878,40572,35469,37832,400
147,1,2028,208,24478,0,0,0,33352,21158,42472,34987,31422,36486,43124,34435,39656
147,0,2029,38093,1020,0,0,0,34513,38257,37434,22422,34415,42181,35469,43679,27605
147,1,2029,40194,1244,0,0,0,35381,38516,40650,39072,33823,19784,9174,22759,20496
147,0,2030,33828,1370,0,0,0,39838,38729,39363,21149,41972,43590,39747,43679,38997
147,1,2030,208,41957,0,0,0,41789,23996,32121,36336,800,34605,20496,19641,36499
147,0,2031,20849,22233,0,0,0,39838,38747,40180,36648,40630,36486,39747,27605,39530
147,1,2031,21121,43696,0,0,0,37609,34911,32121,1435,800,40591,40831,29391,42903
147,0,2032,27270,34242,0,0,0,42510,1695,41158,32348,40630,42126,32743,27270,40734
147,1,2032,35593,39348,0,0,0,39348,40819,32121,40591,33017,21176,43404,42571,29391
147,0,2033,445,20170,0,0,0,22856,35306,20793,41107,19502,43590,32743,19839,40734
147,1,2033,22102,34465,0,0,0,41526,40819,41440,34256,41318,41236,42266,1299,35002
147,0,2034,43721,37525,0,0,0,37525,30664,33822,41107,39931,19737,36456,19788,20253
147,1,2034,40831,35113,0,0,0,41207,41786,854,38433,829,32892,40831,26516,40436
147,0,2035,41977,42325,0,0,0,42226,35395,39133,36793,41044,844,41977,33463,32743
147,1,2035,20849,42405,0,0,0,42935,42002,30599,41215,829,43848,40831,40955,42008
147,0,2036,44929,42638,0,0,0,40395,35395,30688,21127,40343,42663,41977,27596,39506
147,1,2036,27816,2168,0,0,0,42935,35263,27816,41419,19625,43848,40831,42008,44101
147,0,2037,33009,19567,0,0,0,42638,35395,38662,40540,42574,42717,40152,35587,39506
147,1,2037,36451,43006,0,0,0,19488,35263,33031,27331,41842,42308,2032,42008,25625
147,0,2038,34368,1364,0,0,0,34060,1843,36553,44603,1644,42717,44380,34394,38964
147,1,2038,38779,43427,0,0,0,23844,35124,32121,39953,35708,43848,41742,42386,27331
147,0,2039,1056,32728,0,0,0,22851,44918,30599,44603,39336,44207,35002,19788,42933
147,1,2039,30960,39662,0,0,0,42559,36721,34998,39953,41784,19625,23559,43130,880
148,0,2017,32358,33697,0,0,0,39346,33898,34274,33451,32101,32910,30433,32988,32978
148,0,2018,32985,35669,0,0,0,38633,34264,34274,33451,27733,33192,34675,32743,34582
148,0,2019,38680,33460,0,0,0,35669,21267,21716,19943,27580,35036,32507,26851,1171
148,0,2020,19912,1979,0,0,0,19429,1205,805,609,29969,35508,39118,39927,27921
148,0,2021,23883,23961,0,0,0,1145,38882,23669,19661,27580,39012,1441,26851,23959
148,0,2022,26684,20148,0,0,0,22618,20634,35739,20899,39046,21149,38287,39927,27390
148,0,2023,34768,38345,0,0,0,22618,23923,26921,24941,23048,22660,39411,40076,19805
148,0,2024,21523,28194,0,0,0,27952,1684,23098,23551,40876,20249,23635,40076,40534
148,0,2025,30678,30650,0,0,0,26686,397,40994,23104,23021,20249,40603,42574,31794
148,0,2026,465,41008,0,0,0,21327,21058,39215,43034,41542,41185,20154,42574,38660
148,0,2027,37927,22686,0,0,0,36344,24641,41214,35927,34900,31057,39402,19693,42897
148,0,2028,41279,22980,0,0,0,36344,40521,1358,27543,33971,27997,28342,28828,42897
148,0,2029,41279,21873,0,0,0,37983,24641,30330,34655,39251,21738,2006,38799,793
148,0,2030,43401,19927,0,0,0,633,30687,25547,35657,2004,40263,1823,34861,34289
148,0,2031,25447,37665,0,0,0,38573,30794,27358,1592,19802,38895,41826,27418,36669
148,0,2032,38844,43518,0,0,0,32873,41394,41216,19425,40092,37581,41826,40698,20305
148,0,2033,37504,20582,0,0,0,398,41206,22064,39655,21129,993,25633,41880,41200
148,0,2034,43106,41401,0,0,0,37809,41206,40800,41419,21129,26483,38684,19741,42881
148,0,2035,42772,44574,0,0,0,21629,40834,41216,41419,39795,42308,38684,42571,1737
148,0,2036,22483,42955,0,0,0,42955,44135,41216,1003,20535,44207,1884,42571,39469
148,0,2037,18494,28350,0,0,0,1560,41145,36517,1003,43797,41338,21281,36331,44831
148,0,2038,40086,40086,0,0,0,46362,35827,34157,26322,43797,42480,44831,44023,38985
148,0,2039,44880,35928,0,0,0,454,44828,43842,44567,40773,19806,43709,21003,44831
149,0,2017,93,32479,0,0,0,32658,25818,93,79,30751,34455,32508,33518,31743
149,0,2018,34509,33992,0,0,0,32479,33394,34246,34546,138,1293,38682,38430,1238
149,0,2019,1273,1273,0,0,0,1199,19219,34629,35198,30403,27634,27683,1001,34435
149,0,2020,34524,34524,0,0,0,19821,33263,733,25832,20679,34388,38682,34435,20499
149,0,2021,18093,1141,0,0,0,27882,26969,23510,1332,28387,35018,38682,34435,34439
149,0,2022,38265,35150,0,0,0,39013,19507,27719,19662,28387,20271,34370,1367,20517
149,0,2023,25828,23005,0,0,0,39013,39074,27719,39072,28387,39029,26933,34370,26595
149,0,2024,22525,41612,0,0,0,1835,22874,27719,39029,21699,40191,1172,39100,40130
149,0,2025,41494,19567,0,0,0,41519,19851,23510,40647,23550,40549,19465,19385,22966
149,0,2026,32875,41822,0,0,0,41519,41238,23510,40440,33739,41352,40076,28725,42597
149,0,2027,34917,27400,0,0,0,34917,42296,33043,41992,42307,42663,28273,28725,38997
149,0,2028,34917,40865,0,0,0,34917,38257,21203,39054,42956,42663,20317,34255,43383
149,0,2029,24107,1217,0,0,0,42567,34885,21203,39912,39336,43590,20317,39727,43383
149,0,2030,43400,20368,0,0,0,42567,36930,28326,39912,34240,823,38567,35215,42266
149,0,2031,39769,22980,0,0,0,39746,41394,28326,39912,40363,41542,33155,27305,19284
149,0,2032,43510,43559,0,0,0,641,38156,19197,39912,41542,19650,43510,40782,19284
149,0,2033,1398,36252,0,0,0,35928,1843,39912,40824,35132,43684,44059,35430,34203
149,0,2034,33517,39170,0,0,0,38532,165,35546,36763,42068,33255,39259,42933,40046
149,0,2035,38397,41004,0,0,0,41518,20450,36638,163,38794,43917,39259,42933,44101
149,0,2036,19984,38513,0,0,0,40662,34886,36691,39642,38794,18252,26753,38599,450
149,0,2037,38850,1297,0,0,0,24106,37495,1284,39642,38850,23007,38923,22798,7578
149,0,2038,21868,2168,0,0,0,1970,26045,38330,42506,1559,425,19393,20375,28002
149,0,2039,1356,35818,0,0,0,1676,1025,33493,42506,1559,41968,20731,47542,34059
150,0,2017,34784,21509,0,0,0,32087,22382,34497,30403,33160,32751,32229,30674,31638
150,0,2018,21570,118,0,0,0,118,34731,982,34869,21570,1342,35040,21604,35137
150,0,2019,1186,38728,0,0,0,20230,32386,27306,20805,38952,25337,19958,23790,33855
150,0,2020,1568,35652,0,0,0,1551,20548,27306,19374,34482,38491,35343,23790,40068
150,0,2021,1312,23801,0,0,0,1719,27856,27306,20725,23178,23552,19672,23790,40068
150,0,2022,1568,42384,0,0,0,39009,20994,1352,23751,23876,39404,26483,22111,38681
150,0,2023,39611,40541,0,0,0,23209,28024,39611,22799,25147,39008,40724,40364,40442
150,0,2024,39016,24688,0,0,0,23209,20495,39611,22799,20272,41556,38309,23557,40985
150,0,2025,35916,19287,0,0,0,23416,415,1965,23603,419,40990,36478,26897,41537
150,0,2026,41537,42628,0,0,0,41860,23477,40129,39438,28387,40386,36478,40364,32658
150,0,2027,35577,41865,0,0,0,41860,41903,35568,19959,42541,19784,27307,21872,20496
150,0,2028,42820,34263,0,0,0,41860,42907,22810,40073,20742,43639,27307,36713,20496
150,0,2029,43134,43000,0,0,0,34775,1947,36459,43365,26878,42717,43134,845,43190
150,0,2030,41158,2094,0,0,0,38625,36721,33221,40353,1483,43365,845,19983,64
150,0,2031,27270,42949,0,0,0,40618,35078,33221,40974,20272,43365,42262,38678,64
150,0,2032,789,39866,0,0,0,39866,1324,29152,42503,41107,41236,37635,36640,64
150,0,2033,43629,20505,0,0,0,1795,18983,36119,39093,25906,27703,24027,36424,29391
150,0,2034,967,1527,0,0,0,23333,38078,43672,35127,25906,42717,23708,39989,27863
150,0,2035,25633,40456,0,0,0,40296,42316,20270,39155,37635,19179,39971,19983,20923
150,0,2036,34676,19356,0,0,0,40833,38773,43400,36648,36224,42240,38843,19741,40382
150,0,2037,41203,1527,0,0,0,713,40141,38981,40813,41389,2022,35600,38843,38123
150,0,2038,40055,43353,0,0,0,44676,40239,44055,24456,41389,40181,41991,1669,22271
150,0,2039,44556,44974,0,0,0,36773,44077,44055,542,42068,40181,1299,44316,319
151,0,2017,35575,1868,0,0,0,38982,34572,167,35111,33414,23835,32507,21604,34712
151,0,2018,27189,21456,0,0,0,20518,38690,34808,25675,34482,251,33427,34435,35685
151,0,2019,1568,865,0,0,0,34704,20722,22782,35111,28387,38498,39796,27425,38833
151,0,2020,23921,1240,0,0,0,1240,20495,34004,580,28387,27869,25268,19544,35374
151,0,2021,1568,39259,0,0,0,38494,27603,986,23096,20250,36518,39495,39864,34216
151,0,2022,27085,433,0,0,0,37417,37662,986,36518,23048,40191,38309,39864,27085
151,0,2023,21600,22911,0,0,0,19427,26484,1965,42526,23550,23557,19574,22917,40763
151,0,2024,40311,22907,0,0,0,37032,22906,23228,42526,23550,21496,40607,34286,40111
151,0,2025,317,317,0,0,0,34029,1033,42594,31298,32434,23516,40607,42459,552
151,0,2026,38946,36434,0,0,0,36434,37676,42353,42526,40879,41617,40860,34972,20496
151,0,2027,43080,34290,0,0,0,22927,42516,38571,42526,35836,27541,42532,23481,33166
151,0,2028,38192,39471,0,0,0,34790,36270,38571,42526,35836,27541,42532,23481,34451
151,0,2029,41550,34263,0,0,0,42047,40147,33221,1414,20534,42142,1825,38025,20736
151,0,2030,41550,34263,0,0,0,41077,41022,40331,1414,38885,19659,20534,40495,40486
151,0,2031,43104,41094,0,0,0,42004,39970,34641,42143,20583,19737,22576,26516,35079
151,0,2032,40336,31797,0,0,0,42057,41022,24139,42143,43228,27703,869,26516,40382
151,0,2033,22488,34254,0,0,0,38165,38773,24139,1797,42737,43662,42410,515,40382
151,0,2034,43075,24574,0,0,0,19614,22959,1057,21451,42737,18252,41591,34989,25625
151,0,2035,23049,38214,0,0,0,42293,41898,29152,21451,43310,1003,40524,38531,1599
151,0,2036,43809,34018,0,0,0,34887,0,205,43249,32377,993,37432,433,19495
151,0,2037,42091,42679,0,0,0,43355,40563,32625,23702,19621,36646,44024,44316,44404
151,0,2038,43261,38094,0,0,0,41218,44077,40427,19373,23555,40126,1599,22825,19495
151,0,2039,44311,22574,0,0,0,45921,33321,40427,19373,1886,993,1599,20879,44890
152,0,2017,32948,33083,0,0,0,1145,31568,39588,35712,34939,35198,37379,38430,32801
152,0,2018,30648,30648,0,0,0,1395,35639,1374,34472,35015,36002,36437,26851,38461
152,0,2019,30955,24980,0,0,0,20507,36277,1374,36621,18820,31624,39882,20749,34981
152,0,2020,40070,1272,0,0,0,24238,26986,36430,19499,1380,1177,20303,25116,28326
152,0,2021,21322,21322,0,0,0,27278,20634,38396,992,38486,39763,19805,22592,38461
152,0,2022,237,1327,0,0,0,24024,39044,22797,24941,19989,20252,37379,41466,237
152,0,2023,1695,40833,0,0,0,24782,1695,39363,23501,23483,20249,20115,1092,40534
152,0,2024,36566,36018,0,0,0,24383,1695,39363,23501,40112,23516,42463,38913,31794
152,0,2025,42009,41802,0,0,0,42223,42046,40423,40294,1609,39438,41996,41138,400
152,0,2026,36086,22578,0,0,0,19719,42046,19997,41487,38784,42181,35009,38620,536
152,0,2027,21329,20109,0,0,0,43379,43093,21203,27543,37965,29692,42114,483,21626
152,0,2028,42180,43185,0,0,0,43477,24156,20793,38553,42297,27481,36554,38084,43605
152,0,2029,20916,39732,0,0,0,30663,24156,33890,39411,19878,323,24150,35215,43520
152,0,2030,38321,40277,0,0,0,38705,1146,33822,1616,40363,27097,36719,38364,36669
152,0,2031,39307,19206,0,0,0,39015,40094,40800,35727,39307,36931,35469,40698,43631
152,0,2032,43294,38444,0,0,0,41747,1843,35111,43734,43294,41239,39040,34137,1280
152,0,2033,43400,20340,0,0,0,42273,40558,35111,43734,31119,21948,21872,36054,33350
152,0,2034,30087,41004,0,0,0,41004,39013,35111,43553,39131,21164,43643,38843,38301
152,0,2035,43400,40856,0,0,0,33890,42065,35111,34407,41086,44181,38571,40883,38301
152,0,2036,42939,22924,0,0,0,30058,38524,38981,36614,41086,42480,44304,43810,40883
152,0,2037,24022,39154,0,0,0,40992,38197,41695,36614,21715,42480,41540,40257,22507
152,0,2038,34824,23072,0,0,0,36832,34824,44507,22546,27864,735,19618,45806,22507
152,0,2039,1010,22742,0,0,0,24032,46190,28450,45715,27864,41134,44999,33519,43029
153,0,2017,33339,36347,0,0,0,38550,30558,33197,38729,2101,1514,36135,28033,1027
153,0,2018,2101,39298,0,0,0,20498,39091,21716,924,2101,39496,38689,23959,20691
153,0,2019,28071,27275,0,0,0,24153,35394,40940,1332,35194,1260,1375,39927,249
153,0,2020,23280,1214,0,0,0,35833,26969,23280,24280,34465,38501,745,23027,20134
153,0,2021,27991,38447,0,0,0,19955,35826,36570,24280,39405,23576,745,19465,26708
153,0,2022,26708,18335,0,0,0,19955,23954,38240,39058,20282,23531,28471,22730,26708
153,0,2023,21100,19844,0,0,0,38316,23954,20194,167,41542,40647,41739,39100,40162
153,0,2024,23995,26888,0,0,0,33402,35313,40473,22919,19758,24102,40929,38303,40774
153,0,2025,25783,40951,0,0,0,40783,1760,35592,22769,27133,40614,22189,38303,40774
153,0,2026,41926,23402,0,0,0,41470,37516,34553,38720,41249,19704,39111,20781,43056
153,0,2027,23746,24145,0,0,0,21267,42573,43004,19401,42535,19704,23746,41097,20927
153,0,2028,41972,21873,0,0,0,36814,43430,32047,39486,19704,31576,20029,383,34820
153,0,2029,1113,22980,0,0,0,43063,35695,43476,35657,20576,34900,40745,43446,64
153,0,2030,42982,37682,0,0,0,38073,43566,27358,34805,39137,34984,39879,21934,20305
153,0,2031,43709,43597,0,0,0,38073,41424,19539,19425,40092,40123,40217,37907,20305
153,0,2032,35466,19505,0,0,0,37770,41476,37443,37427,40143,25994,1806,43642,20869
153,0,2033,37930,36680,0,0,0,677,41476,29067,460,40143,32892,30171,43642,20869
153,0,2034,40877,40906,0,0,0,25531,38704,1344,460,39464,43917,32093,43625,42957
153,0,2035,159,34987,0,0,0,577,34002,42636,40720,1456,44207,28281,43625,38768
153,0,2036,41221,36388,0,0,0,31638,43011,42938,40720,399,39042,28281,42670,23644
153,0,2037,39946,44259,0,0,0,44259,30994,38330,35825,33994,43829,28281,44023,38258
153,0,2038,37944,44783,0,0,0,35501,21119,40351,20201,44300,19806,40532,44742,38768
153,0,2039,39753,44783,0,0,0,43378,21119,44804,44921,39753,21230,46207,44742,38536
154,0,2017,22565,31940,0,0,0,37324,36731,21716,1332,34768,28043,32347,1171,29146
154,0,2018,1568,19923,0,0,0,1929,19840,19357,1332,28387,27634,34439,1171,31794
154,0,2019,25268,1214,0,0,0,1437,39414,36570,39252,23876,36518,34370,39254,20499
154,0,2020,1211,27922,0,0,0,1505,22556,38989,21691,19155,21155,34825,39820,37927
154,0,2021,24980,24980,0,0,0,24186,23482,38240,20850,19989,39814,26696,20749,20689
154,0,2022,19138,39276,0,0,0,23645,21158,1331,39814,41914,23557,22840,20749,20489
154,0,2023,22525,21115,0,0,0,40899,23238,20673,39814,19989,40191,23503,959,21836
154,0,2024,32640,36548,0,0,0,40899,23238,20357,39814,1013,39438,40258,39871,37638
154,0,2025,27282,28061,0,0,0,27962,42603,40864,41651,1013,41313,42528,41253,20972
154,0,2026,42392,34653,0,0,0,42794,37053,38119,31448,34072,41313,42528,19449,42457
154,0,2027,32869,37937,0,0,0,43084,38323,36601,19286,37511,24273,42528,33582,324
154,0,2028,32869,40116,0,0,0,35222,38323,41734,34805,30985,42976,42528,20736,2108
154,0,2029,32869,31797,0,0,0,20915,386,41734,41589,399,34821,40371,36713,42970
154,0,2030,32869,42438,0,0,0,701,25871,41734,41589,40092,36157,36713,40824,43367
154,0,2031,36691,19217,0,0,0,41409,1643,38807,40073,40143,36157,36713,43642,35384
154,0,2032,36691,20926,0,0,0,34211,38623,23344,1093,41972,36157,39259,35661,39213
154,0,2033,22231,1326,0,0,0,39138,40483,30599,1435,19672,38703,27752,30054,26944
154,0,2034,34080,33021,0,0,0,33021,546,36691,424,33994,39091,42910,41016,42108
154,0,2035,36309,36309,0,0,0,34887,546,36691,39642,20673,42480,22699,39894,42236
154,0,2036,34368,44021,0,0,0,19438,35499,1344,24072,18113,27775,1178,42709,2151
154,0,2037,41166,20552,0,0,0,42560,29789,158,24456,43490,1683,43118,44315,34059
154,0,2038,44205,323,0,0,0,19349,20875,44804,41884,44132,36332,20141,45922,42811
154,0,2039,42560,42560,0,0,0,42429,44927,23276,41884,19264,44881,44936,45922,21455
155,0,2017,35139,30348,0,0,0,35510,35394,841,1314,23952,39496,32685,23875,21498
155,0,2018,522,40509,0,0,0,36399,36016,37817,19943,39694,522,1303,21472,23114
155,0,2019,2166,27274,0,0,0,34599,23067,20423,36054,1259,35508,28496,21472,27473
155,0,2020,26918,21205,0,0,0,38776,27816,39406,19993,35530,992,38102,22111,38802
155,0,2021,40187,1280,0,0,0,1369,27815,37380,1376,20286,23531,39015,23673,19899
155,0,2022,39611,1953,0,0,0,39947,36920,25021,40294,20286,23541,1848,40076,21378
155,0,2023,23708,20280,0,0,0,36408,36051,40296,277,40876,42564,23746,21084,40774
155,0,2024,43211,28294,0,0,0,41671,23543,19745,36492,41542,42181,36478,41712,40492
155,0,2025,41200,1355,0,0,0,41671,31398,41910,37904,38304,42181,28075,24936,25924
155,0,2026,42165,32552,0,0,0,41671,31063,43305,19269,38866,29692,31651,23830,64
155,0,2027,33384,40066,0,0,0,33861,21263,36077,43305,26878,20066,35469,42903,39844
155,0,2028,38036,43155,0,0,0,20217,21263,34878,34032,20576,40023,40745,33394,40402
155,0,2029,36751,40001,0,0,0,35091,39800,39017,38045,39994,38610,43643,34861,40402
155,0,2030,23497,33942,0,0,0,41210,20081,33563,40207,21459,40233,40475,40537,40565
155,0,2031,43400,42708,0,0,0,23076,40359,28114,42503,16656,40244,33563,33632,43190
155,0,2032,33080,1915,0,0,0,36696,40359,41181,28077,16656,32892,41882,33080,22796
155,0,2033,39972,21629,0,0,0,33837,22567,535,28077,39027,42308,21056,19900,834
155,0,2034,40291,779,0,0,0,38785,44058,19245,28077,1456,1003,1645,40883,880
155,0,2035,42925,18370,0,0,0,20439,26244,34490,32195,38888,39193,1645,39734,40897
155,0,2036,32665,44095,0,0,0,43932,38795,43483,542,44424,39193,42705,20375,43185
155,0,2037,35322,24186,0,0,0,18640,39273,40567,20772,1621,20099,23636,44131,24477
155,0,2038,43856,18370,0,0,0,43930,44895,41602,40567,41489,41134,40904,40020,46633
155,0,2039,20622,42900,0,0,0,45362,44580,45804,42390,20390,46288,40831,46005,188
156,0,2017,34465,20558,0,0,0,23266,36495,607,35393,34465,35508,39882,27449,27921
156,0,2018,20000,34641,0,0,0,24071,26969,23280,36310,34465,35467,39882,36481,38389
156,0,2019,19912,1166,0,0,0,1715,1300,787,28873,39611,20200,21529,22824,28640
156,0,2020,19658,19492,0,0,0,39856,24026,35818,870,20282,1114,19464,1074,28640
156,0,2021,22761,40943,0,0,0,28028,38785,20798,2090,20049,1993,23275,22761,38787
156,0,2022,19911,22762,0,0,0,41415,39881,33439,19443,26823,22694,20953,21148,40534
156,0,2023,20907,20907,0,0,0,42691,415,41910,34705,40329,25476,41467,208,41816
156,0,2024,208,22498,0,0,0,40146,2126,11020,40653,19417,31057,33463,32934,1963
156,0,2025,34237,34237,0,0,0,41163,35182,21303,39500,31057,32814,33463,41510,40438
156,0,2026,20491,43299,0,0,0,0,0,1358,34296,31057,42546,33463,40795,1644
156,0,2027,39549,39549,0,0,0,0,0,40180,41191,853,20483,33463,43731,39530
156,0,2028,33463,1213,0,0,0,40202,40498,43455,41150,35663,38770,33463,42764,20910
156,0,2029,549,37682,0,0,0,42413,38828,21694,34783,40327,37581,34359,43367,32889
156,0,2030,40272,42413,0,0,0,21524,38402,381,35378,37635,41580,38510,40698,38768
156,0,2031,19249,40906,0,0,0,39553,1117,30558,28077,1711,40435,39971,27867,41200
156,0,2032,22231,40906,0,0,0,33653,43362,40580,38861,41573,40023,39971,27867,38780
156,0,2033,20423,1527,0,0,0,25531,34002,27381,38866,41842,42480,39971,22795,42606
156,0,2034,36540,42048,0,0,0,19213,38549,20740,21256,2078,38329,38521,43810,43185
156,0,2035,36517,42800,0,0,0,22664,23308,44055,24072,23131,41338,43004,21409,28571
156,0,2036,27150,1413,0,0,0,454,44167,44055,44603,41186,22669,24519,26201,43988
156,0,2037,27856,19095,0,0,0,34531,37666,24078,22793,19424,22669,44936,24030,1512
156,0,2038,2099,42048,0,0,0,45460,19440,38493,44004,19424,44799,44936,44820,19335
156,0,2039,30057,30057,0,0,0,20439,43731,43212,20174,21795,37497,44159,38154,21181
157,0,2017,102,34988,0,0,0,35970,35313,38077,661,35569,251,33427,1305,34582
157,0,2018,1660,36660,0,0,0,21689,1187,23669,39756,20357,36048,34370,20125,23671
157,0,2019,1660,38346,0,0,0,22315,19507,38989,21020,1660,23812,34440,19579,23671
157,0,2020,1945,1945,0,0,0,35380,27262,38396,20850,19989,21052,646,22592,237
157,0,2021,22494,1933,0,0,0,20339,38298,19789,1997,23043,40100,19290,20115,2297
157,0,2022,22494,1677,0,0,0,38072,23238,36008,19154,40107,26912,23503,39727,21836
157,0,2023,19571,19571,0,0,0,20333,40923,1021,39248,31644,20283,22063,39727,38997
157,0,2024,33583,33583,0,0,0,473,19880,41855,31638,32500,20283,22063,19449,400
157,0,2025,21402,21402,0,0,0,42874,30664,41279,31448,42541,33312,27779,32633,41325
157,0,2026,360,21402,0,0,0,0,0,41520,36691,32869,40222,36071,21872,20675
157,0,2027,31797,31797,0,0,0,0,0,32121,36691,41132,40222,487,38945,43190
157,0,2028,40616,39911,0,0,0,20716,40094,32121,31638,37873,41617,21258,37582,162
157,0,2029,41147,40759,0,0,0,38935,23381,1720,37427,41147,42101,19574,21302,40596
157,0,2030,20428,19217,0,0,0,20458,39052,35111,1923,41147,41236,34214,27936,39043
157,0,2031,23216,43712,0,0,0,43712,34046,36459,1923,1372,43546,487,515,42096
157,0,2032,42556,43689,0,0,0,41781,38524,35447,180,38794,33255,42744,30054,38597
157,0,2033,43671,40030,0,0,0,42845,41955,27451,43871,35874,22744,1645,553,880
157,0,2034,42556,22904,0,0,0,34887,26244,41103,21705,1730,22744,40737,39865,24688
157,0,2035,42556,20186,0,0,0,41119,34852,24688,21705,21783,202,39762,23350,40254
157,0,2036,20247,36072,0,0,0,44487,34852,42911,34213,202,36385,40842,44315,41624
157,0,2037,38086,35448,0,0,0,45206,20875,44804,34213,39531,44124,19196,46005,43370
157,0,2038,38400,41925,0,0,0,38142,2015,1504,24076,19264,42261,1823,44394,43370
157,0,2039,41671,38142,0,0,0,38142,40095,21012,24076,41671,43368,44024,44394,46031
158,0,2017,39298,39298,0,0,0,20137,20576,23669,21422,23600,25337,19487,23959,26248
158,0,2018,38522,36344,0,0,0,19314,20548,20436,38897,26583,38490,19487,39331,812
158,0,2019,1338,19918,0,0,0,1753,38882,360,1885,1338,39496,19487,39331,26937
158,0,2020,22002,22002,0,0,0,78,20420,360,1885,38992,39058,39015,23987,25152
158,0,2021,25834,19314,0,0,0,21944,38324,25462,1885,1793,39251,23409,41466,19898
158,0,2022,24355,24355,0,0,0,38613,27868,20673,22769,21997,40192,28473,19465,19904
158,0,2023,19795,20586,0,0,0,76,28035,20693,27009,1394,42429,41537,42580,41497
158,0,2024,25834,40903,0,0,0,48,42437,32919,41191,33240,36662,36102,32633,43056
158,0,2025,36482,36482,0,0,0,48,42710,20693,41191,32190,36662,36102,30321,42457
158,0,2026,23930,41291,0,0,0,0,0,20175,38610,28894,0,43587,21330,20927
158,0,2027,42803,42803,0,0,0,0,0,28326,19578,40481,31351,36053,40769,36925
158,0,2028,42942,41063,0,0,0,22793,37620,28175,19578,42942,19865,36053,40769,34456
158,0,2029,25764,1406,0,0,0,38246,37620,2057,19578,31810,39930,32281,34456,36407
158,0,2030,22231,34266,0,0,0,0,1431,40799,40188,40706,40213,40091,40080,33442
158,0,2031,22231,36079,0,0,0,41514,35417,41302,19463,20129,41293,35594,40080,39878
158,0,2032,41221,42346,0,0,0,41514,31917,41221,40720,35508,41933,23644,42199,36248
158,0,2033,41221,40833,0,0,0,41514,42065,41221,42912,35508,26918,42127,36208,39865
158,0,2034,31542,19305,0,0,0,19305,33375,38981,34212,41186,42698,40199,39894,41399
158,0,2035,41561,38051,0,0,0,42732,37768,35929,39993,40504,44066,37640,34725,37412
158,0,2036,41692,41692,0,0,0,41692,40007,39547,38330,25628,44145,40532,27527,38533
158,0,2037,36804,40000,0,0,0,38914,40007,20924,42544,45067,41900,34849,36837,38533
158,0,2038,23472,44534,0,0,0,30057,32089,20924,44048,38566,1429,32924,45312,38191
158,0,2039,20924,1819,0,0,0,46227,19220,20924,45021,38566,43803,40334,47151,45450
159,0,2017,20509,21784,0,0,0,27920,27262,36430,19510,20509,20811,28496,27167,20896
159,0,2018,34436,19818,0,0,0,20776,19201,853,23059,19989,39010,21017,27167,19268
159,0,2019,1923,1923,0,0,0,1653,23918,19539,39028,20248,23242,21017,23225,26483
159,0,2020,23235,309,0,0,0,2026,19880,1371,39028,1671,40102,22559,20789,22697
159,0,2021,2032,2032,0,0,0,21912,21182,19512,22537,40679,26912,19351,20789,19268
159,0,2022,23401,23401,0,0,0,39409,764,1021,22537,21140,20283,1172,40198,38997
159,0,2023,41519,41519,0,0,0,21632,23205,29180,41606,33206,40149,41548,41967,22538
159,0,2024,41764,35601,0,0,0,41032,31699,25480,41024,34079,41617,35556,28725,42243
159,0,2025,40291,40291,0,0,0,42708,24339,41368,19269,33199,42816,35568,23060,23930
159,0,2026,31642,31642,0,0,0,1778,0,0,0,0,0,0,0,0
159,0,2027,36309,36309,0,0,0,0,0,0,0,0,0,0,0,0
159,0,2028,21642,43752,0,0,0,19728,20733,36384,1414,18366,43099,1817,845,29819
159,0,2029,42410,43710,0,0,0,20030,39052,40133,36415,19713,38108,21755,40122,29819
159,0,2030,43671,19500,0,0,0,19500,38658,40133,43546,18113,34698,39259,33036,40402
159,0,2031,43671,20186,0,0,0,20186,19329,40133,35374,18113,33255,39259,42410,35661
159,0,2032,1757,38456,0,0,0,40140,40115,40133,33712,18113,31901,33502,42410,1757
159,0,2033,38716,36072,0,0,0,41381,833,40133,39642,40607,31901,40837,40645,41466
159,0,2034,1757,38456,0,0,0,28370,33321,32625,542,18113,40728,27979,41431,24655
159,0,2035,1757,42001,0,0,0,38413,27850,34782,542,18113,35639,41540,41431,38265
159,0,2036,40596,26024,0,0,0,34545,36717,33493,41884,40607,43037,40817,41431,43370
159,0,2037,33493,219,0,0,0,21768,41078,33493,20286,27226,42261,30677,20808,22086
159,0,2038,43303,37558,0,0,0,45484,43303,42534,20286,46077,45909,698,38154,22086
159,0,2039,43493,45685,0,0,0,1267,44596,46321,20286,22133,43493,43640,21194,43656
160,0,2017,27492,18495,0,0,0,23065,1208,35982,25915,36521,39072,38332,20749,27390
160,0,2018,805,1249,0,0,0,1909,39881,21890,1885,23512,26718,19996,39100,27390
160,0,2019,19761,20053,0,0,0,28197,1496,25908,680,39026,22066,815,33053,19802
160,0,2020,23929,22428,0,0,0,39755,39014,20894,34913,39842,38830,544,21148,26933
160,0,2021,21118,21118,0,0,0,39277,27761,19756,39248,23092,40192,1738,39001,20517
160,0,2022,19629,41993,0,0,0,1862,27939,41017,19758,272,22711,27992,40575,27360
160,0,2023,19267,1950,0,0,0,43295,38676,1408,42529,31549,31044,43282,42539,42457
160,0,2024,19496,34981,0,0,0,23122,39364,42578,41589,31549,460,12020,42208,42457
160,0,2025,19829,19829,0,0,0,23122,19267,648,41589,20066,41203,43280,32332,618
160,0,2026,34031,570,0,0,0,0,0,35096,0,34031,37965,35700,0,35139
160,0,2027,38937,38937,0,0,0,0,0,2067,39089,43470,39849,41767,26921,23981
160,0,2028,43568,29815,0,0,0,40160,40120,29067,19738,40334,42468,36719,40698,40080
160,0,2029,25641,21988,0,0,0,21988,25871,40799,40185,36398,40435,40866,40698,22035
160,0,2030,39260,35199,0,0,0,38740,38360,38285,35892,40386,40963,20440,39842,32640
160,0,2031,41221,41132,0,0,0,19948,41230,38285,27860,29547,1067,41844,41136,38599
160,0,2032,38301,42659,0,0,0,37906,31561,33534,42157,1730,21620,41201,38494,42092
160,0,2033,42291,20309,0,0,0,42720,31561,33534,39376,39464,38610,26753,42092,1845
160,0,2034,35633,42403,0,0,0,40727,19182,36517,40948,24246,44522,40090,40257,42868
160,0,2035,39026,39026,0,0,0,40727,1751,35457,40948,35598,21259,41761,24030,42868
160,0,2036,42847,2042,0,0,0,41497,41749,36177,40567,41900,21259,41761,20443,21455
160,0,2037,19689,19689,0,0,0,24481,42389,46155,20174,47382,45020,46228,19397,23746
160,0,2038,25756,46073,0,0,0,45687,19610,45842,20174,21714,26782,32667,33652,23746
160,0,2039,22044,22044,0,0,0,47020,47450,44398,25113,36412,46563,39875,47230,23746
161,0,2017,27536,27265,0,0,0,34673,19840,33994,20597,27315,27634,34370,27536,22783
161,0,2018,25021,40514,0,0,0,26874,27816,34786,20185,40070,39404,750,28443,38198
161,0,2019,40070,19720,0,0,0,19825,2130,28578,39403,40070,1755,19517,1261,39229
161,0,2020,39525,23061,0,0,0,24236,35826,23009,22799,20248,39763,26897,39800,39229
161,0,2021,28281,28088,0,0,0,24108,38998,24539,40311,21479,39064,1367,39800,22929
161,0,2022,22929,31525,0,0,0,22907,1398,27406,41761,32500,1609,40258,39800,25990
161,0,2023,39396,12193,0,0,0,25361,22930,41572,41577,41594,41490,41684,40198,41560
161,0,2024,42392,21632,0,0,0,40617,26374,40829,38118,40108,38008,41420,40198,41028
161,0,2025,41694,41251,0,0,0,33339,35668,25480,41188,35520,40110,37970,33429,41028
161,0,2026,676,41832,0,0,0,0,0,19677,41188,40577,42717,2108,33429,36269
161,0,2027,43104,43559,0,0,0,0,27167,1681,22052,33310,43365,20428,1758,2108
161,0,2028,41147,42108,0,0,0,20458,546,1681,22052,25906,43365,20428,1758,38681
161,0,2029,43558,43558,0,0,0,43558,36930,34641,1651,35520,27097,40261,41995,27422
161,0,2030,29819,34475,0,0,0,43558,33680,37472,40227,35520,40760,40756,42987,29819
161,0,2031,29819,19645,0,0,0,36365,19894,40587,39500,38144,40908,40756,29819,42987
161,0,2032,42987,38513,0,0,0,28020,165,20296,40527,40129,40908,40756,29819,42987
161,0,2033,42987,42664,0,0,0,41929,33680,43149,25157,20771,2141,40756,38192,42987
161,0,2034,40756,38079,0,0,0,38079,33680,44001,39642,40069,36732,42641,42987,36083
161,0,2035,41742,43458,0,0,0,36645,37577,44001,23555,40130,42795,24811,41742,41673
161,0,2036,33192,39436,0,0,0,22709,36711,40427,37505,40100,36332,24811,19196,20117
161,0,2037,21868,42419,0,0,0,38165,23142,35211,1792,45156,36332,41927,34624,34272
161,0,2038,34776,39345,0,0,0,45190,23142,34782,38633,33437,42945,41927,24132,43466
161,0,2039,25089,25089,0,0,0,25022,33536,45548,38190,46489,30943,24132,45312,44360
172,0,2017,19412,26470,0,0,0,34367,26574,37951,38253,26936,25065,29327,36481,37438
172,0,2018,33430,24909,0,0,0,591,248,416,21754,35383,39550,19464,39254,38976
172,0,2019,646,1379,0,0,0,20063,19851,38077,1388,38887,245,38309,22592,38479
172,0,2020,20897,22885,0,0,0,19335,19037,26830,38168,24245,1993,35388,22966,38976
172,0,2021,32,24527,0,0,0,19453,22785,23228,19941,38528,23547,24176,38894,40258
172,0,2022,22961,1635,0,0,0,39114,19851,18260,1729,38528,22655,38923,22575,23748
172,0,2023,22541,20709,0,0,0,36223,19851,41219,40653,40352,40695,23639,41119,20972
172,0,2024,35025,39497,0,0,0,42608,35081,39272,23517,34900,36486,39129,34694,37424
172,0,2025,39897,37569,0,0,0,40736,40521,35078,41239,23469,35870,39129,34694,29819
172,0,2026,41368,21484,0,0,0,0,34903,41368,42039,42265,41156,39737,29819,41304
172,0,2027,42361,43110,0,0,0,0,35068,39994,42715,36469,38734,38567,34255,42885
172,0,2028,34773,41887,0,0,0,40196,20081,40584,1616,36469,23513,39913,34861,42970
172,0,2029,42058,40248,0,0,0,21378,43566,40584,1126,39780,38841,34990,515,26092
172,0,2030,43633,28112,0,0,0,1667,43678,40584,42715,19651,43507,35698,23717,39213
172,0,2031,39128,36756,0,0,0,24866,43678,1528,32917,19920,42063,40929,2047,1029
172,0,2032,38843,32492,0,0,0,24069,20048,23542,20798,19920,21164,33566,19731,1737
172,0,2033,38843,39741,0,0,0,44574,1473,42225,542,19920,20784,1051,19731,43619
172,0,2034,40584,1152,0,0,0,1864,1473,43969,43423,19920,38438,1178,44023,43619
172,0,2035,21873,19283,0,0,0,44468,43908,41963,22546,19920,41134,1178,22271,43619
172,0,2036,40260,1364,0,0,0,1364,21693,21789,44091,41134,44522,1496,44023,42811
172,0,2037,27272,20137,0,0,0,23770,46669,42534,43284,22624,43232,43251,22825,42811
172,0,2038,27272,39834,0,0,0,44093,47409,47021,43747,44522,40396,20652,19397,46702
172,0,2039,27272,47364,0,0,0,22387,22073,46320,46572,41913,46661,20455,27622,45861
100,0,2039,43636,47195,0,0,0,47195,43299,44062,46494,46491,46903,42785,43971,46822
100,1,2039,38747,42758,0,0,0,41393,41273,38171,41832,39732,36102,41722,42276,40679
100,0,2040,43773,42609,0,0,0,42493,43281,42794,46803,44084,46196,43880,43796,46822
100,1,2040,41885,38794,0,0,0,40951,38747,42307,40895,42691,42686,41212,41097,42195
101,0,2039,27340,20923,0,0,0,21964,21419,24449,28470,33904,20740,22614,33075,20958
101,1,2039,713,20475,0,0,0,48956,2044,19917,48864,19314,20090,48869,48966,20051
101,0,2040,21769,39300,0,0,0,39975,34019,26608,22234,35132,20740,26522,26003,24449
101,1,2040,270,35127,0,0,0,33911,36362,19917,19854,33715,280,36575,48966,48916
102,0,2039,49420,49080,0,0,0,49380,49160,49068,49012,49338,49139,49090,49169,49417
102,1,2039,49634,49928,0,0,0,49505,49533,49961,49562,49888,49564,49720,49766,49844
102,0,2040,49119,31695,0,0,0,49197,49359,33083,49418,49138,49114,49316,49266,49292
102,1,2040,49595,24117,0,0,0,24117,49484,49695,50145,23668,49964,49645,50016,24451
103,0,2039,50114,50032,0,0,0,50107,50084,50036,50064,50088,50095,50045,50091,50120
103,1,2039,50191,50147,0,0,0,50129,50210,50168,50262,50163,50189,50217,50166,50267
103,0,2040,22632,22479,0,0,0,49971,50059,21855,50118,50088,50095,22184,20723,22567
103,1,2040,21583,21308,0,0,0,21308,50210,22298,50239,21664,50189,21078,21016,20904
