team_id,year,league_id,level_id,split_id,pa,ab,h,k,tb,s,d,t,hr,sb,cs,rbi,r,bb,ibb,hp,sh,sf,ci,gdp,g,gs,ebh,pitches_seen,avg,obp,slg,rc,rc27,iso,woba,ops,sbp
31,2040,145,1,0,1964,1786,471,389,729,320,93,9,49,28,14,248,255,142,6,9,12,15,0,35,51,459,151,0,0.2637,0.3186,0.4082,232.0300,4.5038,0.1445,0.3099,0.7268,66.6667
32,2040,145,1,0,2031,1835,467,467,695,330,89,5,43,33,10,220,228,158,2,15,7,16,0,40,53,477,137,0,0.2545,0.3162,0.3787,223.2704,4.1834,0.1243,0.2969,0.6950,76.7442
33,2040,145,1,0,2050,1851,440,498,714,289,83,13,55,22,8,211,220,162,5,16,12,9,0,36,54,486,151,0,0.2377,0.3032,0.3857,218.7752,4.0020,0.1480,0.2976,0.6890,73.3333
34,2040,145,1,0,2030,1826,452,393,762,280,99,8,65,9,1,229,241,166,4,22,3,13,0,58,53,477,172,0,0.2475,0.3157,0.4173,235.5025,4.3882,0.1698,0.3195,0.7330,90.0000
35,2040,145,1,0,1951,1719,401,477,730,224,98,6,73,0,2,227,229,195,7,20,10,7,0,40,51,459,177,0,0.2333,0.3174,0.4247,233.2835,4.5742,0.1914,0.3236,0.7420,0.0000
36,2040,145,1,0,2046,1855,419,495,624,292,82,12,33,28,14,165,175,158,5,16,5,12,0,40,54,486,127,0,0.2259,0.2905,0.3364,182.1272,3.2631,0.1105,0.2701,0.6269,66.6667
37,2040,145,1,0,2090,1914,471,491,795,297,97,4,73,6,3,236,244,142,5,15,4,15,0,42,54,486,174,0,0.2461,0.3011,0.4154,236.4135,4.2357,0.1693,0.3002,0.7164,66.6667
38,2040,145,1,0,2052,1833,511,429,834,324,109,20,58,23,16,269,284,179,4,17,10,13,0,37,53,477,187,0,0.2788,0.3462,0.4550,289.3408,5.5881,0.1762,0.3472,0.8012,58.9744
39,2040,145,1,0,2026,1817,426,513,713,267,91,8,60,6,6,224,233,184,5,9,7,9,0,33,53,477,159,0,0.2345,0.3066,0.3924,221.3848,4.1337,0.1580,0.3040,0.6990,50.0000
40,2040,145,1,0,2007,1814,526,349,816,356,104,12,54,26,9,259,272,150,9,16,9,18,0,42,51,459,170,0,0.2900,0.3463,0.4498,282.4552,5.5829,0.1599,0.3381,0.7962,74.2857
41,2040,145,1,0,1954,1769,426,404,654,294,81,6,45,13,3,200,211,149,14,18,9,9,0,37,52,468,132,0,0.2408,0.3049,0.3697,200.9082,3.8719,0.1289,0.2923,0.6746,81.2500
42,2040,145,1,0,2032,1841,465,484,801,287,95,8,75,11,3,255,267,146,5,22,8,13,2,46,54,486,178,0,0.2526,0.3131,0.4351,247.4146,4.6198,0.1825,0.3212,0.7481,78.5714
43,2040,145,1,0,1949,1773,401,438,733,245,61,14,81,30,11,217,225,140,7,23,5,7,1,33,53,477,156,0,0.2262,0.2903,0.4134,212.3244,4.0145,0.1873,0.2952,0.7037,73.1707
44,2040,145,1,0,2024,1841,438,473,619,334,61,9,34,8,3,177,182,144,4,21,7,11,0,49,54,486,104,0,0.2379,0.2990,0.3362,183.5886,3.3652,0.0983,0.2811,0.6352,72.7273
45,2040,145,1,0,1934,1777,433,412,677,290,90,5,48,23,10,175,181,132,3,8,8,9,0,42,52,468,143,0,0.2437,0.2975,0.3810,197.5759,3.7753,0.1373,0.2903,0.6785,69.6970
46,2040,145,1,0,2010,1821,431,544,696,270,103,12,46,7,4,195,201,160,3,13,3,12,1,34,54,486,161,0,0.2367,0.3011,0.3822,211.7612,3.9623,0.1455,0.2981,0.6833,63.6364
47,2040,145,1,0,2098,1854,503,408,829,311,118,14,60,36,11,265,278,198,18,20,9,17,0,35,54,486,192,0,0.2713,0.3451,0.4471,293.8213,5.5750,0.1758,0.3363,0.7923,76.5957
48,2040,145,1,0,2007,1800,463,444,762,299,94,5,65,19,9,239,245,163,10,25,5,14,0,39,51,459,164,0,0.2572,0.3252,0.4233,248.7833,4.7843,0.1661,0.3200,0.7485,67.8571
49,2040,145,1,0,1968,1770,436,419,679,303,75,6,52,28,6,212,217,168,6,12,8,9,1,36,52,468,133,0,0.2463,0.3144,0.3836,218.1725,4.2288,0.1373,0.3098,0.6981,82.3529
50,2040,145,1,0,1996,1804,478,434,793,306,93,15,64,30,11,265,271,147,4,20,9,16,0,18,52,468,172,0,0.2650,0.3246,0.4396,266.6391,5.2169,0.1746,0.3234,0.7642,73.1707
51,2040,145,1,0,2016,1784,450,408,807,274,81,9,86,23,16,269,275,191,1,19,12,10,0,30,53,477,176,0,0.2522,0.3293,0.4524,269.4595,5.1893,0.2001,0.3402,0.7817,58.9744
52,2040,145,1,0,1947,1798,467,385,779,298,94,7,68,38,10,237,247,113,6,20,5,11,0,34,52,468,169,0,0.2597,0.3090,0.4333,239.9053,4.6567,0.1735,0.3177,0.7422,79.1667
53,2040,145,1,0,2019,1802,422,446,716,261,92,5,64,24,10,207,210,183,8,15,6,12,1,39,53,477,161,0,0.2342,0.3082,0.3973,222.7522,4.1564,0.1632,0.3049,0.7055,70.5882
54,2040,145,1,0,2025,1834,458,492,741,298,92,13,55,34,8,213,221,146,5,25,9,11,0,25,52,468,160,0,0.2497,0.3120,0.4040,239.0593,4.5169,0.1543,0.3034,0.7160,80.9524
55,2040,145,1,0,2138,1919,537,302,729,411,88,10,28,20,12,214,229,180,11,14,11,14,0,56,54,486,126,0,0.2798,0.3437,0.3799,248.0761,4.5411,0.1001,0.3047,0.7236,62.5000
56,2040,145,1,0,1906,1702,415,422,657,266,96,13,40,29,23,201,207,176,2,11,4,13,0,39,51,459,149,0,0.2438,0.3165,0.3860,206.5429,4.0825,0.1422,0.3069,0.7025,55.7692
57,2040,145,1,0,1967,1806,465,410,729,304,106,7,48,29,15,221,234,121,3,23,6,11,0,25,53,477,161,0,0.2575,0.3106,0.4037,228.4042,4.4112,0.1462,0.3030,0.7142,65.9091
58,2040,145,1,0,2101,1948,568,316,897,387,102,10,69,17,8,278,287,101,3,26,4,21,1,49,55,495,181,0,0.2916,0.3316,0.4605,288.9472,5.3362,0.1689,0.3385,0.7921,68.0000
59,2040,145,1,0,2047,1808,514,364,831,330,111,13,60,37,13,263,276,199,4,15,17,8,0,48,53,477,184,0,0.2843,0.3586,0.4596,299.0715,5.8514,0.1753,0.3528,0.8182,74.0000
60,2040,145,1,0,2056,1839,470,477,782,308,80,14,68,21,12,228,240,192,3,15,0,10,0,31,53,477,162,0,0.2556,0.3293,0.4252,262.4686,4.9836,0.1697,0.3323,0.7545,63.6364
85,0,0,0,0,0,0,0,0,0,0,0,0,0,0,0,0,0,0,0,0,0,0,0,0,0,0,0,0,0.0000,0.0000,0.0000,0.0000,0.0000,0.0000,0.0000,0.0000,0.0000
86,0,0,0,0,0,0,0,0,0,0,0,0,0,0,0,0,0,0,0,0,0,0,0,0,0,0,0,0,0.0000,0.0000,0.0000,0.0000,0.0000,0.0000,0.0000,0.0000,0.0000
157,2040,146,2,0,1632,1487,415,351,612,294,73,20,28,65,30,185,198,101,8,16,12,14,2,19,42,378,121,0,0.2791,0.3288,0.4116,203.7667,4.7966,0.1325,0.0000,0.7404,68.4211
158,2040,146,2,0,1635,1444,389,341,557,269,94,4,22,26,15,195,200,145,7,32,7,6,1,24,41,369,120,0,0.2694,0.3479,0.3857,200.4406,4.8888,0.1163,0.0000,0.7336,63.4146
159,2040,146,2,0,1629,1489,420,317,625,284,95,13,28,26,17,180,189,116,14,10,3,10,1,17,42,378,136,0,0.2821,0.3360,0.4197,212.0963,5.1314,0.1377,0.0000,0.7557,60.4651
160,2040,146,2,0,1713,1493,399,394,660,259,76,7,57,62,17,228,236,172,8,21,19,8,0,20,43,387,140,0,0.2672,0.3495,0.4421,244.4138,5.6988,0.1748,0.0000,0.7915,78.4810
161,2040,146,2,0,1617,1478,366,377,556,249,78,5,34,25,10,155,166,101,7,18,8,11,1,17,43,387,117,0,0.2476,0.3016,0.3762,172.3168,4.0177,0.1286,0.0000,0.6778,71.4286
162,2040,147,2,0,1754,1549,451,403,664,316,93,6,36,29,16,228,238,160,8,18,14,12,1,19,43,387,135,0,0.2912,0.3617,0.4287,249.6630,5.8161,0.1375,0.0000,0.7904,64.4444
163,2040,146,2,0,1569,1395,378,315,551,273,65,12,28,50,29,175,184,129,11,22,9,14,0,10,41,369,105,0,0.2710,0.3391,0.3950,195.3004,4.8870,0.1240,0.0000,0.7341,63.2911
164,2040,146,2,0,1663,1484,419,361,610,294,89,6,30,50,44,218,227,141,18,16,10,12,0,14,43,387,125,0,0.2823,0.3485,0.4111,212.9251,5.0209,0.1287,0.0000,0.7595,53.1915
165,2040,146,2,0,1595,1453,352,411,485,260,68,7,17,43,18,119,131,106,7,12,19,5,0,11,42,378,92,0,0.2423,0.2982,0.3338,151.7095,3.5495,0.0915,0.0000,0.6320,70.4918
166,2040,146,2,0,1581,1419,341,393,527,223,80,8,30,22,13,162,176,126,11,19,6,11,0,20,42,378,118,0,0.2403,0.3086,0.3714,166.7934,3.9924,0.1311,0.0000,0.6800,62.8571
167,2040,146,2,0,1712,1512,423,383,696,271,88,7,57,16,8,233,241,154,7,22,9,15,0,15,43,387,152,0,0.2798,0.3517,0.4603,255.9499,6.0833,0.1806,0.0000,0.8120,66.6667
168,2040,146,2,0,1715,1513,425,329,639,288,93,11,33,35,11,239,248,158,13,25,7,12,0,18,42,378,137,0,0.2809,0.3560,0.4223,240.1348,5.7074,0.1414,0.0000,0.7783,76.0870
169,2040,146,2,0,1641,1474,385,381,554,270,84,8,23,42,31,167,177,135,16,12,9,11,0,19,43,387,115,0,0.2612,0.3260,0.3758,182.1966,4.2444,0.1147,0.0000,0.7018,57.5342
170,2040,146,2,0,1631,1464,382,351,542,268,88,6,20,10,9,166,170,131,11,14,15,6,1,21,42,378,114,0,0.2609,0.3263,0.3702,180.7982,4.3085,0.1093,0.0000,0.6965,52.6316
171,2040,147,2,0,1769,1560,519,408,815,337,115,20,47,88,23,293,314,173,15,17,8,11,0,17,43,387,182,0,0.3327,0.4026,0.5224,346.4656,8.5042,0.1897,0.0000,0.9250,79.2793
172,2040,147,2,0,1828,1590,499,320,736,357,91,7,44,69,26,271,282,190,11,22,12,14,0,23,43,387,142,0,0.3138,0.3915,0.4629,303.3539,7.0245,0.1491,0.0000,0.8544,72.6316
173,2040,147,2,0,1704,1503,436,345,675,299,82,8,47,32,10,236,251,165,3,16,10,9,1,41,43,387,137,0,0.2901,0.3644,0.4491,248.5348,5.9019,0.1590,0.0000,0.8135,76.1905
174,2040,147,2,0,1753,1549,457,335,692,317,87,11,42,61,24,243,257,165,9,25,5,9,0,25,43,387,140,0,0.2950,0.3701,0.4467,265.4192,6.2046,0.1517,0.0000,0.8169,71.7647
175,2040,147,2,0,1780,1550,471,394,754,314,91,6,60,54,21,257,271,185,11,22,9,14,0,33,43,387,157,0,0.3039,0.3828,0.4865,296.2247,6.9187,0.1826,0.0000,0.8693,72.0000
176,2040,146,2,0,1651,1470,382,342,543,274,78,7,23,53,31,148,157,139,8,18,10,14,0,18,43,387,108,0,0.2599,0.3285,0.3694,184.5380,4.2916,0.1095,0.0000,0.6978,63.0952
177,2040,147,2,0,1768,1563,487,384,740,336,92,16,43,66,17,257,270,163,12,17,9,14,2,21,43,387,151,0,0.3116,0.3796,0.4734,295.6086,7.0197,0.1619,0.0000,0.8531,79.5181
178,2040,147,2,0,1799,1591,522,367,822,344,110,14,54,47,18,287,305,172,6,16,8,11,1,30,43,387,178,0,0.3281,0.3966,0.5167,332.7084,7.9077,0.1886,0.0000,0.9133,72.3077
179,2040,147,2,0,1795,1545,444,451,742,277,95,13,59,29,17,273,295,214,19,19,7,10,0,25,43,387,167,0,0.2874,0.3786,0.4803,290.6354,6.7648,0.1929,0.0000,0.8589,63.0435
180,2040,147,2,0,1690,1496,414,405,662,257,103,17,37,33,20,234,254,166,6,12,5,11,0,25,43,387,157,0,0.2767,0.3513,0.4425,236.9902,5.5982,0.1658,0.0000,0.7938,62.2642
181,2040,147,2,0,1698,1518,429,443,641,305,77,6,41,31,11,198,212,133,5,21,12,13,1,36,43,387,124,0,0.2826,0.3460,0.4223,223.8945,5.2068,0.1397,0.0000,0.7683,73.8095
182,2040,147,2,0,1719,1484,417,412,670,279,72,17,49,61,20,250,261,194,9,22,8,11,0,25,43,387,138,0,0.2810,0.3700,0.4515,261.8191,6.2503,0.1705,0.0000,0.8214,75.3086
183,2040,147,2,0,1756,1604,487,443,795,324,85,11,67,22,17,256,274,123,3,12,8,8,1,17,43,387,163,0,0.3036,0.3560,0.4956,284.4781,6.5818,0.1920,0.0000,0.8517,56.4103
184,2040,147,2,0,1739,1524,411,457,625,279,88,6,38,40,8,210,221,160,9,21,16,17,1,22,43,387,132,0,0.2697,0.3438,0.4101,228.8355,5.2539,0.1404,0.0000,0.7539,83.3333
185,2040,147,2,0,1793,1594,514,371,785,350,102,17,45,60,21,270,281,167,11,17,5,10,0,22,43,387,164,0,0.3225,0.3904,0.4925,317.4467,7.5317,0.1700,0.0000,0.8829,74.0741
186,2040,147,2,0,1742,1545,483,365,716,333,102,13,35,52,13,257,273,158,11,18,9,12,0,25,43,387,150,0,0.3126,0.3803,0.4634,284.0701,6.8420,0.1508,0.0000,0.8437,80.0000
187,2040,148,3,0,1926,1742,489,424,712,341,106,9,33,34,19,217,232,148,5,17,10,9,0,27,49,441,148,0,0.2807,0.3413,0.4087,246.5967,5.0517,0.1280,0.0000,0.7501,64.1509
188,2040,148,3,0,2166,1872,570,445,901,390,98,13,69,47,17,346,365,247,3,33,6,8,0,30,50,450,180,0,0.3045,0.3935,0.4813,372.4867,7.3787,0.1768,0.0000,0.8748,73.4375
189,2040,148,3,0,1997,1742,523,429,811,352,109,7,55,54,26,311,326,212,9,21,12,10,0,15,49,441,171,0,0.3002,0.3809,0.4656,325.3698,6.8526,0.1653,0.0000,0.8464,67.5000
190,2040,148,3,0,1944,1734,482,407,710,346,85,10,41,61,18,236,250,157,6,20,17,16,0,21,50,450,136,0,0.2780,0.3420,0.4095,256.2093,5.2248,0.1315,0.0000,0.7514,77.2152
191,2040,148,3,0,1961,1730,499,390,795,331,97,14,57,39,29,272,284,183,2,29,4,15,0,25,50,450,168,0,0.2884,0.3633,0.4595,294.7488,6.1029,0.1711,0.0000,0.8228,57.3529
192,2040,148,3,0,1988,1749,487,415,743,329,105,8,45,52,11,260,281,188,5,28,8,14,1,25,50,450,158,0,0.2784,0.3552,0.4248,280.7442,5.7425,0.1464,0.0000,0.7800,82.5397
193,2040,148,3,0,2000,1806,470,485,688,327,101,9,33,45,22,217,233,166,6,12,6,10,0,19,50,450,143,0,0.2602,0.3250,0.3810,232.0075,4.4969,0.1207,0.0000,0.7059,67.1642
194,2040,148,3,0,2062,1783,535,350,847,352,111,15,57,87,26,325,343,231,19,16,13,19,0,13,50,450,183,0,0.3001,0.3816,0.4750,348.8569,7.1411,0.1750,0.0000,0.8567,76.9912
195,2040,148,3,0,1865,1697,423,496,624,285,98,17,23,56,21,174,181,132,6,16,9,11,0,14,50,450,138,0,0.2493,0.3077,0.3677,201.3061,4.0897,0.1184,0.0000,0.6754,72.7273
196,2040,148,3,0,1985,1757,484,462,746,318,112,12,42,41,26,236,254,189,2,16,11,12,0,31,50,450,166,0,0.2755,0.3490,0.4246,264.9178,5.2866,0.1491,0.0000,0.7736,61.1940
197,2040,148,3,0,2134,1856,584,360,931,394,99,25,66,65,24,356,381,229,7,27,5,17,0,25,50,450,190,0,0.3147,0.3946,0.5016,385.8553,7.7573,0.1870,0.0000,0.8962,73.0337
198,2040,148,3,0,1998,1763,509,377,721,375,92,6,36,82,23,252,277,189,3,21,10,14,1,28,50,450,134,0,0.2887,0.3619,0.4090,277.6164,5.6401,0.1202,0.0000,0.7708,78.0952
199,2040,149,3,0,1900,1678,459,411,699,320,79,19,41,81,26,238,251,180,17,18,10,14,0,32,49,441,139,0,0.2735,0.3476,0.4166,252.4186,5.2385,0.1430,0.0000,0.7642,75.7009
200,2040,149,3,0,1950,1739,434,490,643,299,97,2,36,36,9,194,210,176,8,21,6,8,0,28,51,459,135,0,0.2496,0.3246,0.3698,218.7565,4.3558,0.1202,0.0000,0.6943,80.0000
201,2040,149,3,0,2001,1740,473,422,712,329,92,9,43,88,28,235,248,215,7,18,11,17,0,29,50,450,144,0,0.2718,0.3548,0.4092,269.5507,5.3830,0.1374,0.0000,0.7640,75.8621
202,2040,149,3,0,1962,1718,425,492,673,281,85,14,45,76,27,219,247,198,5,30,11,5,0,22,50,450,144,0,0.2474,0.3347,0.3917,239.7591,4.7669,0.1444,0.0000,0.7264,73.7864
203,2040,149,3,0,1963,1715,463,428,657,333,92,12,26,64,24,229,244,199,6,30,9,10,0,34,50,450,130,0,0.2700,0.3541,0.3831,244.8603,4.9746,0.1131,0.0000,0.7372,72.7273
204,2040,149,3,0,1880,1666,437,477,692,295,79,13,50,54,25,213,226,168,15,14,17,14,1,25,50,450,142,0,0.2623,0.3324,0.4154,236.0850,4.8659,0.1531,0.0000,0.7478,68.3544
205,2040,149,3,0,1932,1724,435,547,711,274,96,15,50,41,19,204,215,171,6,23,5,9,0,23,50,450,161,0,0.2523,0.3264,0.4124,239.5641,4.8091,0.1601,0.0000,0.7388,68.3333
206,2040,149,3,0,2035,1774,475,444,731,334,78,11,52,52,18,244,267,213,17,20,14,14,0,37,50,450,141,0,0.2678,0.3503,0.4121,265.9363,5.1956,0.1443,0.0000,0.7624,74.2857
207,2040,149,3,0,1885,1678,431,453,708,271,98,7,55,78,27,223,235,163,8,24,10,9,1,21,50,450,160,0,0.2569,0.3298,0.4219,243.5449,5.0043,0.1651,0.0000,0.7517,74.2857
208,2040,149,3,0,1990,1752,520,388,845,345,93,14,68,82,27,298,312,176,11,35,18,9,0,24,50,450,175,0,0.2968,0.3707,0.4823,325.8806,6.7166,0.1855,0.0000,0.8530,75.2294
209,2040,150,3,0,1920,1699,442,392,613,334,73,7,28,55,22,200,216,167,4,26,17,10,1,30,50,450,108,0,0.2602,0.3339,0.3608,214.1150,4.3272,0.1006,0.0000,0.6947,71.4286
210,2040,150,3,0,1937,1783,485,433,790,310,103,14,58,53,14,235,240,122,1,17,6,8,1,25,50,450,175,0,0.2720,0.3233,0.4431,260.0833,5.1978,0.1711,0.0000,0.7664,79.1045
211,2040,150,3,0,1922,1692,392,456,592,272,77,6,37,72,24,195,205,188,3,24,7,11,0,22,50,450,120,0,0.2317,0.3154,0.3499,201.2342,3.9834,0.1182,0.0000,0.6653,75.0000
212,2040,150,3,0,1881,1694,439,396,689,288,95,13,43,75,25,213,233,141,4,18,18,10,0,27,50,450,151,0,0.2591,0.3210,0.4067,227.2417,4.5959,0.1476,0.0000,0.7277,75.0000
213,2040,150,3,0,2007,1827,541,375,828,364,117,10,50,45,28,258,274,131,5,27,11,11,0,34,50,450,177,0,0.2961,0.3502,0.4532,286.4818,5.6460,0.1571,0.0000,0.8034,61.6438
214,2040,150,3,0,1911,1709,439,427,686,283,106,9,41,76,32,206,219,151,11,32,8,10,1,34,50,450,156,0,0.2569,0.3270,0.4014,226.9412,4.5254,0.1445,0.0000,0.7284,70.3704
215,2040,150,3,0,1940,1730,465,392,699,323,92,8,42,70,28,215,231,160,12,25,12,13,0,30,50,450,142,0,0.2688,0.3371,0.4040,242.1036,4.8493,0.1353,0.0000,0.7412,71.4286
216,2040,150,3,0,2082,1855,553,382,801,374,137,15,27,41,25,256,282,172,10,29,15,11,0,31,50,450,179,0,0.2981,0.3648,0.4318,296.8679,5.7915,0.1337,0.0000,0.7966,62.1212
218,2040,151,4,0,1969,1734,472,440,749,297,114,20,41,74,40,251,268,188,15,22,15,10,0,21,50,450,175,0,0.2722,0.3490,0.4319,268.4524,5.3770,0.1597,0.0000,0.7810,64.9123
219,2040,151,4,0,1945,1738,454,477,745,276,112,19,47,70,19,218,234,157,7,23,13,14,0,15,50,450,178,0,0.2612,0.3282,0.4287,259.2555,5.2044,0.1674,0.0000,0.7568,78.6517
220,2040,151,4,0,2015,1781,487,480,769,322,99,15,51,57,12,248,256,183,3,31,7,13,0,23,50,450,165,0,0.2734,0.3491,0.4318,285.5372,5.7150,0.1583,0.0000,0.7809,82.6087
221,2040,151,4,0,2023,1814,545,425,881,357,107,14,67,21,7,291,302,144,9,33,21,10,1,29,50,450,188,0,0.3004,0.3608,0.4857,322.8882,6.5254,0.1852,0.0000,0.8465,75.0000
223,2040,151,4,0,1942,1751,431,598,764,247,102,15,67,31,20,215,220,143,11,28,12,8,0,17,50,450,184,0,0.2461,0.3119,0.4363,242.0946,4.7470,0.1902,0.0000,0.7482,60.7843
224,2040,151,4,0,1962,1752,481,474,832,285,110,17,69,69,18,254,281,161,8,33,5,11,0,24,50,450,196,0,0.2745,0.3449,0.4749,298.2908,6.0601,0.2003,0.0000,0.8198,79.3103
225,2040,152,4,0,1719,1516,433,339,603,316,87,7,23,47,28,186,195,152,12,23,17,11,0,19,43,387,117,0,0.2856,0.3572,0.3978,223.3491,5.2076,0.1121,0.0000,0.7550,62.6667
226,2040,151,4,0,1928,1748,490,478,766,317,117,9,47,81,31,228,236,136,9,24,10,10,0,23,50,450,173,0,0.2803,0.3389,0.4382,265.1644,5.3750,0.1579,0.0000,0.7771,72.3214
227,2040,152,4,0,1647,1464,348,507,541,221,89,10,28,47,27,152,165,145,6,27,5,6,0,16,43,387,127,0,0.2377,0.3167,0.3695,177.9178,4.1058,0.1318,0.0000,0.6862,63.5135
228,2040,153,4,0,2014,1779,476,358,665,358,74,17,27,36,23,203,214,169,6,36,15,15,0,27,50,450,118,0,0.2676,0.3407,0.3738,235.3122,4.5939,0.1062,0.0000,0.7145,61.0169
229,2040,152,4,0,1727,1492,451,331,763,287,81,18,65,62,26,276,287,196,13,21,5,13,0,24,43,387,164,0,0.3023,0.3879,0.5114,306.9030,7.4719,0.2091,0.0000,0.8993,70.4545
230,2040,152,4,0,1678,1475,384,312,531,279,80,8,17,80,37,174,189,162,10,18,15,8,0,13,43,387,105,0,0.2603,0.3391,0.3600,192.5999,4.4675,0.0997,0.0000,0.6991,68.3761
231,2040,152,4,0,1680,1484,411,347,586,304,70,6,31,29,14,192,204,149,11,29,11,7,0,22,43,387,107,0,0.2770,0.3529,0.3949,215.2289,5.1563,0.1179,0.0000,0.7478,67.4419
232,2040,152,4,0,1639,1456,365,375,570,240,82,6,37,38,16,180,187,145,8,24,7,6,1,25,43,387,125,0,0.2507,0.3274,0.3915,192.1376,4.5308,0.1408,0.0000,0.7189,70.3704
233,2040,151,4,0,1960,1749,479,520,797,310,89,11,69,62,30,253,266,179,5,20,5,7,0,22,50,450,169,0,0.2739,0.3468,0.4557,282.9520,5.7269,0.1818,0.0000,0.8025,67.3913
234,2040,152,4,0,1601,1412,330,406,509,224,66,7,33,37,28,157,164,131,14,35,16,7,0,17,43,387,106,0,0.2337,0.3129,0.3605,163.3065,3.8342,0.1268,0.0000,0.6734,56.9231
236,2040,153,4,0,1868,1684,449,463,668,316,83,14,36,72,58,218,234,146,5,22,6,10,0,24,50,450,133,0,0.2666,0.3314,0.3967,216.5604,4.3864,0.1300,0.0000,0.7280,55.3846
237,2040,153,4,0,1922,1706,470,379,665,348,81,9,32,100,42,206,210,160,6,24,13,19,0,24,50,450,122,0,0.2755,0.3426,0.3898,238.6020,4.8293,0.1143,0.0000,0.7324,70.4225
238,2040,153,4,0,1970,1763,471,374,726,325,84,15,47,78,35,238,256,153,10,36,4,14,0,21,50,450,146,0,0.2672,0.3357,0.4118,252.1654,4.9842,0.1446,0.0000,0.7475,69.0265
239,2040,153,4,0,2018,1826,475,464,678,345,88,11,31,43,17,201,216,141,10,27,14,10,0,29,50,450,130,0,0.2601,0.3209,0.3713,223.0378,4.2379,0.1112,0.0000,0.6922,71.6667
240,2040,153,4,0,1953,1704,440,459,672,306,78,14,42,64,36,242,253,207,8,21,12,9,0,26,50,450,134,0,0.2582,0.3442,0.3944,239.9797,4.8103,0.1362,0.0000,0.7385,64.0000
241,2040,153,4,0,1939,1697,444,368,604,333,80,13,18,52,25,199,208,183,6,25,20,14,0,21,50,450,111,0,0.2616,0.3398,0.3559,219.1601,4.4391,0.0943,0.0000,0.6957,67.5325
242,2040,153,4,0,1940,1722,482,450,703,339,97,14,32,80,46,246,261,164,7,24,14,16,0,22,50,450,143,0,0.2799,0.3479,0.4082,250.5003,5.0549,0.1283,0.0000,0.7561,63.4921
243,2040,153,4,0,1973,1719,489,424,727,342,93,17,37,78,31,258,270,179,8,40,15,19,1,27,50,450,147,0,0.2845,0.3618,0.4229,276.9092,5.6555,0.1385,0.0000,0.7847,71.5596
244,2040,153,4,0,1925,1754,449,464,706,286,106,20,37,41,28,200,207,131,10,23,4,13,0,16,50,450,163,0,0.2560,0.3139,0.4025,224.6454,4.4403,0.1465,0.0000,0.7164,59.4203
245,2040,152,4,0,1616,1461,335,465,510,227,70,9,29,24,20,140,153,120,8,22,8,5,0,24,43,387,108,0,0.2293,0.2966,0.3491,151.1427,3.4496,0.1198,0.0000,0.6457,54.5455
246,2040,153,4,0,1972,1738,430,459,647,306,73,9,42,42,15,189,201,171,4,28,17,17,1,23,50,450,124,0,0.2474,0.3219,0.3723,221.0538,4.3250,0.1249,0.0000,0.6942,73.6842
247,2040,154,4,0,1934,1689,399,418,620,260,91,14,34,66,44,211,228,196,12,34,9,6,0,34,50,450,139,0,0.2362,0.3268,0.3671,204.7874,3.9980,0.1308,0.0000,0.6938,60.0000
248,2040,154,4,0,1905,1654,364,464,590,242,66,8,48,47,19,185,204,205,14,27,16,3,0,16,50,450,122,0,0.2201,0.3155,0.3567,200.5465,4.0288,0.1366,0.0000,0.6722,71.2121
249,2040,154,4,0,1954,1718,407,429,611,275,88,16,28,39,27,190,203,182,10,34,14,6,0,18,50,450,132,0,0.2369,0.3211,0.3556,205.6544,4.0354,0.1187,0.0000,0.6768,59.0909
250,2040,154,4,0,1914,1701,410,435,563,302,79,13,16,71,44,164,182,153,9,33,15,12,0,24,50,450,108,0,0.2410,0.3138,0.3310,182.0634,3.5467,0.0899,0.0000,0.6448,61.7391
251,2040,154,4,0,1930,1745,442,453,668,305,87,11,39,70,36,199,217,135,8,31,8,11,0,22,50,450,137,0,0.2533,0.3163,0.3828,215.2580,4.2116,0.1295,0.0000,0.6991,66.0377
252,2040,154,4,0,1946,1740,415,471,605,281,100,12,22,44,16,177,193,167,10,22,6,9,2,33,50,450,134,0,0.2385,0.3117,0.3477,194.7696,3.7860,0.1092,0.0000,0.6594,73.3333
253,2040,154,4,0,1916,1696,409,410,620,288,71,10,40,78,20,189,208,172,5,29,9,10,0,22,50,450,121,0,0.2412,0.3199,0.3656,213.8597,4.2835,0.1244,0.0000,0.6854,79.5918
254,2040,154,4,0,1877,1710,399,482,657,245,95,14,45,56,22,181,187,125,5,25,4,13,0,23,50,450,154,0,0.2333,0.2931,0.3842,196.7292,3.8687,0.1509,0.0000,0.6773,71.7949
255,2040,154,4,0,1883,1673,389,438,588,276,67,6,40,73,24,174,199,160,2,27,11,12,0,27,50,450,113,0,0.2325,0.3077,0.3515,191.2695,3.8029,0.1189,0.0000,0.6592,75.2577
256,2040,155,4,0,1905,1711,453,324,692,313,85,11,44,106,34,225,238,138,12,28,15,11,2,20,50,450,140,0,0.2648,0.3279,0.4044,237.7216,4.7971,0.1397,0.0000,0.7323,75.7143
257,2040,154,4,0,1935,1709,456,304,661,333,69,26,28,106,44,222,235,178,3,23,15,10,0,28,50,450,123,0,0.2668,0.3422,0.3868,235.9953,4.7199,0.1200,0.0000,0.7290,70.6667
258,2040,154,4,0,1840,1650,384,406,574,265,78,11,30,86,42,168,179,138,2,28,14,10,0,17,50,450,119,0,0.2327,0.3012,0.3479,179.8127,3.5989,0.1152,0.0000,0.6491,67.1875
259,2040,154,4,0,1918,1653,374,506,668,211,92,11,60,49,17,211,231,216,7,25,16,8,0,24,50,450,163,0,0.2263,0.3233,0.4041,229.4803,4.6101,0.1779,0.0000,0.7275,74.2424
260,2040,154,4,0,1925,1692,439,345,652,316,70,16,37,106,48,226,247,182,14,25,15,11,0,20,50,450,123,0,0.2595,0.3382,0.3853,231.4462,4.6392,0.1259,0.0000,0.7236,68.8312
261,2040,155,4,0,1791,1618,315,476,491,199,77,18,21,61,30,128,137,125,11,20,11,16,1,11,50,450,116,0,0.1947,0.2586,0.3035,133.7991,2.6350,0.1088,0.0000,0.5620,67.0330
262,2040,155,4,0,2014,1731,449,435,762,282,92,4,71,44,19,248,269,233,5,30,12,8,0,27,50,450,167,0,0.2594,0.3556,0.4402,285.1697,5.7119,0.1808,0.0000,0.7959,69.8413
263,2040,155,4,0,1864,1665,423,340,661,286,82,9,46,70,30,195,215,152,5,27,8,11,1,14,49,441,137,0,0.2541,0.3245,0.3970,225.3925,4.6633,0.1429,0.0000,0.7215,70.0000
264,2040,154,4,0,1746,1613,314,542,497,198,76,13,27,35,18,108,111,100,1,23,4,6,0,20,50,450,116,0,0.1947,0.2509,0.3081,126.1718,2.5291,0.1135,0.0000,0.5590,66.0377
265,2040,155,4,0,1873,1643,379,436,651,228,85,11,55,80,22,191,204,178,7,32,6,14,0,23,49,441,151,0,0.2307,0.3155,0.3962,219.5111,4.4596,0.1656,0.0000,0.7117,78.4314
266,2040,155,4,0,1907,1722,450,408,697,303,92,10,45,54,24,234,251,140,8,30,4,10,1,22,50,450,147,0,0.2613,0.3260,0.4048,233.2379,4.7278,0.1434,0.0000,0.7307,69.2308
267,2040,154,4,0,1962,1702,476,349,758,325,77,17,57,55,26,258,273,199,10,26,23,12,0,26,50,450,151,0,0.2797,0.3615,0.4454,284.7066,5.8546,0.1657,0.0000,0.8069,67.9012
268,2040,155,4,0,1964,1695,425,432,727,260,89,15,61,65,17,241,256,191,9,43,17,17,1,15,50,450,165,0,0.2507,0.3386,0.4289,267.3390,5.4028,0.1782,0.0000,0.7676,79.2683
269,2040,155,4,0,1883,1651,397,427,660,242,96,10,49,40,24,208,221,168,7,39,12,13,0,20,49,441,155,0,0.2405,0.3228,0.3998,221.7993,4.5265,0.1593,0.0000,0.7226,62.5000
270,2040,155,4,0,1770,1603,395,405,619,261,83,12,39,66,34,183,193,122,8,24,7,14,0,21,49,441,134,0,0.2464,0.3069,0.3862,192.2363,4.0424,0.1397,0.0000,0.6930,66.0000
271,2040,155,4,0,1832,1650,391,425,604,256,85,22,28,82,44,179,197,130,15,37,9,6,0,16,49,441,135,0,0.2370,0.3061,0.3661,188.6420,3.8181,0.1291,0.0000,0.6721,65.0794
272,2040,155,4,0,1895,1683,392,455,594,267,81,11,33,58,37,168,188,169,5,21,11,11,0,20,50,450,125,0,0.2329,0.3089,0.3529,189.4156,3.7330,0.1200,0.0000,0.6619,61.0526
273,2040,154,4,0,1924,1694,435,382,650,304,83,12,36,81,47,224,234,165,8,32,20,13,0,14,50,450,131,0,0.2568,0.3319,0.3837,225.0820,4.4917,0.1269,0.0000,0.7156,63.2812
274,2040,155,4,0,1798,1648,372,412,546,255,84,9,24,69,34,157,165,109,12,30,4,7,0,15,49,441,117,0,0.2257,0.2848,0.3313,159.4697,3.2228,0.1056,0.0000,0.6161,66.9903
275,2040,155,4,0,1833,1676,342,552,500,233,76,17,16,47,26,125,137,117,8,27,3,10,0,13,50,450,109,0,0.2041,0.2656,0.2983,138.1627,2.6915,0.0943,0.0000,0.5639,64.3836
276,2040,155,4,0,1822,1678,374,509,587,237,95,8,34,55,36,145,154,105,10,20,9,10,0,17,50,450,137,0,0.2229,0.2752,0.3498,160.4278,3.1479,0.1269,0.0000,0.6251,60.4396
277,2040,156,5,0,1600,1418,339,380,580,224,48,8,59,38,17,191,197,145,4,19,8,9,1,24,42,378,115,0,0.2391,0.3162,0.4090,187.8627,4.4611,0.1700,0.0000,0.7252,69.0909
278,2040,156,5,0,1528,1423,313,371,533,199,59,4,51,31,26,145,152,71,7,19,6,8,1,19,42,378,114,0,0.2200,0.2650,0.3746,135.5055,3.1297,0.1546,0.0000,0.6395,54.3860
279,2040,156,5,0,1583,1408,337,329,567,226,45,13,53,34,27,175,182,137,11,18,12,7,1,12,42,378,111,0,0.2393,0.3134,0.4027,180.9709,4.3279,0.1634,0.0000,0.7161,55.7377
280,2040,156,5,0,1618,1429,352,359,629,218,58,9,67,56,17,227,231,151,5,23,6,9,0,12,42,378,134,0,0.2463,0.3263,0.4402,218.0472,5.2518,0.1938,0.0000,0.7665,76.7123
281,2040,156,5,0,1508,1375,276,402,537,149,57,6,64,23,14,148,153,108,4,17,1,7,0,13,42,378,127,0,0.2007,0.2661,0.3905,144.9820,3.4520,0.1898,0.0000,0.6566,62.1622
282,2040,156,5,0,1596,1416,334,289,506,236,57,8,33,64,24,169,183,142,7,17,13,8,0,16,42,378,98,0,0.2359,0.3114,0.3573,167.3829,3.9539,0.1215,0.0000,0.6688,72.7273
283,2040,156,5,0,1646,1422,364,296,592,241,66,9,48,62,23,201,219,183,7,16,14,11,0,24,42,378,123,0,0.2560,0.3450,0.4163,215.4159,5.1471,0.1603,0.0000,0.7613,72.9412
284,2040,156,5,0,1547,1429,293,397,517,178,57,7,51,34,10,139,148,86,4,25,3,4,0,19,42,378,115,0,0.2050,0.2617,0.3618,137.2350,3.1616,0.1568,0.0000,0.6234,77.2727
285,2040,156,5,0,1701,1484,419,333,723,250,92,19,58,78,20,265,285,163,5,26,16,11,1,19,42,378,169,0,0.2823,0.3610,0.4872,276.2796,6.5955,0.2049,0.0000,0.8482,79.5918
286,2040,156,5,0,1622,1444,364,355,660,215,73,5,71,20,11,211,219,146,2,23,8,1,0,18,42,378,149,0,0.2521,0.3302,0.4571,223.2577,5.3917,0.2050,0.0000,0.7873,64.5161
287,2040,156,5,0,1572,1411,328,387,580,200,61,10,57,55,26,168,178,117,13,21,15,8,0,10,42,378,128,0,0.2325,0.2993,0.4111,178.6360,4.2234,0.1786,0.0000,0.7103,67.9012
288,2040,156,5,0,1542,1413,325,337,522,217,58,11,39,19,11,144,152,89,3,18,14,8,0,27,42,378,108,0,0.2300,0.2827,0.3694,145.7340,3.4275,0.1394,0.0000,0.6521,63.3333
289,2040,156,5,0,1523,1365,294,363,523,186,46,3,59,29,17,156,165,126,4,21,7,4,0,19,41,369,108,0,0.2154,0.2909,0.3832,154.4957,3.7311,0.1678,0.0000,0.6740,63.0435
290,2040,156,5,0,1597,1424,349,305,631,216,53,11,69,51,19,225,237,139,2,23,4,7,0,20,41,369,133,0,0.2451,0.3208,0.4431,208.3184,4.9996,0.1980,0.0000,0.7639,72.8571
291,2040,157,5,0,1990,1723,463,381,763,295,94,16,58,92,36,275,299,204,12,37,7,19,0,17,50,450,168,0,0.2687,0.3550,0.4428,289.1552,5.8306,0.1741,0.0000,0.7978,71.8750
292,2040,157,5,0,2092,1758,530,370,913,321,115,14,80,135,51,351,379,260,16,45,11,18,0,18,50,450,209,0,0.3015,0.4012,0.5193,393.0400,8.0031,0.2179,0.0000,0.9206,72.5806
293,2040,157,5,0,1905,1712,442,536,687,297,86,18,41,52,28,208,233,135,5,40,10,8,0,23,50,450,145,0,0.2582,0.3256,0.4013,228.0638,4.5987,0.1431,0.0000,0.7269,65.0000
294,2040,157,5,0,1894,1699,433,382,701,267,108,14,44,58,37,198,220,149,5,27,8,11,0,22,50,450,166,0,0.2549,0.3229,0.4126,228.1019,4.5824,0.1577,0.0000,0.7355,61.0526
295,2040,157,5,0,1919,1685,418,497,694,255,102,9,52,84,50,226,237,187,4,33,7,7,0,15,50,450,163,0,0.2481,0.3337,0.4119,239.2088,4.7984,0.1638,0.0000,0.7456,62.6866
296,2040,157,5,0,1949,1731,493,463,794,313,109,21,50,97,42,278,297,162,3,35,9,12,0,13,50,450,180,0,0.2848,0.3557,0.4587,295.1170,6.0640,0.1739,0.0000,0.8144,69.7842
297,2040,157,5,0,2019,1755,481,445,774,307,103,23,48,48,17,250,277,211,5,29,12,12,0,26,50,450,174,0,0.2741,0.3592,0.4410,293.0075,5.8995,0.1670,0.0000,0.8003,73.8462
298,2040,157,5,0,1916,1737,450,385,672,313,89,11,37,67,22,205,230,126,7,26,13,14,0,19,50,450,137,0,0.2591,0.3163,0.3869,222.1103,4.4258,0.1278,0.0000,0.7032,75.2809
299,2040,158,6,0,1909,1647,368,350,605,225,90,12,41,54,30,200,224,185,13,50,11,16,0,23,50,450,143,0,0.2234,0.3177,0.3673,203.0707,4.0345,0.1439,0.0000,0.6850,64.2857
300,2040,158,6,0,1880,1626,333,342,596,197,67,11,58,94,46,180,194,197,4,35,7,15,0,12,50,450,136,0,0.2048,0.3017,0.3665,192.9836,3.7950,0.1617,0.0000,0.6682,67.1429
301,2040,158,6,0,1810,1586,316,403,558,194,56,12,54,69,43,195,206,170,5,27,15,12,0,8,50,450,122,0,0.1992,0.2858,0.3518,167.9128,3.3632,0.1526,0.0000,0.6376,61.6071
302,2040,158,6,0,1794,1582,297,447,519,173,70,10,44,46,23,166,177,181,8,17,7,7,0,11,50,450,124,0,0.1877,0.2770,0.3281,154.0778,3.1209,0.1403,0.0000,0.6051,66.6667
303,2040,158,6,0,1895,1675,341,445,604,212,58,8,63,72,47,205,223,180,15,19,9,12,0,21,50,450,129,0,0.2036,0.2863,0.3606,174.4034,3.3091,0.1570,0.0000,0.6469,60.5042
304,2040,158,6,0,1975,1658,337,393,644,184,69,14,70,106,50,240,267,261,13,33,5,17,1,10,50,450,153,0,0.2033,0.3205,0.3884,226.6702,4.3621,0.1852,0.0000,0.7089,67.9487
305,2040,158,6,0,2030,1755,376,361,648,231,73,17,55,84,28,220,245,214,25,38,11,12,0,11,50,450,145,0,0.2142,0.3110,0.3692,221.2841,4.1462,0.1550,0.0000,0.6803,75.0000
306,2040,158,6,0,1960,1646,324,418,578,195,62,9,58,48,21,208,220,271,3,22,9,11,1,18,50,450,129,0,0.1968,0.3164,0.3512,203.2176,3.9731,0.1543,0.0000,0.6676,69.5652
307,2040,158,6,0,1878,1609,317,348,564,188,66,8,55,55,28,214,226,207,6,38,10,14,0,18,50,450,129,0,0.1970,0.3009,0.3505,183.3256,3.6342,0.1535,0.0000,0.6514,66.2651
308,2040,158,6,0,1883,1688,338,417,578,207,72,9,50,69,52,163,179,152,12,26,8,9,0,12,50,450,131,0,0.2002,0.2752,0.3424,159.8395,3.0158,0.1422,0.0000,0.6176,57.0248
309,2040,159,6,0,1359,1180,241,229,490,124,46,10,61,49,16,172,187,145,11,21,5,8,0,9,36,324,117,0,0.2042,0.3006,0.4153,158.1238,4.3698,0.2110,0.0000,0.7158,75.3846
310,2040,159,6,0,1434,1205,310,168,536,195,57,5,53,70,43,196,219,189,10,26,6,8,0,11,36,324,115,0,0.2573,0.3676,0.4448,207.9035,5.8291,0.1876,0.0000,0.8125,61.9469
312,2040,159,6,0,1438,1293,261,308,518,142,47,6,66,72,20,146,158,111,3,20,3,11,0,13,39,351,119,0,0.2019,0.2732,0.4006,148.7928,3.7233,0.1988,0.0000,0.6738,78.2609
313,2040,159,6,0,1295,1194,215,234,331,156,30,1,28,15,10,92,105,79,6,9,11,2,0,10,36,324,59,0,0.1801,0.2360,0.2772,80.1753,2.1391,0.0972,0.0000,0.5132,60.0000
314,2040,159,6,0,1484,1268,268,288,486,157,51,13,47,83,29,173,189,165,10,32,7,11,1,11,39,351,111,0,0.2114,0.3150,0.3833,168.2633,4.2941,0.1719,0.0000,0.6983,74.1071
315,2040,159,6,0,1354,1169,253,275,591,108,45,7,93,44,12,205,221,159,4,16,2,8,0,8,35,315,145,0,0.2164,0.3166,0.5056,199.9441,5.7066,0.2891,0.0000,0.8221,78.5714
316,2040,159,6,0,1336,1177,260,221,448,171,35,9,45,57,14,159,172,125,7,18,5,11,0,18,36,324,89,0,0.2209,0.3028,0.3806,144.7678,4.0505,0.1597,0.0000,0.6834,80.2817
317,2040,159,6,0,1367,1232,285,236,466,176,69,8,32,68,34,144,157,100,6,10,12,12,1,10,36,324,109,0,0.2313,0.2917,0.3782,138.9816,3.6970,0.1469,0.0000,0.6700,66.6667
318,2040,160,6,0,1705,1417,410,236,885,201,71,10,128,62,23,346,363,259,9,14,6,9,0,20,41,369,209,0,0.2893,0.4020,0.6246,372.9943,9.4562,0.3352,0.0000,1.0266,72.9412
319,2040,160,6,0,1512,1297,310,231,629,172,44,7,87,40,30,216,233,176,13,21,6,11,1,12,39,351,138,0,0.2390,0.3369,0.4850,217.4144,5.6120,0.2460,0.0000,0.8218,57.1429
320,2040,160,6,0,1378,1255,237,309,507,108,55,7,67,32,22,149,153,95,1,20,4,4,0,6,39,351,129,0,0.1888,0.2562,0.4040,131.0672,3.3575,0.2151,0.0000,0.6602,59.2593
322,2040,160,6,0,1392,1244,263,283,509,154,37,7,65,29,24,163,176,111,9,20,6,11,0,12,38,342,109,0,0.2114,0.2843,0.4092,145.2163,3.7919,0.1977,0.0000,0.6934,54.7170
323,2040,160,6,0,1446,1253,276,256,581,146,39,7,84,81,39,208,216,160,5,16,9,8,0,7,39,351,130,0,0.2203,0.3145,0.4637,189.9215,4.9307,0.2434,0.0000,0.7782,67.5000
324,2040,160,6,0,1400,1266,264,286,497,144,56,15,49,45,23,152,158,105,7,17,5,7,0,8,39,351,120,0,0.2085,0.2767,0.3926,141.1226,3.6462,0.1840,0.0000,0.6693,66.1765
325,2040,160,6,0,1421,1261,292,230,551,174,46,3,69,25,10,182,197,129,9,19,3,9,0,12,37,333,118,0,0.2316,0.3103,0.4370,178.3722,4.8016,0.2054,0.0000,0.7473,71.4286
326,2040,160,6,0,1370,1223,222,324,420,134,31,4,53,47,25,131,137,113,8,22,7,5,0,10,39,351,88,0,0.1815,0.2619,0.3434,113.6872,2.9290,0.1619,0.0000,0.6053,65.2778
327,2040,159,6,0,1289,1173,217,303,419,124,37,3,53,18,8,119,129,93,5,15,7,1,0,17,36,324,93,0,0.1850,0.2535,0.3572,106.8968,2.9183,0.1722,0.0000,0.6107,69.2308
328,2040,160,6,0,1520,1340,322,239,602,184,61,12,65,36,19,211,222,138,10,22,10,10,0,11,39,351,138,0,0.2403,0.3192,0.4493,199.2725,5.0378,0.2090,0.0000,0.7685,65.4545
329,2040,159,6,0,1301,1173,234,273,482,128,35,0,71,35,15,157,169,98,5,13,14,3,0,8,36,324,106,0,0.1995,0.2681,0.4109,132.8095,3.6628,0.2114,0.0000,0.6790,70.0000
330,2040,160,6,0,1498,1329,341,272,677,177,76,4,84,38,21,223,235,128,14,21,8,12,0,17,39,351,164,0,0.2566,0.3289,0.5094,223.9663,5.7812,0.2528,0.0000,0.8383,64.4068
331,2040,160,6,0,1551,1384,288,322,613,149,41,10,88,48,17,208,219,141,6,14,7,5,0,16,42,378,139,0,0.2081,0.2869,0.4429,180.5322,4.2720,0.2348,0.0000,0.7298,73.8462
332,2040,160,6,0,1462,1340,228,409,414,144,30,6,48,33,12,115,124,92,4,15,11,4,0,15,42,378,84,0,0.1701,0.2309,0.3090,98.1176,2.2956,0.1388,0.0000,0.5398,73.3333
333,2040,161,6,0,1873,1679,344,368,560,221,68,17,38,96,40,182,210,146,8,24,10,14,0,11,50,450,123,0,0.2049,0.2759,0.3335,164.2674,3.1455,0.1286,0.0000,0.6094,70.5882
334,2040,161,6,0,1814,1632,331,383,554,205,71,13,42,83,46,168,189,141,3,27,1,13,0,13,49,441,126,0,0.2028,0.2752,0.3395,157.0174,3.0855,0.1366,0.0000,0.6147,64.3411
335,2040,161,6,0,1877,1645,398,251,658,256,77,12,53,75,27,217,245,175,2,33,16,7,1,21,50,450,142,0,0.2419,0.3258,0.4000,226.8050,4.6462,0.1581,0.0000,0.7258,73.5294
336,2040,161,6,0,1806,1627,330,377,544,215,58,15,42,76,39,159,183,139,9,14,12,14,0,15,50,450,115,0,0.2028,0.2692,0.3344,150.7153,2.9552,0.1315,0.0000,0.6036,66.0870
337,2040,161,6,0,1880,1626,371,275,621,232,77,13,49,93,46,215,245,196,12,35,11,11,1,16,49,441,139,0,0.2282,0.3223,0.3819,212.0168,4.2752,0.1538,0.0000,0.7042,66.9065
338,2040,161,6,0,1855,1664,363,385,651,221,61,16,65,62,37,188,203,143,1,36,5,6,1,17,50,450,142,0,0.2181,0.2931,0.3912,193.5260,3.8252,0.1731,0.0000,0.6844,62.6263
339,2040,161,6,0,1927,1733,428,355,705,264,102,11,51,40,15,233,259,151,4,19,10,14,0,19,50,450,164,0,0.2470,0.3119,0.4068,228.7141,4.5307,0.1598,0.0000,0.7188,72.7273
340,2040,161,6,0,1699,1583,250,401,398,165,47,13,25,26,13,91,104,81,1,16,16,3,0,15,50,450,85,0,0.1579,0.2062,0.2514,83.8074,1.6397,0.0935,0.0000,0.4576,66.6667
343,0,0,0,0,0,0,0,0,0,0,0,0,0,0,0,0,0,0,0,0,0,0,0,0,0,0,0,0,0.0000,0.0000,0.0000,0.0000,0.0000,0.0000,0.0000,0.0000,0.0000
344,0,0,0,0,0,0,0,0,0,0,0,0,0,0,0,0,0,0,0,0,0,0,0,0,0,0,0,0,0.0000,0.0000,0.0000,0.0000,0.0000,0.0000,0.0000,0.0000,0.0000
345,0,0,0,0,0,0,0,0,0,0,0,0,0,0,0,0,0,0,0,0,0,0,0,0,0,0,0,0,0.0000,0.0000,0.0000,0.0000,0.0000,0.0000,0.0000,0.0000,0.0000
346,0,0,0,0,0,0,0,0,0,0,0,0,0,0,0,0,0,0,0,0,0,0,0,0,0,0,0,0,0.0000,0.0000,0.0000,0.0000,0.0000,0.0000,0.0000,0.0000,0.0000
347,0,0,0,0,0,0,0,0,0,0,0,0,0,0,0,0,0,0,0,0,0,0,0,0,0,0,0,0,0.0000,0.0000,0.0000,0.0000,0.0000,0.0000,0.0000,0.0000,0.0000
348,0,0,0,0,0,0,0,0,0,0,0,0,0,0,0,0,0,0,0,0,0,0,0,0,0,0,0,0,0.0000,0.0000,0.0000,0.0000,0.0000,0.0000,0.0000,0.0000,0.0000
349,0,0,0,0,0,0,0,0,0,0,0,0,0,0,0,0,0,0,0,0,0,0,0,0,0,0,0,0,0.0000,0.0000,0.0000,0.0000,0.0000,0.0000,0.0000,0.0000,0.0000
350,0,0,0,0,0,0,0,0,0,0,0,0,0,0,0,0,0,0,0,0,0,0,0,0,0,0,0,0,0.0000,0.0000,0.0000,0.0000,0.0000,0.0000,0.0000,0.0000,0.0000
351,0,0,0,0,0,0,0,0,0,0,0,0,0,0,0,0,0,0,0,0,0,0,0,0,0,0,0,0,0.0000,0.0000,0.0000,0.0000,0.0000,0.0000,0.0000,0.0000,0.0000
352,0,0,0,0,0,0,0,0,0,0,0,0,0,0,0,0,0,0,0,0,0,0,0,0,0,0,0,0,0.0000,0.0000,0.0000,0.0000,0.0000,0.0000,0.0000,0.0000,0.0000
353,0,0,0,0,0,0,0,0,0,0,0,0,0,0,0,0,0,0,0,0,0,0,0,0,0,0,0,0,0.0000,0.0000,0.0000,0.0000,0.0000,0.0000,0.0000,0.0000,0.0000
354,0,0,0,0,0,0,0,0,0,0,0,0,0,0,0,0,0,0,0,0,0,0,0,0,0,0,0,0,0.0000,0.0000,0.0000,0.0000,0.0000,0.0000,0.0000,0.0000,0.0000
355,0,0,0,0,0,0,0,0,0,0,0,0,0,0,0,0,0,0,0,0,0,0,0,0,0,0,0,0,0.0000,0.0000,0.0000,0.0000,0.0000,0.0000,0.0000,0.0000,0.0000
356,0,0,0,0,0,0,0,0,0,0,0,0,0,0,0,0,0,0,0,0,0,0,0,0,0,0,0,0,0.0000,0.0000,0.0000,0.0000,0.0000,0.0000,0.0000,0.0000,0.0000
357,0,0,0,0,0,0,0,0,0,0,0,0,0,0,0,0,0,0,0,0,0,0,0,0,0,0,0,0,0.0000,0.0000,0.0000,0.0000,0.0000,0.0000,0.0000,0.0000,0.0000
358,0,0,0,0,0,0,0,0,0,0,0,0,0,0,0,0,0,0,0,0,0,0,0,0,0,0,0,0,0.0000,0.0000,0.0000,0.0000,0.0000,0.0000,0.0000,0.0000,0.0000
359,0,0,0,0,0,0,0,0,0,0,0,0,0,0,0,0,0,0,0,0,0,0,0,0,0,0,0,0,0.0000,0.0000,0.0000,0.0000,0.0000,0.0000,0.0000,0.0000,0.0000
360,0,0,0,0,0,0,0,0,0,0,0,0,0,0,0,0,0,0,0,0,0,0,0,0,0,0,0,0,0.0000,0.0000,0.0000,0.0000,0.0000,0.0000,0.0000,0.0000,0.0000
361,2040,159,6,0,1367,1200,274,235,467,174,51,5,44,54,19,150,167,125,3,29,7,6,0,12,36,324,100,0,0.2283,0.3147,0.3892,157.1446,4.3741,0.1608,0.0000,0.7039,73.9726
403,2040,160,6,0,1433,1267,245,331,537,115,46,6,78,22,16,172,178,130,12,16,9,11,0,14,39,351,130,0,0.1934,0.2746,0.4238,149.5593,3.7669,0.2305,0.0000,0.6984,57.8947
404,2040,160,6,0,1424,1272,257,375,492,148,42,8,59,56,40,154,165,114,15,27,3,8,0,5,39,351,109,0,0.2020,0.2801,0.3868,138.7211,3.4972,0.1847,0.0000,0.6669,58.3333
405,2040,159,6,0,1310,1148,223,250,389,135,46,6,36,60,15,137,153,127,11,20,8,7,0,11,35,315,88,0,0.1943,0.2842,0.3389,121.6762,3.4009,0.1446,0.0000,0.6230,80.0000
406,2040,160,6,0,1422,1301,198,318,393,114,27,3,54,24,16,109,115,99,1,11,6,5,0,16,42,378,84,0,0.1522,0.2175,0.3021,85.3116,2.0100,0.1499,0.0000,0.5196,60.0000
408,2040,160,6,0,1345,1231,224,347,445,127,30,10,57,29,7,128,140,90,4,16,3,4,1,14,38,342,97,0,0.1820,0.2461,0.3615,112.7114,2.9403,0.1795,0.0000,0.6076,80.5556
409,0,0,0,0,0,0,0,0,0,0,0,0,0,0,0,0,0,0,0,0,0,0,0,0,0,0,0,0,0.0000,0.0000,0.0000,0.0000,0.0000,0.0000,0.0000,0.0000,0.0000
410,0,0,0,0,0,0,0,0,0,0,0,0,0,0,0,0,0,0,0,0,0,0,0,0,0,0,0,0,0.0000,0.0000,0.0000,0.0000,0.0000,0.0000,0.0000,0.0000,0.0000
584,2040,172,6,0,1623,1412,345,348,695,175,75,10,85,27,24,222,231,174,18,20,7,8,2,17,41,369,170,0,0.2443,0.3340,0.4922,234.2843,5.6328,0.2479,0.0000,0.8262,52.9412
585,2040,172,6,0,1600,1424,393,303,718,236,68,10,79,70,28,246,255,137,6,20,7,12,0,11,41,369,157,0,0.2760,0.3453,0.5042,256.6306,6.3627,0.2282,0.0000,0.8495,71.4286
586,2040,172,6,0,1536,1345,360,295,685,204,67,9,80,57,18,243,259,163,3,16,3,8,1,17,38,342,156,0,0.2677,0.3518,0.5093,251.5469,6.5876,0.2416,0.0000,0.8611,76.0000
587,2040,172,6,0,1518,1394,324,312,481,227,63,8,26,27,5,134,140,93,4,18,5,8,0,21,41,369,97,0,0.2324,0.2875,0.3451,142.6974,3.4741,0.1126,0.0000,0.6326,84.3750
588,2040,172,6,0,1517,1375,315,312,492,225,45,3,42,49,13,152,162,100,3,24,6,12,0,16,41,369,90,0,0.2291,0.2905,0.3578,150.8919,3.6803,0.1287,0.0000,0.6484,79.0323
589,2040,172,6,0,1500,1294,300,325,550,172,65,4,59,60,28,189,200,173,11,16,8,9,0,9,38,342,128,0,0.2318,0.3277,0.4250,191.7444,4.9400,0.1932,0.0000,0.7528,68.1818
590,2040,172,6,0,1472,1308,292,335,472,191,60,3,38,38,14,134,152,123,6,22,8,11,0,15,38,342,101,0,0.2232,0.2985,0.3609,149.0586,3.7825,0.1376,0.0000,0.6594,73.0769
591,2040,172,6,0,1566,1398,353,340,634,205,75,13,60,70,38,205,214,134,5,23,5,5,1,9,41,369,148,0,0.2525,0.3269,0.4535,211.5659,5.1836,0.2010,0.0000,0.7804,64.8148
592,2040,172,6,0,1552,1403,341,326,547,230,60,7,44,38,21,171,190,114,9,18,8,9,0,15,41,369,111,0,0.2431,0.3063,0.3899,171.0776,4.1427,0.1468,0.0000,0.6962,64.4068
593,2040,172,6,0,1358,1233,260,283,414,174,48,8,30,67,21,122,132,109,7,7,4,5,0,14,38,342,86,0,0.2109,0.2777,0.3358,120.9972,3.2123,0.1249,0.0000,0.6135,76.1364
594,2040,172,6,0,1460,1302,343,277,566,221,68,7,47,50,27,200,219,126,11,13,9,10,0,13,38,342,122,0,0.2634,0.3322,0.4347,192.2882,5.1000,0.1713,0.0000,0.7669,64.9351
595,2040,172,6,0,1506,1347,283,352,448,195,47,5,36,27,24,137,144,116,4,24,10,9,0,15,41,369,88,0,0.2101,0.2828,0.3326,129.3463,3.1126,0.1225,0.0000,0.6153,52.9412
596,2040,172,6,0,1646,1410,348,320,660,201,61,7,79,44,16,246,273,196,11,18,12,8,2,14,41,369,147,0,0.2468,0.3444,0.4681,241.4257,5.8620,0.2213,0.0000,0.8124,73.3333
597,2040,172,6,0,1536,1408,338,333,565,219,62,6,51,37,13,172,175,99,6,19,2,7,1,17,41,369,119,0,0.2401,0.2975,0.4013,171.5212,4.1759,0.1612,0.0000,0.6987,74.0000
598,2040,172,6,0,1527,1366,317,347,584,189,54,9,65,49,24,173,189,135,5,14,5,7,0,18,41,369,128,0,0.2321,0.3062,0.4275,181.3620,4.4395,0.1955,0.0000,0.7337,67.1233
599,2040,172,6,0,1461,1323,334,328,536,220,67,6,41,43,8,161,175,105,6,16,12,5,0,17,38,342,114,0,0.2525,0.3140,0.4051,175.7379,4.6023,0.1527,0.0000,0.7191,84.3137
600,2040,172,6,0,1637,1444,330,353,569,210,57,7,56,39,13,181,186,142,6,29,10,12,0,14,41,369,120,0,0.2285,0.3079,0.3940,186.3628,4.3266,0.1655,0.0000,0.7020,75.0000
601,2040,172,6,0,1654,1407,404,222,872,209,53,11,131,82,37,292,304,192,6,32,12,9,2,13,41,369,195,0,0.2871,0.3829,0.6198,343.6651,8.6396,0.3326,0.0000,1.0027,68.9076
602,2040,172,6,0,1504,1358,285,360,462,189,53,5,38,46,26,131,144,108,6,12,15,11,0,14,41,369,96,0,0.2099,0.2720,0.3402,128.4004,3.0437,0.1303,0.0000,0.6122,63.8889
603,2040,172,6,0,1539,1351,318,286,565,205,41,10,62,74,33,199,220,147,3,28,2,10,1,13,41,369,113,0,0.2354,0.3210,0.4182,190.2046,4.7072,0.1828,0.0000,0.7392,69.1589
604,2040,172,6,0,1599,1431,353,327,557,242,60,9,42,59,23,176,191,134,6,21,6,7,0,17,41,369,111,0,0.2467,0.3189,0.3892,185.3210,4.4241,0.1426,0.0000,0.7081,71.9512
605,2040,172,6,0,1798,1467,471,232,918,275,66,9,121,114,34,389,426,284,5,22,8,17,0,16,41,369,196,0,0.3211,0.4341,0.6258,432.0515,10.8921,0.3047,0.0000,1.0598,77.0270
606,2040,172,6,0,1483,1331,328,286,546,201,74,15,38,42,17,177,189,111,6,23,5,13,0,15,38,342,127,0,0.2464,0.3126,0.4102,177.0104,4.5387,0.1638,0.0000,0.7228,71.1864
607,2040,172,6,0,1659,1471,416,233,698,270,71,14,61,62,17,246,266,146,6,21,5,16,0,26,41,369,146,0,0.2828,0.3525,0.4745,254.8709,6.1497,0.1917,0.0000,0.8270,78.4810
608,2040,172,6,0,1610,1392,361,250,679,211,62,8,80,66,20,240,266,182,9,18,5,12,1,17,41,369,150,0,0.2593,0.3498,0.4878,251.3572,6.2550,0.2284,0.0000,0.8375,76.7442
609,2040,172,6,0,1455,1355,275,372,421,199,36,10,30,47,31,102,108,69,4,13,12,6,0,8,41,369,76,0,0.2030,0.2474,0.3107,103.8319,2.4657,0.1077,0.0000,0.5581,60.2564
611,2040,172,6,0,1376,1259,280,307,448,191,48,3,38,49,14,129,134,85,1,13,6,13,0,21,38,342,89,0,0.2224,0.2759,0.3558,126.7754,3.3136,0.1334,0.0000,0.6318,77.7778
613,2040,172,6,0,1638,1474,419,286,662,288,71,8,52,62,29,218,226,131,16,8,15,10,0,20,41,369,131,0,0.2843,0.3438,0.4491,229.7088,5.4935,0.1649,0.0000,0.7929,68.1319
614,0,0,0,0,0,0,0,0,0,0,0,0,0,0,0,0,0,0,0,0,0,0,0,0,0,0,0,0,0.0000,0.0000,0.0000,0.0000,0.0000,0.0000,0.0000,0.0000,0.0000
615,0,0,0,0,0,0,0,0,0,0,0,0,0,0,0,0,0,0,0,0,0,0,0,0,0,0,0,0,0.0000,0.0000,0.0000,0.0000,0.0000,0.0000,0.0000,0.0000,0.0000
616,2040,172,6,0,1483,1376,288,376,473,181,65,6,36,35,18,134,145,77,7,14,10,6,0,13,41,369,107,0,0.2093,0.2573,0.3438,122.3421,2.9103,0.1344,0.0000,0.6010,66.0377
617,2040,172,6,0,1659,1456,367,292,550,259,67,7,34,35,11,196,227,168,12,14,8,12,1,19,41,369,108,0,0.2521,0.3327,0.3777,194.9537,4.6214,0.1257,0.0000,0.7105,76.0870
618,2040,172,6,0,1558,1382,300,335,598,169,45,5,81,51,11,213,226,149,6,20,3,4,0,13,41,369,131,0,0.2171,0.3016,0.4327,191.5214,4.6461,0.2156,0.0000,0.7343,82.2581
619,2040,172,6,0,1393,1262,314,311,487,210,65,9,30,44,22,132,144,101,4,12,10,8,0,12,37,333,104,0,0.2488,0.3087,0.3859,154.4860,4.1711,0.1371,0.0000,0.6946,66.6667
620,2040,172,6,0,1602,1431,398,294,834,202,69,14,113,72,38,268,287,141,5,22,4,4,0,11,41,369,196,0,0.2781,0.3511,0.5828,292.9714,7.2571,0.3047,0.0000,0.9339,65.4545
649,2040,172,6,0,1432,1268,308,267,554,187,56,5,60,24,20,187,194,116,1,30,8,10,0,14,37,333,121,0,0.2429,0.3188,0.4369,179.9489,4.8010,0.1940,0.0000,0.7557,54.5455
651,2040,159,6,0,1449,1289,266,277,510,142,62,4,58,27,14,160,169,129,6,18,6,7,0,8,38,342,124,0,0.2064,0.2862,0.3957,153.1241,3.9077,0.1893,0.0000,0.6819,65.8537
736,2040,159,6,0,1306,1177,250,250,462,145,48,7,50,77,40,137,153,102,5,14,6,7,0,4,36,324,105,0,0.2124,0.2815,0.3925,132.5624,3.6374,0.1801,0.0000,0.6741,65.8120
742,2040,172,6,0,1501,1355,260,370,435,181,29,4,46,48,30,140,150,124,4,13,2,6,1,9,41,369,79,0,0.1919,0.2650,0.3210,119.0231,2.8140,0.1292,0.0000,0.5861,61.5385
745,2040,160,6,0,1442,1289,244,269,499,122,53,5,64,34,28,152,164,118,9,18,8,9,0,10,39,351,122,0,0.1893,0.2650,0.3871,132.4693,3.2515,0.1978,0.0000,0.6521,54.8387
751,2040,172,6,0,1461,1276,314,238,503,216,49,7,42,65,32,174,182,154,1,15,8,7,1,16,38,342,98,0,0.2461,0.3326,0.3942,175.2752,4.6170,0.1481,0.0000,0.7268,67.0103
753,2040,172,6,0,1588,1401,387,292,713,226,72,13,76,61,22,234,253,157,6,16,4,9,1,9,40,360,161,0,0.2762,0.3538,0.5089,264.9667,6.7619,0.2327,0.0000,0.8627,73.4940
754,2040,172,6,0,1488,1315,332,314,539,222,58,7,45,48,18,174,186,140,3,16,12,5,0,18,38,342,110,0,0.2525,0.3306,0.4099,186.0794,4.8496,0.1574,0.0000,0.7405,72.7273
755,2040,172,6,0,1393,1235,316,206,500,214,59,4,39,72,32,160,174,121,7,24,7,6,0,14,37,333,102,0,0.2559,0.3326,0.4049,172.8164,4.7710,0.1490,0.0000,0.7375,69.2308
756,2040,152,4,0,1794,1522,447,281,682,316,71,16,44,90,31,254,268,218,12,26,12,16,0,14,43,387,131,0,0.2937,0.3878,0.4481,289.3965,6.8064,0.1544,0.0000,0.8359,74.3802
757,2040,153,4,0,1874,1680,363,544,594,234,72,12,45,63,18,189,195,150,3,29,8,7,0,16,50,450,129,0,0.2161,0.2905,0.3536,184.4197,3.6452,0.1375,0.0000,0.6440,77.7778
758,2040,152,4,0,1698,1467,395,400,601,271,81,4,39,91,27,212,225,185,6,25,8,13,0,21,43,387,124,0,0.2693,0.3580,0.4097,233.6513,5.5290,0.1404,0.0000,0.7677,77.1186
785,2040,159,6,0,1368,1215,254,254,405,178,38,1,37,54,15,120,130,111,10,26,11,5,0,17,36,324,76,0,0.2091,0.2881,0.3333,124.5006,3.3315,0.1243,0.0000,0.6215,78.2609
787,0,0,0,0,0,0,0,0,0,0,0,0,0,0,0,0,0,0,0,0,0,0,0,0,0,0,0,0,0.0000,0.0000,0.0000,0.0000,0.0000,0.0000,0.0000,0.0000,0.0000
788,0,0,0,0,0,0,0,0,0,0,0,0,0,0,0,0,0,0,0,0,0,0,0,0,0,0,0,0,0.0000,0.0000,0.0000,0.0000,0.0000,0.0000,0.0000,0.0000,0.0000
789,0,0,0,0,0,0,0,0,0,0,0,0,0,0,0,0,0,0,0,0,0,0,0,0,0,0,0,0,0.0000,0.0000,0.0000,0.0000,0.0000,0.0000,0.0000,0.0000,0.0000
790,0,0,0,0,0,0,0,0,0,0,0,0,0,0,0,0,0,0,0,0,0,0,0,0,0,0,0,0,0.0000,0.0000,0.0000,0.0000,0.0000,0.0000,0.0000,0.0000,0.0000
791,2040,100,11,0,1568,1318,245,429,475,144,35,3,63,37,24,175,180,212,3,32,0,6,0,22,40,360,101,0,0.1859,0.3119,0.3604,158.2199,3.7973,0.1745,0.0000,0.6723,60.6557
792,2040,100,11,0,1546,1274,255,372,539,128,46,5,76,77,32,221,228,232,3,28,3,9,0,19,40,360,127,0,0.2002,0.3338,0.4231,195.7144,4.8838,0.2229,0.0000,0.7568,70.6422
793,2040,100,11,0,1557,1317,268,369,497,160,46,3,59,67,38,170,183,213,5,14,3,10,0,28,41,369,108,0,0.2035,0.3185,0.3774,164.3040,3.9328,0.1739,0.0000,0.6959,63.8095
794,2040,100,11,0,1643,1387,283,404,591,151,42,4,86,35,16,233,238,233,8,16,2,5,0,20,41,369,132,0,0.2040,0.3242,0.4261,203.9245,4.8003,0.2221,0.0000,0.7503,68.6275
795,2040,100,11,0,1665,1388,303,339,574,179,46,9,69,44,40,216,226,237,7,29,6,5,0,27,41,369,124,0,0.2183,0.3430,0.4135,201.9879,4.6893,0.1952,0.0000,0.7565,52.3810
796,2040,100,11,0,1606,1367,292,341,559,171,48,0,73,22,16,215,226,212,4,22,0,5,0,25,41,369,121,0,0.2136,0.3275,0.4089,191.1130,4.6031,0.1953,0.0000,0.7364,57.8947
797,2040,100,11,0,1588,1310,253,397,514,129,55,1,68,93,33,223,233,241,10,24,3,9,1,15,40,360,124,0,0.1931,0.3270,0.3924,188.0296,4.5450,0.1992,0.0000,0.7194,73.8095
798,2040,100,11,0,1569,1316,265,362,476,158,52,6,49,52,28,167,178,217,6,24,4,8,0,26,40,360,107,0,0.2014,0.3233,0.3617,164.3160,3.9718,0.1603,0.0000,0.6850,65.0000
799,2040,100,11,0,1547,1302,262,341,522,148,38,6,70,72,30,186,196,219,9,20,2,4,0,20,40,360,114,0,0.2012,0.3243,0.4009,181.4379,4.4697,0.1997,0.0000,0.7252,70.5882
800,2040,100,11,0,1556,1311,255,420,465,159,37,4,55,28,23,163,170,221,4,19,0,3,2,17,40,360,96,0,0.1945,0.3185,0.3547,158.8342,3.9022,0.1602,0.0000,0.6732,54.9020
801,2040,100,11,0,1538,1317,280,392,598,148,36,6,90,44,12,231,237,187,1,26,2,6,0,19,40,360,132,0,0.2126,0.3210,0.4541,204.3133,5.1268,0.2415,0.0000,0.7750,78.5714
802,2040,100,11,0,1572,1334,231,451,466,127,36,5,63,10,8,166,174,212,9,21,2,3,0,27,40,360,104,0,0.1732,0.2955,0.3493,145.1941,3.4298,0.1762,0.0000,0.6449,55.5556
803,2040,100,11,0,1528,1288,254,362,475,145,50,6,53,75,29,153,164,211,4,17,4,8,0,19,40,360,109,0,0.1972,0.3163,0.3688,164.3065,4.0551,0.1716,0.0000,0.6851,72.1154
804,2040,100,11,0,1571,1355,265,416,488,158,48,2,57,41,22,176,181,192,6,19,1,3,1,21,40,360,107,0,0.1956,0.3034,0.3601,155.7421,3.6984,0.1646,0.0000,0.6635,65.0794
805,2040,100,11,0,1547,1335,262,358,493,153,46,4,59,64,44,163,179,190,14,14,5,3,0,19,40,360,109,0,0.1963,0.3022,0.3693,151.0508,3.5650,0.1730,0.0000,0.6715,59.2593
806,2040,100,11,0,1501,1262,239,428,579,106,28,3,102,51,34,211,221,209,3,22,1,7,0,12,40,360,133,0,0.1894,0.3133,0.4588,188.9667,4.7373,0.2694,0.0000,0.7721,60.0000
807,2040,100,11,0,1563,1297,263,399,537,135,52,6,70,59,12,217,229,232,3,22,2,10,0,29,40,360,128,0,0.2028,0.3312,0.4140,194.6575,4.8351,0.2113,0.0000,0.7452,83.0986
808,2040,100,11,0,1556,1322,253,420,479,152,36,5,60,62,28,177,186,207,11,17,6,4,0,16,40,360,101,0,0.1914,0.3077,0.3623,159.1247,3.8258,0.1710,0.0000,0.6701,68.8889
809,2040,100,11,0,1541,1264,251,323,556,120,40,8,83,55,32,211,219,244,3,28,1,4,0,28,40,360,131,0,0.1986,0.3396,0.4399,197.4405,4.9452,0.2413,0.0000,0.7795,63.2184
810,2040,100,11,0,1598,1308,297,393,642,148,50,2,97,60,31,243,248,248,7,33,3,6,0,22,40,360,149,0,0.2271,0.3624,0.4908,246.1126,6.1930,0.2638,0.0000,0.8532,65.9341
811,2040,100,11,0,1484,1249,218,411,415,125,38,6,49,55,36,149,163,204,5,23,4,4,0,23,40,360,93,0,0.1745,0.3007,0.3323,131.4793,3.2331,0.1577,0.0000,0.6329,60.4396
812,2040,100,11,0,1537,1290,262,379,523,146,42,3,71,30,24,192,197,214,3,22,5,6,0,30,40,360,116,0,0.2031,0.3251,0.4054,174.7401,4.3165,0.2023,0.0000,0.7305,55.5556
813,2040,100,11,0,1491,1266,252,373,545,118,52,5,77,50,20,185,193,200,9,14,6,4,1,26,40,360,134,0,0.1991,0.3140,0.4305,177.4430,4.4775,0.2314,0.0000,0.7445,71.4286
814,2040,100,11,0,1511,1289,259,352,568,125,45,3,86,95,33,200,212,200,4,15,4,2,1,14,40,360,134,0,0.2009,0.3147,0.4407,190.9849,4.7614,0.2397,0.0000,0.7554,74.2188
815,2040,100,11,0,1548,1296,266,339,544,146,40,2,78,27,23,204,210,226,3,18,2,6,0,26,40,360,120,0,0.2052,0.3299,0.4198,186.0856,4.6222,0.2145,0.0000,0.7496,54.0000
816,2040,100,11,0,1552,1308,270,329,541,144,51,5,70,84,20,193,205,217,10,16,4,7,0,30,40,360,126,0,0.2064,0.3249,0.4136,189.2501,4.6495,0.2072,0.0000,0.7385,80.7692
817,2040,100,11,0,1563,1295,274,363,527,161,41,4,68,42,35,206,214,230,4,26,4,8,0,25,40,360,113,0,0.2116,0.3400,0.4069,186.6168,4.6099,0.1954,0.0000,0.7469,54.5455
818,2040,100,11,0,1577,1327,296,369,680,133,52,1,110,32,15,247,260,233,3,13,0,4,0,26,40,360,163,0,0.2231,0.3437,0.5124,242.0494,6.0737,0.2894,0.0000,0.8561,68.0851
819,2040,100,11,0,1617,1364,291,404,560,177,32,9,73,63,34,209,219,211,4,32,5,5,0,19,40,360,114,0,0.2133,0.3313,0.4106,196.3563,4.6669,0.1972,0.0000,0.7418,64.9485
820,2040,100,11,0,1675,1373,332,373,737,162,51,3,116,39,15,303,312,265,2,32,0,4,1,28,40,360,170,0,0.2418,0.3757,0.5368,292.6709,7.2630,0.2950,0.0000,0.9125,72.2222
821,2040,100,11,0,1550,1305,275,350,530,160,44,2,69,59,29,186,191,212,5,24,2,7,0,21,40,360,115,0,0.2107,0.3301,0.4061,186.0120,4.6119,0.1954,0.0000,0.7362,67.0455
822,2040,100,11,0,1546,1281,242,403,470,139,36,9,58,66,30,179,183,223,8,28,8,6,0,17,40,360,103,0,0.1889,0.3205,0.3669,165.8162,4.0700,0.1780,0.0000,0.6874,68.7500
823,2040,100,11,0,1591,1306,266,335,457,168,50,3,45,32,21,189,200,240,8,27,9,7,2,32,40,360,98,0,0.2037,0.3373,0.3499,165.9308,4.0398,0.1462,0.0000,0.6873,60.3774
824,2040,100,11,0,1597,1295,294,333,563,169,52,2,71,47,25,229,237,268,6,21,5,8,0,34,40,360,125,0,0.2270,0.3662,0.4347,219.1088,5.5135,0.2077,0.0000,0.8010,65.2778
825,2040,100,11,0,1583,1341,284,372,601,142,51,7,84,22,18,190,204,216,11,17,4,3,2,20,40,360,142,0,0.2118,0.3278,0.4482,204.1431,5.0017,0.2364,0.0000,0.7760,55.0000
826,2040,100,11,0,1576,1321,265,354,539,143,44,4,74,20,14,204,219,236,9,12,2,5,0,35,40,360,122,0,0.2006,0.3259,0.4080,181.1190,4.3977,0.2074,0.0000,0.7339,58.8235
827,2040,101,11,0,1493,1264,237,397,452,134,45,4,54,54,35,149,157,205,6,17,4,3,0,19,40,360,103,0,0.1875,0.3083,0.3576,146.4510,3.6344,0.1701,0.0000,0.6659,60.6742
828,2040,101,11,0,1536,1292,259,362,471,156,47,3,53,84,35,183,197,214,7,22,1,7,0,21,40,360,103,0,0.2005,0.3225,0.3646,165.3052,4.0686,0.1641,0.0000,0.6870,70.5882
829,2040,101,11,0,1565,1304,274,398,633,128,37,5,104,54,23,222,229,233,7,24,2,2,0,27,40,360,146,0,0.2101,0.3397,0.4854,223.7987,5.5743,0.2753,0.0000,0.8252,70.1299
830,2040,101,11,0,1623,1366,294,333,578,158,59,6,71,34,13,205,225,217,6,30,4,6,0,33,40,360,136,0,0.2152,0.3342,0.4231,202.3736,4.8440,0.2079,0.0000,0.7573,72.3404
831,2040,101,11,0,1569,1331,274,448,569,137,55,6,76,18,13,200,205,205,4,26,3,4,0,26,40,360,137,0,0.2059,0.3225,0.4275,190.3858,4.6604,0.2216,0.0000,0.7500,58.0645
832,2040,101,11,0,1521,1306,253,390,471,154,37,5,57,82,24,171,182,192,5,16,2,4,1,13,40,360,99,0,0.1937,0.3037,0.3606,158.8717,3.9138,0.1669,0.0000,0.6643,77.3585
833,2040,101,11,0,1602,1345,303,378,567,180,52,1,70,69,23,226,235,230,9,17,0,10,0,23,40,360,123,0,0.2253,0.3433,0.4216,210.7739,5.1830,0.1963,0.0000,0.7649,75.0000
834,2040,101,11,0,1628,1376,281,324,538,160,53,0,68,27,16,193,207,214,6,31,3,4,0,29,40,360,121,0,0.2042,0.3237,0.3910,182.5377,4.2969,0.1868,0.0000,0.7147,62.7907
835,2040,101,11,0,1642,1372,318,358,748,131,65,1,121,38,13,272,278,244,9,16,3,7,0,30,41,369,187,0,0.2318,0.3527,0.5452,273.1107,6.6612,0.3134,0.0000,0.8978,74.5098
836,2040,101,11,0,1565,1324,256,366,509,135,51,8,62,42,16,196,206,205,11,21,6,8,1,24,41,369,121,0,0.1934,0.3094,0.3844,167.8752,4.0398,0.1911,0.0000,0.6938,72.4138
837,2040,101,11,0,1585,1312,246,426,566,113,39,1,93,58,21,219,231,238,3,28,0,7,0,11,40,360,133,0,0.1875,0.3230,0.4314,202.3510,4.9443,0.2439,0.0000,0.7544,73.4177
838,2040,101,11,0,1564,1318,270,433,570,141,41,5,83,43,19,191,204,214,3,24,3,4,1,23,40,360,129,0,0.2049,0.3256,0.4325,195.9108,4.8219,0.2276,0.0000,0.7581,69.3548
839,2040,101,11,0,1638,1372,276,440,589,135,53,4,84,62,20,232,244,229,7,33,2,1,1,15,42,378,141,0,0.2012,0.3291,0.4293,211.7393,5.0414,0.2281,0.0000,0.7584,75.6098
840,2040,101,11,0,1542,1289,225,371,406,137,39,5,44,78,29,147,155,214,2,26,5,7,1,24,40,360,88,0,0.1746,0.3027,0.3150,137.6043,3.2908,0.1404,0.0000,0.6177,72.8972
841,2040,101,11,0,1629,1332,283,348,600,143,51,1,88,58,19,256,270,267,10,23,2,4,1,25,40,360,140,0,0.2125,0.3524,0.4505,229.4326,5.6367,0.2380,0.0000,0.8028,75.3247
842,2040,101,11,0,1544,1319,263,362,521,149,41,2,71,32,19,196,205,191,8,29,0,5,0,24,40,360,114,0,0.1994,0.3128,0.3950,169.6622,4.1493,0.1956,0.0000,0.7078,62.7451
843,2040,101,11,0,1576,1326,273,391,583,132,53,7,81,64,26,227,229,203,1,43,0,4,0,23,40,360,141,0,0.2059,0.3293,0.4397,203.4062,4.9656,0.2338,0.0000,0.7690,71.1111
844,2040,101,11,0,1537,1295,267,369,527,135,65,6,61,81,32,187,196,205,7,24,6,7,0,24,40,360,132,0,0.2062,0.3240,0.4069,181.3819,4.4643,0.2008,0.0000,0.7309,71.6814
845,2040,101,11,0,1564,1294,278,364,542,159,45,3,71,85,35,200,208,232,10,29,3,6,0,25,40,360,119,0,0.2148,0.3453,0.4189,200.9534,5.0007,0.2040,0.0000,0.7641,70.8333
846,2040,101,11,0,1585,1303,281,380,607,148,35,3,95,65,35,237,249,250,4,22,4,6,0,13,40,360,133,0,0.2157,0.3498,0.4658,228.0242,5.7006,0.2502,0.0000,0.8156,65.0000
847,2040,101,11,0,1635,1370,336,374,717,170,56,5,105,73,25,265,275,225,3,28,6,5,1,16,40,360,166,0,0.2453,0.3618,0.5234,276.9110,6.8845,0.2781,0.0000,0.8852,74.4898
848,2040,101,11,0,1551,1318,268,378,572,130,54,2,82,59,23,192,199,211,9,14,3,5,0,29,40,360,138,0,0.2033,0.3185,0.4340,188.5126,4.5854,0.2307,0.0000,0.7525,71.9512
849,2040,101,11,0,1579,1329,282,320,534,156,59,8,59,22,11,205,213,225,5,17,1,7,0,26,40,360,126,0,0.2122,0.3321,0.4018,188.5143,4.6611,0.1896,0.0000,0.7339,66.6667
850,2040,101,11,0,1531,1310,278,373,591,137,52,6,83,49,29,192,196,195,6,14,6,6,0,23,40,360,141,0,0.2122,0.3193,0.4511,191.9285,4.7282,0.2389,0.0000,0.7705,62.8205
851,2040,101,11,0,1619,1344,310,352,602,174,56,4,76,35,15,251,262,240,7,26,3,6,0,26,40,360,136,0,0.2307,0.3564,0.4479,228.7447,5.6975,0.2173,0.0000,0.8044,70.0000
852,2040,101,11,0,1559,1320,286,332,548,165,47,7,67,41,24,203,208,211,3,23,3,2,0,26,40,360,121,0,0.2167,0.3342,0.4152,190.5264,4.7238,0.1985,0.0000,0.7493,63.0769
853,2040,101,11,0,1621,1343,272,432,557,140,55,1,76,28,8,211,220,244,8,22,6,5,1,25,40,360,132,0,0.2025,0.3333,0.4147,200.8653,4.8640,0.2122,0.0000,0.7481,77.7778
854,2040,101,11,0,1564,1311,253,412,559,120,44,5,84,27,16,208,215,216,4,31,1,3,2,22,40,360,133,0,0.1930,0.3203,0.4264,188.7930,4.6340,0.2334,0.0000,0.7467,62.7907
855,2040,101,11,0,1605,1342,301,363,672,141,50,9,101,37,33,234,243,218,2,34,1,10,0,27,40,360,160,0,0.2243,0.3448,0.5007,234.0475,5.6828,0.2765,0.0000,0.8455,52.8571
856,2040,101,11,0,1588,1335,276,401,584,136,51,10,79,47,14,210,219,222,13,24,2,5,0,23,40,360,140,0,0.2067,0.3291,0.4375,205.4409,5.0289,0.2307,0.0000,0.7666,77.0492
857,2040,101,11,0,1544,1329,276,343,533,157,48,4,67,70,28,198,206,183,5,23,3,6,0,9,40,360,119,0,0.2077,0.3128,0.4011,180.5190,4.4350,0.1934,0.0000,0.7138,71.4286
858,2040,101,11,0,1578,1327,280,365,565,154,43,7,76,31,22,206,210,219,8,20,4,8,0,22,40,360,126,0,0.2110,0.3297,0.4258,194.8824,4.7705,0.2148,0.0000,0.7555,58.4906
859,2040,101,11,0,1504,1274,262,371,472,156,51,6,49,56,54,159,170,201,8,20,6,3,0,16,40,360,106,0,0.2057,0.3224,0.3705,154.1006,3.8137,0.1648,0.0000,0.6929,50.9091
860,2040,101,11,0,1526,1308,263,362,559,128,53,3,79,24,13,194,198,195,2,18,1,4,0,25,40,360,135,0,0.2011,0.3121,0.4274,180.5214,4.4799,0.2263,0.0000,0.7395,64.8649
861,2040,101,11,0,1586,1332,281,395,640,129,47,3,102,34,9,242,249,222,3,25,0,7,0,24,40,360,152,0,0.2110,0.3329,0.4805,226.2019,5.5980,0.2695,0.0000,0.8134,79.0698
862,2040,101,11,0,1515,1314,293,352,528,176,55,6,56,35,13,171,182,177,4,18,2,3,1,35,40,360,117,0,0.2230,0.3228,0.4018,173.9250,4.3724,0.1788,0.0000,0.7246,72.9167
863,2040,102,10,0,1907,1634,345,498,631,212,51,11,71,58,31,211,216,238,7,22,5,8,0,27,51,459,133,0,0.2111,0.3181,0.3862,210.4530,4.1781,0.1750,0.0000,0.7043,65.1685
864,2040,102,10,0,1921,1654,291,625,574,165,45,5,76,25,13,180,184,231,5,21,6,8,1,19,50,450,126,0,0.1759,0.2837,0.3470,175.2570,3.3584,0.1711,0.0000,0.6307,65.7895
865,2040,102,10,0,2033,1700,415,496,784,245,68,5,97,107,46,306,324,301,12,21,5,6,0,27,50,450,170,0,0.2441,0.3634,0.4612,302.4286,5.9646,0.2171,0.0000,0.8246,69.9346
866,2040,102,10,0,1937,1645,332,495,634,190,58,8,76,59,23,231,247,249,4,31,1,11,0,22,50,450,142,0,0.2018,0.3161,0.3854,217.3978,4.2845,0.1836,0.0000,0.7015,71.9512
867,2040,102,10,0,1958,1645,349,553,724,187,53,5,104,28,15,250,264,278,6,22,3,9,1,33,50,450,162,0,0.2122,0.3321,0.4401,252.2050,5.0218,0.2280,0.0000,0.7723,65.1163
868,2040,102,10,0,1945,1629,340,449,619,203,60,12,65,63,29,237,253,270,19,27,7,12,0,23,50,450,137,0,0.2087,0.3287,0.3800,220.7420,4.3824,0.1713,0.0000,0.7087,68.4783
869,2040,102,10,0,1942,1649,362,505,716,216,40,4,102,87,36,259,270,242,9,38,1,12,0,30,50,450,146,0,0.2195,0.3308,0.4342,248.6884,4.9155,0.2147,0.0000,0.7650,70.7317
870,2040,102,10,0,1975,1662,373,520,737,204,67,9,93,80,41,257,266,269,8,29,3,12,0,22,50,450,169,0,0.2244,0.3403,0.4434,265.3035,5.2401,0.2190,0.0000,0.7837,66.1157
871,2040,102,10,0,2011,1700,409,501,810,217,85,5,102,29,16,293,299,264,7,38,3,4,2,30,50,450,192,0,0.2406,0.3544,0.4765,299.7035,6.0208,0.2359,0.0000,0.8309,64.4444
872,2040,102,10,0,2013,1732,379,469,718,209,83,5,82,75,28,237,253,241,5,23,7,10,0,19,50,450,170,0,0.2188,0.3205,0.4145,246.6842,4.7004,0.1957,0.0000,0.7351,72.8155
873,2040,102,10,0,2007,1690,378,516,701,225,66,4,83,93,47,245,257,281,9,26,6,4,0,23,51,459,153,0,0.2237,0.3423,0.4148,254.9599,4.9453,0.1911,0.0000,0.7571,66.4286
874,2040,102,10,0,1885,1631,305,544,559,192,38,9,66,47,26,176,188,230,5,15,5,4,0,27,50,450,113,0,0.1870,0.2926,0.3427,171.5164,3.3364,0.1557,0.0000,0.6353,64.3836
875,2040,102,10,0,1944,1603,329,490,653,192,41,5,91,59,32,236,246,308,6,25,0,6,2,41,50,450,137,0,0.2052,0.3409,0.4074,234.0896,4.6714,0.2021,0.0000,0.7482,64.8352
876,2040,102,10,0,2037,1687,378,547,771,199,68,8,103,38,24,287,297,304,7,30,10,6,0,28,51,459,179,0,0.2241,0.3513,0.4570,286.4536,5.6167,0.2330,0.0000,0.8083,61.2903
877,2040,102,10,0,1969,1664,343,493,590,213,66,11,53,62,34,195,210,263,4,23,5,14,0,28,50,450,130,0,0.2061,0.3203,0.3546,203.1409,3.9121,0.1484,0.0000,0.6748,64.5833
878,2040,102,10,0,2037,1676,370,547,738,203,63,7,97,32,13,281,290,298,8,44,7,11,1,35,51,459,167,0,0.2208,0.3509,0.4403,277.4842,5.4607,0.2196,0.0000,0.7912,71.1111
879,2040,102,10,0,1897,1635,360,467,625,225,65,10,60,55,43,194,204,219,6,20,7,16,0,18,50,450,135,0,0.2202,0.3169,0.3823,205.9374,4.0915,0.1621,0.0000,0.6992,56.1224
880,2040,102,10,0,1922,1633,308,525,605,177,45,6,80,42,24,209,221,259,10,23,3,4,0,25,50,450,131,0,0.1886,0.3075,0.3705,197.3721,3.8588,0.1819,0.0000,0.6779,63.6364
881,2040,102,10,0,1991,1673,370,578,701,218,61,3,88,34,13,248,257,269,6,34,3,11,1,26,50,450,152,0,0.2212,0.3387,0.4190,255.8875,5.0951,0.1978,0.0000,0.7577,72.3404
882,2040,102,10,0,1951,1651,334,555,589,207,59,8,60,41,21,207,211,269,9,23,2,6,0,24,50,450,127,0,0.2023,0.3212,0.3568,204.9015,4.0382,0.1545,0.0000,0.6779,66.1290
883,2040,102,10,0,1965,1639,358,508,705,198,64,5,91,20,15,262,269,290,7,26,2,7,1,28,50,450,160,0,0.2184,0.3435,0.4301,257.1614,5.2088,0.2117,0.0000,0.7737,57.1429
884,2040,102,10,0,2077,1728,389,515,736,221,76,5,87,56,26,266,280,295,7,38,3,11,2,33,51,459,168,0,0.2251,0.3485,0.4259,273.8781,5.2370,0.2008,0.0000,0.7744,68.2927
885,2040,102,10,0,1956,1659,376,425,654,239,62,9,66,76,39,255,267,261,10,22,6,7,1,29,50,450,137,0,0.2266,0.3381,0.3942,233.1533,4.6152,0.1676,0.0000,0.7323,66.0870
886,2040,102,10,0,1957,1654,352,524,689,196,62,7,87,59,23,252,265,264,6,29,5,5,0,34,51,459,156,0,0.2128,0.3304,0.4166,240.2177,4.7377,0.2037,0.0000,0.7470,71.9512
887,2040,102,10,0,1980,1636,362,517,712,206,56,6,94,48,19,272,284,303,6,31,2,8,0,35,50,450,156,0,0.2213,0.3519,0.4352,268.2912,5.4139,0.2139,0.0000,0.7871,71.6418
888,2040,102,10,0,1988,1671,359,529,703,201,61,8,89,30,20,260,272,279,13,23,6,9,0,24,50,450,158,0,0.2148,0.3335,0.4207,248.7677,4.8991,0.2059,0.0000,0.7542,60.0000
889,2040,102,10,0,2011,1685,386,531,720,227,70,3,86,15,16,266,282,290,3,24,6,5,1,28,50,450,159,0,0.2291,0.3493,0.4273,265.7877,5.3001,0.1982,0.0000,0.7766,48.3871
890,2040,102,10,0,1858,1588,290,604,579,158,51,5,76,30,14,186,190,231,5,31,3,5,0,27,50,450,132,0,0.1826,0.2976,0.3646,183.0524,3.6692,0.1820,0.0000,0.6622,68.1818
891,2040,102,10,0,1924,1626,307,576,578,178,54,8,67,22,13,183,191,272,5,16,2,7,1,36,50,450,129,0,0.1888,0.3097,0.3555,189.5810,3.7173,0.1667,0.0000,0.6652,62.8571
892,2040,102,10,0,1966,1673,352,567,644,210,65,4,73,55,17,225,239,243,10,39,3,8,0,26,50,450,142,0,0.2104,0.3230,0.3849,225.1692,4.4215,0.1745,0.0000,0.7079,76.3889
893,2040,102,10,0,1991,1690,420,416,857,222,75,7,116,46,19,305,311,240,8,44,2,15,0,32,50,450,198,0,0.2485,0.3539,0.5071,315.3554,6.3637,0.2586,0.0000,0.8610,70.7692
894,2040,102,10,0,1989,1673,329,546,645,189,48,8,84,43,15,236,246,264,2,39,0,13,0,23,52,468,140,0,0.1967,0.3177,0.3855,224.6927,4.3489,0.1889,0.0000,0.7033,74.1379
895,2040,102,10,0,1995,1653,329,555,638,191,48,9,81,68,39,231,243,291,7,32,5,14,0,23,50,450,138,0,0.1990,0.3276,0.3860,226.3589,4.3500,0.1869,0.0000,0.7136,63.5514
896,2040,102,10,0,1927,1618,334,501,636,195,57,1,81,62,26,218,226,259,8,36,5,9,0,28,50,450,139,0,0.2064,0.3273,0.3931,223.8352,4.4701,0.1867,0.0000,0.7203,70.4545
897,2040,102,10,0,1986,1670,369,484,655,224,74,1,70,48,14,240,250,270,5,24,10,11,1,31,50,450,145,0,0.2210,0.3357,0.3922,238.4888,4.7105,0.1713,0.0000,0.7279,77.4194
898,2040,102,10,0,1971,1675,377,465,746,205,70,7,95,55,20,276,284,265,4,16,3,12,0,23,50,450,172,0,0.2251,0.3343,0.4454,266.5998,5.3084,0.2203,0.0000,0.7797,73.3333
899,2040,102,10,0,1993,1666,374,537,760,203,56,15,100,56,43,273,286,293,8,23,1,9,1,13,50,450,171,0,0.2245,0.3466,0.4562,278.2980,5.5332,0.2317,0.0000,0.8027,56.5657
900,2040,102,10,0,1975,1667,384,529,786,212,52,10,110,45,21,266,275,274,6,24,6,4,0,37,50,450,172,0,0.2304,0.3464,0.4715,281.3592,5.6230,0.2412,0.0000,0.8179,68.1818
901,2040,102,10,0,1915,1630,349,490,669,199,62,6,82,65,16,239,247,249,13,21,6,8,1,26,50,450,150,0,0.2141,0.3244,0.4104,234.2065,4.7297,0.1963,0.0000,0.7349,80.2469
902,2040,102,10,0,1939,1608,328,531,587,197,63,8,60,75,33,218,226,280,6,42,4,5,0,30,50,450,131,0,0.2040,0.3359,0.3650,215.8005,4.3096,0.1611,0.0000,0.7010,69.4444
903,2040,103,10,0,1953,1692,362,495,712,203,61,5,93,27,10,240,245,230,11,20,5,6,0,32,50,450,159,0,0.2139,0.3142,0.4208,231.7066,4.5236,0.2069,0.0000,0.7350,72.9730
904,2040,103,10,0,1894,1611,355,460,635,206,78,11,60,100,56,215,221,231,16,31,8,12,1,25,50,450,149,0,0.2204,0.3273,0.3942,215.5779,4.2893,0.1738,0.0000,0.7215,64.1026
905,2040,103,10,0,1945,1691,365,504,667,223,58,8,76,42,17,223,235,216,4,28,5,5,0,28,50,450,142,0,0.2158,0.3139,0.3944,219.3482,4.2885,0.1786,0.0000,0.7084,71.1864
906,2040,103,10,0,1920,1636,340,474,607,210,58,7,65,33,24,197,209,250,5,27,3,4,0,33,50,450,130,0,0.2078,0.3219,0.3710,203.7350,4.0447,0.1632,0.0000,0.6929,57.8947
907,2040,103,10,0,2057,1705,420,467,706,276,70,6,68,29,20,285,297,298,13,20,14,17,3,34,50,450,144,0,0.2463,0.3618,0.4141,271.9017,5.3586,0.1677,0.0000,0.7758,59.1837
908,2040,103,10,0,1938,1614,382,458,688,243,52,7,80,55,36,258,268,272,4,34,6,12,0,42,50,450,139,0,0.2367,0.3561,0.4263,253.2161,5.1482,0.1896,0.0000,0.7824,60.4396
909,2040,103,10,0,1955,1645,361,460,630,226,67,2,66,59,31,236,251,281,6,19,4,6,0,32,50,450,135,0,0.2195,0.3388,0.3830,227.0626,4.5178,0.1635,0.0000,0.7218,65.5556
910,2040,103,10,0,1900,1622,332,523,586,203,62,9,58,96,38,213,223,232,12,34,7,5,0,16,50,450,129,0,0.2047,0.3159,0.3613,202.7688,4.0374,0.1566,0.0000,0.6772,71.6418
911,2040,103,10,0,1982,1640,378,438,726,209,75,9,85,53,24,266,278,292,10,38,4,8,0,28,50,450,169,0,0.2305,0.3579,0.4427,279.0151,5.6813,0.2122,0.0000,0.8006,68.8312
912,2040,103,10,0,1965,1661,360,503,608,239,56,3,62,52,18,207,226,255,10,28,10,11,0,36,50,450,121,0,0.2167,0.3289,0.3660,214.8996,4.2168,0.1493,0.0000,0.6949,74.2857
913,2040,103,10,0,1920,1605,362,468,721,199,61,8,94,84,31,260,268,276,8,27,4,8,0,29,50,450,163,0,0.2255,0.3471,0.4492,267.0886,5.4839,0.2237,0.0000,0.7963,73.0435
914,2040,103,10,0,1920,1612,327,485,624,189,57,3,78,35,13,214,227,273,3,23,4,8,0,40,50,450,138,0,0.2029,0.3252,0.3871,215.1216,4.3024,0.1842,0.0000,0.7123,72.9167
915,0,0,0,0,0,0,0,0,0,0,0,0,0,0,0,0,0,0,0,0,0,0,0,0,0,0,0,0,0.0000,0.0000,0.0000,0.0000,0.0000,0.0000,0.0000,0.0000,0.0000
916,0,0,0,0,0,0,0,0,0,0,0,0,0,0,0,0,0,0,0,0,0,0,0,0,0,0,0,0,0.0000,0.0000,0.0000,0.0000,0.0000,0.0000,0.0000,0.0000,0.0000
917,0,0,0,0,0,0,0,0,0,0,0,0,0,0,0,0,0,0,0,0,0,0,0,0,0,0,0,0,0.0000,0.0000,0.0000,0.0000,0.0000,0.0000,0.0000,0.0000,0.0000
918,0,0,0,0,0,0,0,0,0,0,0,0,0,0,0,0,0,0,0,0,0,0,0,0,0,0,0,0,0.0000,0.0000,0.0000,0.0000,0.0000,0.0000,0.0000,0.0000,0.0000
919,0,0,0,0,0,0,0,0,0,0,0,0,0,0,0,0,0,0,0,0,0,0,0,0,0,0,0,0,0.0000,0.0000,0.0000,0.0000,0.0000,0.0000,0.0000,0.0000,0.0000
920,0,0,0,0,0,0,0,0,0,0,0,0,0,0,0,0,0,0,0,0,0,0,0,0,0,0,0,0,0.0000,0.0000,0.0000,0.0000,0.0000,0.0000,0.0000,0.0000,0.0000
921,0,0,0,0,0,0,0,0,0,0,0,0,0,0,0,0,0,0,0,0,0,0,0,0,0,0,0,0,0.0000,0.0000,0.0000,0.0000,0.0000,0.0000,0.0000,0.0000,0.0000
922,0,0,0,0,0,0,0,0,0,0,0,0,0,0,0,0,0,0,0,0,0,0,0,0,0,0,0,0,0.0000,0.0000,0.0000,0.0000,0.0000,0.0000,0.0000,0.0000,0.0000
