team_id,year,league_id,level_id,split_id,position,g,gs,tc,a,po,e,dp,tp,pb,sba,rto,er,ip,ipf,pct,range,rtop,cera
31,2040,145,1,0,0,84,840,3102,770,2292,40,64,1,8,80,26,0,6876,0,0.9871,4.0079,0.3250,0.0000
32,2040,145,1,0,0,83,830,2945,686,2221,38,67,0,4,82,30,0,6663,0,0.9871,3.9266,0.3659,0.0000
33,2040,145,1,0,0,86,860,3070,740,2286,44,62,0,11,82,16,0,6858,0,0.9857,3.9711,0.1951,0.0000
34,2040,145,1,0,0,85,850,2991,689,2253,49,63,0,8,110,32,0,6759,0,0.9836,3.9174,0.2909,0.0000
35,2040,145,1,0,0,82,820,2933,704,2178,51,60,0,5,124,38,0,6534,0,0.9826,3.9697,0.3065,0.0000
36,2040,145,1,0,0,84,840,3098,766,2281,51,71,0,8,118,40,0,6843,0,0.9835,4.0075,0.3390,0.0000
37,2040,145,1,0,0,84,840,3110,788,2277,45,56,0,8,120,46,0,6831,0,0.9855,4.0382,0.3833,0.0000
38,2040,145,1,0,0,85,850,3055,742,2270,43,62,0,2,56,20,0,6810,0,0.9859,3.9806,0.3571,0.0000
39,2040,145,1,0,0,85,850,3191,840,2300,51,68,0,5,166,44,0,6900,0,0.9840,4.0957,0.2651,0.0000
40,2040,145,1,0,0,82,820,3004,723,2236,45,72,0,1,90,34,0,6708,0,0.9850,3.9700,0.3778,0.0000
41,2040,145,1,0,0,85,850,3018,686,2290,42,62,0,6,126,40,0,6870,0,0.9861,3.8987,0.3175,0.0000
42,2040,145,1,0,0,86,860,3231,843,2330,58,80,0,7,96,26,0,6990,0,0.9820,4.0854,0.2708,0.0000
43,2040,145,1,0,0,84,840,3138,843,2232,63,67,0,7,138,26,0,6696,0,0.9799,4.1331,0.1884,0.0000
44,2040,145,1,0,0,85,850,2972,666,2245,61,59,0,4,100,28,0,6735,0,0.9795,3.8900,0.2800,0.0000
45,2040,145,1,0,0,83,830,2986,742,2210,34,65,0,8,82,24,0,6630,0,0.9886,4.0072,0.2927,0.0000
46,2040,145,1,0,0,85,850,3058,786,2217,55,65,0,2,94,32,0,6651,0,0.9820,4.0636,0.3404,0.0000
47,2040,145,1,0,0,83,830,2994,707,2224,63,62,0,4,112,32,0,6672,0,0.9790,3.9537,0.2857,0.0000
48,2040,145,1,0,0,83,830,3106,813,2251,42,83,0,7,118,34,0,6753,0,0.9865,4.0835,0.2881,0.0000
49,2040,145,1,0,0,83,830,3025,726,2247,52,71,0,4,90,32,0,6741,0,0.9828,3.9693,0.3556,0.0000
50,2040,145,1,0,0,84,840,3000,733,2238,29,59,0,6,84,22,0,6714,0,0.9903,3.9826,0.2619,0.0000
51,2040,145,1,0,0,85,850,3071,747,2271,53,65,0,4,124,32,0,6813,0,0.9827,3.9868,0.2581,0.0000
52,2040,145,1,0,0,84,840,3009,703,2274,32,55,0,5,94,24,0,6822,0,0.9894,3.9274,0.2553,0.0000
53,2040,145,1,0,0,85,850,3070,694,2325,51,54,0,6,96,20,0,6975,0,0.9834,3.8955,0.2083,0.0000
54,2040,145,1,0,0,85,850,3083,726,2293,64,66,0,6,106,22,0,6879,0,0.9792,3.9498,0.2075,0.0000
55,2040,145,1,0,0,86,860,3092,713,2335,44,56,0,5,106,40,0,7005,0,0.9858,3.9161,0.3774,0.0000
56,2040,145,1,0,0,83,830,3037,775,2223,39,63,0,7,106,36,0,6669,0,0.9872,4.0459,0.3396,0.0000
57,2040,145,1,0,0,83,830,2880,651,2189,40,69,0,6,78,16,0,6567,0,0.9861,3.8922,0.2051,0.0000
58,2040,145,1,0,0,85,850,3108,758,2309,41,81,0,4,92,30,0,6927,0,0.9868,3.9848,0.3261,0.0000
59,2040,145,1,0,0,83,830,2999,746,2190,63,57,0,5,68,10,0,6573,0,0.9790,4.0201,0.1471,0.0000
60,2040,145,1,0,0,82,820,2974,744,2189,41,71,0,9,108,36,0,6567,0,0.9862,4.0196,0.3333,0.0000
85,0,0,0,0,0,0,0,0,0,0,0,0,0,0,0,0,0,0,0,0.0000,0.0000,0.0000,0.0000
86,0,0,0,0,0,0,0,0,0,0,0,0,0,0,0,0,0,0,0,0.0000,0.0000,0.0000,0.0000
157,2040,146,2,0,0,75,750,2894,816,2021,57,34,0,13,156,42,0,6066,0,0.9803,4.2092,0.2692,0.0000
158,2040,146,2,0,0,73,730,2779,757,1966,56,24,0,5,198,74,0,5898,0,0.9798,4.1551,0.3737,0.0000
159,2040,146,2,0,0,74,740,2726,673,2000,53,20,0,4,206,64,0,6000,0,0.9806,4.0095,0.3107,0.0000
160,2040,146,2,0,0,75,750,2866,810,2001,55,40,0,9,214,80,0,6003,0,0.9808,4.2144,0.3738,0.0000
161,2040,146,2,0,0,74,740,2876,848,1969,59,48,0,9,216,92,0,5907,0,0.9795,4.2920,0.4259,0.0000
162,2040,147,2,0,0,75,750,2854,777,2017,60,63,0,11,190,56,0,6051,0,0.9790,4.1557,0.2947,0.0000
163,2040,146,2,0,0,74,740,2796,799,1952,45,44,0,10,178,62,0,5856,0,0.9839,4.2280,0.3483,0.0000
164,2040,146,2,0,0,74,740,2830,801,1980,49,42,0,8,168,52,0,5940,0,0.9827,4.2136,0.3095,0.0000
165,2040,146,2,0,0,73,730,2821,838,1936,47,49,0,10,230,78,0,5808,0,0.9833,4.2986,0.3391,0.0000
166,2040,146,2,0,0,74,740,2817,811,1953,53,38,0,3,188,80,0,5859,0,0.9812,4.2458,0.4255,0.0000
167,2040,146,2,0,0,75,750,2875,814,2001,60,35,0,12,200,80,0,6003,0,0.9791,4.2204,0.4000,0.0000
168,2040,146,2,0,0,73,730,2767,746,1974,47,42,0,12,138,56,0,5922,0,0.9830,4.1337,0.4058,0.0000
169,2040,146,2,0,0,75,750,2852,766,2042,44,28,0,6,190,56,0,6126,0,0.9846,4.1254,0.2947,0.0000
170,2040,146,2,0,0,74,740,2911,875,1991,45,36,0,6,208,76,0,5973,0,0.9845,4.3184,0.3654,0.0000
171,2040,147,2,0,0,75,750,2746,699,1993,54,52,0,7,234,60,0,5979,0,0.9803,4.0522,0.2564,0.0000
172,2040,147,2,0,0,75,750,2812,762,2002,48,56,0,10,206,52,0,6006,0,0.9829,4.1419,0.2524,0.0000
173,2040,147,2,0,0,75,750,2763,751,1960,52,52,0,10,288,68,0,5883,0,0.9812,4.1474,0.2361,0.0000
174,2040,147,2,0,0,75,750,2847,805,1982,60,53,0,12,254,70,0,5946,0,0.9789,4.2185,0.2756,0.0000
175,2040,147,2,0,0,74,740,2735,710,1977,48,42,0,7,222,56,0,5934,0,0.9824,4.0753,0.2523,0.0000
176,2040,146,2,0,0,75,750,2809,768,1994,47,38,0,5,188,66,0,5982,0,0.9833,4.1555,0.3511,0.0000
177,2040,147,2,0,0,75,750,2740,692,1995,53,45,0,4,220,62,0,5985,0,0.9807,4.0406,0.2818,0.0000
178,2040,147,2,0,0,75,750,2740,674,2009,57,57,0,12,174,56,0,6030,0,0.9792,4.0045,0.3218,0.0000
179,2040,147,2,0,0,74,740,2774,772,1954,48,53,0,8,294,68,0,5862,0,0.9827,4.1853,0.2313,0.0000
180,2040,147,2,0,0,75,750,2753,707,1998,48,41,0,3,156,44,0,5994,0,0.9826,4.0616,0.2821,0.0000
181,2040,147,2,0,0,75,750,2801,752,1994,55,44,0,6,180,56,0,5982,0,0.9804,4.1314,0.3111,0.0000
182,2040,147,2,0,0,75,750,2776,730,2003,43,44,0,7,152,48,0,6009,0,0.9845,4.0934,0.3158,0.0000
183,2040,147,2,0,0,75,750,2762,702,1999,61,37,0,6,286,70,0,5997,0,0.9779,4.0535,0.2448,0.0000
184,2040,147,2,0,0,75,750,2875,818,2003,54,61,0,10,182,70,0,6009,0,0.9812,4.2252,0.3846,0.0000
185,2040,147,2,0,0,75,750,2714,657,2003,54,37,0,5,170,30,0,6009,0,0.9801,3.9840,0.1765,0.0000
186,2040,147,2,0,0,75,750,2696,641,2012,43,37,0,8,208,54,0,6036,0,0.9841,3.9558,0.2596,0.0000
187,2040,148,3,0,0,81,810,3055,863,2128,64,46,0,5,236,74,0,6387,0,0.9791,4.2147,0.3136,0.0000
188,2040,148,3,0,0,81,810,3036,795,2183,58,46,0,3,216,74,0,6552,0,0.9809,4.0907,0.3426,0.0000
189,2040,148,3,0,0,81,810,3038,811,2147,80,37,0,9,282,82,0,6441,0,0.9737,4.1332,0.2908,0.0000
190,2040,148,3,0,0,81,810,2988,806,2116,66,35,0,13,230,90,0,6354,0,0.9779,4.1388,0.3913,0.0000
191,2040,148,3,0,0,81,810,3027,840,2143,44,48,0,12,210,50,0,6432,0,0.9855,4.1740,0.2381,0.0000
192,2040,148,3,0,0,81,810,3108,907,2147,54,56,0,4,228,82,0,6441,0,0.9826,4.2673,0.3596,0.0000
193,2040,148,3,0,0,81,810,3159,941,2150,68,52,0,6,430,104,0,6450,0,0.9785,4.3130,0.2419,0.0000
194,2040,148,3,0,0,81,810,3024,762,2207,55,38,0,5,174,62,0,6621,0,0.9818,4.0358,0.3563,0.0000
195,2040,148,3,0,0,81,810,3070,853,2151,66,48,1,5,272,86,0,6456,0,0.9785,4.1877,0.3162,0.0000
196,2040,148,3,0,0,81,810,3111,877,2155,79,38,0,8,344,88,0,6465,0,0.9746,4.2209,0.2558,0.0000
197,2040,148,3,0,0,81,810,3071,772,2228,71,34,0,9,244,66,0,6684,0,0.9769,4.0395,0.2705,0.0000
198,2040,148,3,0,0,81,810,3071,844,2155,72,56,0,7,266,68,0,6468,0,0.9766,4.1730,0.2556,0.0000
199,2040,149,3,0,0,79,790,2927,750,2127,50,37,0,9,262,56,0,6381,0,0.9829,4.0578,0.2137,0.0000
200,2040,149,3,0,0,80,800,2954,808,2110,36,45,0,7,278,74,0,6330,0,0.9878,4.1488,0.2662,0.0000
201,2040,149,3,0,0,80,800,3090,875,2166,49,57,0,5,304,96,0,6498,0,0.9841,4.2119,0.3158,0.0000
202,2040,149,3,0,0,79,790,3001,825,2126,50,49,0,8,246,72,0,6378,0,0.9833,4.1642,0.2927,0.0000
203,2040,149,3,0,0,80,800,2985,815,2129,41,55,0,7,216,68,0,6387,0,0.9863,4.1484,0.3148,0.0000
204,2040,149,3,0,0,79,790,2853,720,2088,45,53,0,8,246,64,0,6264,0,0.9842,4.0345,0.2602,0.0000
205,2040,149,3,0,0,80,800,3101,914,2125,62,50,0,6,298,82,0,6375,0,0.9800,4.2904,0.2752,0.0000
206,2040,149,3,0,0,79,790,2927,749,2116,62,45,0,21,334,62,0,6348,0,0.9788,4.0619,0.1856,0.0000
207,2040,149,3,0,0,80,800,2907,710,2142,55,44,0,6,188,48,0,6426,0,0.9811,3.9944,0.2553,0.0000
208,2040,149,3,0,0,80,800,3039,853,2130,56,63,0,5,244,70,0,6390,0,0.9816,4.2014,0.2869,0.0000
209,2040,150,3,0,0,79,790,2909,777,2073,59,37,0,5,328,76,0,6219,0,0.9797,4.1245,0.2317,0.0000
210,2040,150,3,0,0,80,800,3092,880,2159,53,48,0,5,314,90,0,6477,0,0.9829,4.2228,0.2866,0.0000
211,2040,150,3,0,0,80,800,3055,883,2133,39,55,0,8,242,72,0,6399,0,0.9872,4.2419,0.2975,0.0000
212,2040,150,3,0,0,80,800,3132,921,2151,60,54,0,4,264,74,0,6453,0,0.9808,4.2845,0.2803,0.0000
213,2040,150,3,0,0,80,800,3074,856,2165,53,48,0,10,262,80,0,6495,0,0.9828,4.1861,0.3053,0.0000
214,2040,150,3,0,0,79,790,3068,924,2094,50,59,0,4,230,62,0,6282,0,0.9837,4.3238,0.2696,0.0000
215,2040,150,3,0,0,80,800,3037,853,2130,54,53,0,10,216,108,0,6390,0,0.9822,4.2014,0.5000,0.0000
216,2040,150,3,0,0,80,800,3144,916,2172,56,43,0,7,352,90,0,6516,0,0.9822,4.2652,0.2557,0.0000
218,2040,151,4,0,0,80,800,2959,761,2159,39,49,0,5,156,54,0,6480,0,0.9868,4.0556,0.3462,0.0000
219,2040,151,4,0,0,80,800,2937,775,2115,47,44,0,8,256,90,0,6345,0,0.9840,4.0993,0.3516,0.0000
220,2040,151,4,0,0,80,800,3071,899,2123,49,53,0,17,250,82,0,6372,0,0.9840,4.2684,0.3280,0.0000
221,2040,151,4,0,0,80,800,2879,727,2112,40,41,0,9,284,50,0,6336,0,0.9861,4.0327,0.1761,0.0000
223,2040,151,4,0,0,80,800,3014,819,2129,66,39,0,68,374,90,0,6387,0,0.9781,4.1541,0.2406,0.0000
224,2040,151,4,0,0,80,800,2950,752,2158,40,35,0,7,216,72,0,6474,0,0.9864,4.0454,0.3333,0.0000
225,2040,152,4,0,0,73,730,2847,805,1980,62,33,0,5,240,88,0,5940,0,0.9782,4.2197,0.3667,0.0000
226,2040,151,4,0,0,80,800,2899,725,2134,40,36,0,7,234,72,0,6402,0,0.9862,4.0192,0.3077,0.0000
227,2040,152,4,0,0,73,730,2698,753,1906,39,44,0,9,236,76,0,5721,0,0.9855,4.1830,0.3220,0.0000
228,2040,153,4,0,0,81,810,3027,776,2196,55,38,0,7,214,90,0,6588,0,0.9818,4.0601,0.4206,0.0000
229,2040,152,4,0,0,73,730,2734,722,1960,52,40,0,9,210,62,0,5880,0,0.9810,4.1051,0.2952,0.0000
230,2040,152,4,0,0,73,730,2800,799,1964,37,48,0,5,186,66,0,5895,0,0.9868,4.2183,0.3548,0.0000
231,2040,152,4,0,0,73,730,2784,790,1914,80,44,0,4,364,114,0,5742,0,0.9713,4.2382,0.3132,0.0000
232,2040,152,4,0,0,73,730,2776,779,1936,61,38,0,6,234,88,0,5808,0,0.9780,4.2071,0.3761,0.0000
233,2040,151,4,0,0,80,800,2865,706,2124,35,32,0,8,252,84,0,6375,0,0.9878,3.9953,0.3333,0.0000
234,2040,152,4,0,0,73,730,2842,791,1996,55,41,0,5,286,78,0,5988,0,0.9806,4.1889,0.2727,0.0000
236,2040,153,4,0,0,81,810,3060,839,2171,50,50,0,4,234,82,0,6513,0,0.9837,4.1594,0.3504,0.0000
237,2040,153,4,0,0,81,810,3024,781,2201,42,34,0,4,160,64,0,6603,0,0.9861,4.0645,0.4000,0.0000
238,2040,153,4,0,0,81,810,3144,892,2194,58,40,0,8,210,74,0,6582,0,0.9816,4.2197,0.3524,0.0000
239,2040,153,4,0,0,81,810,3228,950,2223,55,44,0,5,420,126,0,6669,0,0.9830,4.2821,0.3000,0.0000
240,2040,153,4,0,0,81,810,3043,809,2168,66,34,0,8,376,106,0,6504,0,0.9783,4.1195,0.2819,0.0000
241,2040,153,4,0,0,81,810,2951,770,2136,45,39,0,3,254,86,0,6408,0,0.9848,4.0815,0.3386,0.0000
242,2040,153,4,0,0,81,810,3126,880,2177,69,40,0,7,270,82,0,6531,0,0.9779,4.2127,0.3037,0.0000
243,2040,153,4,0,0,81,810,3087,898,2133,56,52,0,11,238,78,0,6399,0,0.9819,4.2630,0.3277,0.0000
244,2040,153,4,0,0,81,810,3111,885,2162,64,58,0,8,322,116,0,6489,0,0.9794,4.2261,0.3602,0.0000
245,2040,152,4,0,0,73,730,2851,835,1951,65,33,0,5,298,94,0,5853,0,0.9772,4.2840,0.3154,0.0000
246,2040,153,4,0,0,81,810,3102,884,2164,54,45,0,5,364,132,0,6492,0,0.9826,4.2255,0.3626,0.0000
247,2040,154,4,0,0,81,810,3120,857,2203,60,45,0,2,244,80,0,6609,0,0.9808,4.1670,0.3279,0.0000
248,2040,154,4,0,0,81,810,3102,842,2197,63,32,0,4,286,88,0,6591,0,0.9797,4.1497,0.3077,0.0000
249,2040,154,4,0,0,81,810,3094,870,2179,45,45,0,6,296,132,0,6537,0,0.9855,4.1978,0.4459,0.0000
250,2040,154,4,0,0,81,810,3116,822,2229,65,31,0,5,276,88,0,6690,0,0.9791,4.1045,0.3188,0.0000
251,2040,154,4,0,0,81,810,3143,871,2227,45,51,0,11,224,88,0,6681,0,0.9857,4.1733,0.3929,0.0000
252,2040,154,4,0,0,81,810,3134,871,2187,76,35,0,4,386,102,0,6561,0,0.9757,4.1948,0.2642,0.0000
253,2040,154,4,0,0,81,810,3228,1067,2098,63,62,0,11,370,130,0,6294,0,0.9805,4.5257,0.3514,0.0000
254,2040,154,4,0,0,81,810,3100,854,2172,74,45,0,44,432,102,0,6516,0,0.9761,4.1796,0.2361,0.0000
255,2040,154,4,0,0,81,810,3090,877,2141,72,46,0,7,362,104,0,6423,0,0.9767,4.2289,0.2873,0.0000
256,2040,155,4,0,0,79,790,2962,777,2132,53,29,0,6,272,78,0,6396,0,0.9821,4.0933,0.2868,0.0000
257,2040,154,4,0,0,81,810,3080,826,2197,57,30,0,3,292,94,0,6594,0,0.9815,4.1260,0.3219,0.0000
258,2040,154,4,0,0,81,810,3148,899,2180,69,41,0,6,336,110,0,6543,0,0.9781,4.2352,0.3274,0.0000
259,2040,154,4,0,0,81,810,3081,833,2197,51,29,0,7,266,72,0,6591,0,0.9834,4.1375,0.2707,0.0000
260,2040,154,4,0,0,81,810,3023,778,2208,37,42,0,12,238,96,0,6624,0,0.9878,4.0571,0.4034,0.0000
261,2040,155,4,0,0,79,790,3001,833,2123,45,41,0,9,342,110,0,6369,0,0.9850,4.1771,0.3216,0.0000
262,2040,155,4,0,0,79,790,2981,799,2124,58,42,0,3,262,94,0,6372,0,0.9805,4.1285,0.3588,0.0000
263,2040,155,4,0,0,78,780,2928,782,2103,43,31,0,6,234,86,0,6309,0,0.9853,4.1155,0.3675,0.0000
264,2040,154,4,0,0,81,810,3111,970,2086,55,41,0,3,356,130,0,6258,0,0.9823,4.3950,0.3652,0.0000
265,2040,155,4,0,0,78,780,2943,794,2108,41,39,0,7,296,80,0,6324,0,0.9861,4.1300,0.2703,0.0000
266,2040,155,4,0,0,79,790,2938,798,2102,38,31,0,8,308,86,0,6306,0,0.9871,4.1389,0.2792,0.0000
267,2040,154,4,0,0,81,810,3114,861,2209,44,37,0,2,318,94,0,6627,0,0.9859,4.1693,0.2956,0.0000
268,2040,155,4,0,0,79,790,2994,801,2139,54,33,0,2,266,84,0,6417,0,0.9820,4.1234,0.3158,0.0000
269,2040,155,4,0,0,78,780,2918,757,2109,52,26,0,12,244,72,0,6327,0,0.9822,4.0768,0.2951,0.0000
270,2040,155,4,0,0,77,770,2898,802,2023,73,35,0,4,276,74,0,6069,0,0.9748,4.1893,0.2681,0.0000
271,2040,155,4,0,0,77,770,2964,806,2081,77,31,0,7,292,106,0,6243,0,0.9740,4.1619,0.3630,0.0000
272,2040,155,4,0,0,79,790,3057,865,2125,67,21,0,5,390,110,0,6375,0,0.9781,4.2212,0.2821,0.0000
273,2040,154,4,0,0,81,810,2932,696,2192,44,28,0,5,280,102,0,6576,0,0.9850,3.9526,0.3643,0.0000
274,2040,155,4,0,0,78,780,2988,833,2099,56,26,0,5,314,128,0,6297,0,0.9813,4.1906,0.4076,0.0000
275,2040,155,4,0,0,79,790,3054,902,2082,70,49,0,7,356,92,0,6249,0,0.9771,4.2976,0.2584,0.0000
276,2040,155,4,0,0,79,790,3072,873,2107,92,36,0,12,358,90,0,6321,0,0.9701,4.2430,0.2514,0.0000
277,2040,156,5,0,0,74,740,2806,757,1991,58,41,0,15,236,52,0,5973,0,0.9793,4.1406,0.2203,0.0000
278,2040,156,5,0,0,74,740,2939,840,2014,85,34,0,5,236,62,0,6042,0,0.9711,4.2512,0.2627,0.0000
279,2040,156,5,0,0,74,740,2785,715,2037,33,40,0,5,196,68,0,6111,0,0.9882,4.0530,0.3469,0.0000
280,2040,156,5,0,0,74,740,2791,729,1994,68,39,0,3,180,58,0,5985,0,0.9756,4.0947,0.3222,0.0000
281,2040,156,5,0,0,74,740,2758,730,1958,70,28,0,5,182,72,0,5874,0,0.9746,4.1185,0.3956,0.0000
282,2040,156,5,0,0,73,730,2713,661,2013,39,40,0,1,168,68,0,6039,0,0.9856,3.9851,0.4048,0.0000
283,2040,156,5,0,0,74,740,2750,719,1987,44,34,0,2,110,40,0,5961,0,0.9840,4.0856,0.3636,0.0000
284,2040,156,5,0,0,74,740,2871,805,1996,70,42,0,5,284,62,0,5991,0,0.9756,4.2078,0.2183,0.0000
285,2040,156,5,0,0,74,740,2836,769,2013,54,31,0,4,242,70,0,6039,0,0.9810,4.1461,0.2893,0.0000
286,2040,156,5,0,0,74,740,2746,709,1985,52,32,0,5,252,78,0,5955,0,0.9811,4.0715,0.3095,0.0000
287,2040,156,5,0,0,74,740,2835,780,2002,53,36,0,4,214,74,0,6006,0,0.9813,4.1688,0.3458,0.0000
288,2040,156,5,0,0,74,740,2759,732,1973,54,38,0,5,250,82,0,5919,0,0.9804,4.1130,0.3280,0.0000
289,2040,156,5,0,0,73,730,2682,684,1940,58,31,0,6,188,58,0,5823,0,0.9784,4.0556,0.3085,0.0000
290,2040,156,5,0,0,72,720,2804,899,1861,44,60,0,6,314,78,0,5583,0,0.9843,4.4492,0.2484,0.0000
291,2040,157,5,0,0,80,800,3009,804,2158,47,34,0,7,374,90,0,6474,0,0.9844,4.1177,0.2406,0.0000
292,2040,157,5,0,0,80,800,3020,815,2159,46,28,1,8,256,82,0,6477,0,0.9848,4.1325,0.3203,0.0000
293,2040,157,5,0,0,80,800,3025,845,2125,55,38,0,5,354,144,0,6375,0,0.9818,4.1929,0.4068,0.0000
294,2040,157,5,0,0,80,800,3041,823,2165,53,31,0,4,388,130,0,6495,0,0.9826,4.1404,0.3351,0.0000
295,2040,157,5,0,0,80,800,3026,850,2088,88,36,0,254,420,78,0,6264,0,0.9709,4.2213,0.1857,0.0000
296,2040,157,5,0,0,80,800,2999,799,2143,57,34,0,15,252,96,0,6429,0,0.9810,4.1185,0.3810,0.0000
297,2040,157,5,0,0,80,800,3024,812,2146,66,26,0,6,408,130,0,6438,0,0.9782,4.1351,0.3186,0.0000
298,2040,157,5,0,0,80,800,3036,869,2110,57,59,0,8,384,124,0,6330,0,0.9812,4.2355,0.3229,0.0000
299,2040,158,6,0,0,82,820,3118,849,2192,77,27,1,3,242,106,0,6576,0,0.9753,4.1620,0.4380,0.0000
300,2040,158,6,0,0,82,820,3248,1010,2176,62,37,0,6,448,122,0,6528,0,0.9809,4.3925,0.2723,0.0000
301,2040,158,6,0,0,82,820,3042,792,2190,60,27,0,5,246,102,0,6570,0,0.9803,4.0849,0.4146,0.0000
302,2040,158,6,0,0,82,820,3108,818,2217,73,22,0,5,354,152,0,6651,0,0.9765,4.1069,0.4294,0.0000
303,2040,158,6,0,0,82,820,3138,765,2292,81,31,0,7,342,122,0,6876,0,0.9742,4.0013,0.3567,0.0000
304,2040,158,6,0,0,82,820,3104,803,2247,54,25,0,4,248,84,0,6741,0,0.9826,4.0721,0.3387,0.0000
305,2040,158,6,0,0,82,820,3163,792,2315,56,21,1,6,242,70,0,6945,0,0.9823,4.0263,0.2893,0.0000
306,2040,158,6,0,0,82,820,3292,1021,2151,120,39,0,6,560,152,0,6453,0,0.9635,4.4240,0.2714,0.0000
307,2040,158,6,0,0,82,820,3233,982,2190,61,38,0,3,496,164,0,6570,0,0.9811,4.3452,0.3306,0.0000
308,2040,158,6,0,0,82,820,3182,854,2241,87,26,0,4,336,118,0,6723,0,0.9727,4.1432,0.3512,0.0000
309,2040,159,6,0,0,68,680,2550,638,1857,55,36,0,4,186,60,0,5571,0,0.9784,4.0307,0.3226,0.0000
310,2040,159,6,0,0,66,660,2398,555,1799,44,17,0,0,150,54,0,5397,0,0.9817,3.9255,0.3600,0.0000
312,2040,159,6,0,0,69,690,2703,795,1800,108,26,0,53,412,68,0,5400,0,0.9600,4.3250,0.1650,0.0000
313,2040,159,6,0,0,66,660,2580,680,1762,138,21,0,58,370,96,0,5286,0,0.9465,4.1578,0.2595,0.0000
314,2040,159,6,0,0,69,690,2612,709,1869,34,30,0,3,200,90,0,5607,0,0.9870,4.1380,0.4500,0.0000
315,2040,159,6,0,0,65,650,2598,835,1707,56,39,0,3,254,90,0,5121,0,0.9784,4.4675,0.3543,0.0000
316,2040,159,6,0,0,66,660,2512,697,1751,64,22,0,11,198,56,0,5253,0,0.9745,4.1942,0.2828,0.0000
317,2040,159,6,0,0,66,660,2552,697,1798,57,23,0,12,210,90,0,5394,0,0.9777,4.1630,0.4286,0.0000
318,2040,160,6,0,0,71,710,2489,519,1931,39,14,0,6,94,30,0,5793,0,0.9843,3.8063,0.3191,0.0000
319,2040,160,6,0,0,68,680,2493,573,1880,40,25,0,1,114,42,0,5640,0,0.9840,3.9144,0.3684,0.0000
320,2040,160,6,0,0,71,710,2722,808,1861,53,40,0,3,292,90,0,5583,0,0.9805,4.3025,0.3082,0.0000
322,2040,160,6,0,0,67,670,2529,658,1815,56,19,0,2,234,82,0,5445,0,0.9779,4.0876,0.3504,0.0000
323,2040,160,6,0,0,68,680,2614,735,1838,41,37,0,2,148,70,0,5514,0,0.9843,4.1997,0.4730,0.0000
324,2040,160,6,0,0,71,710,2725,759,1895,71,14,0,3,218,86,0,5685,0,0.9739,4.2016,0.3945,0.0000
325,2040,160,6,0,0,66,660,2594,728,1793,73,36,0,7,278,112,0,5379,0,0.9719,4.2181,0.4029,0.0000
326,2040,160,6,0,0,71,710,2694,714,1911,69,26,0,1,244,78,0,5733,0,0.9744,4.1209,0.3197,0.0000
327,2040,159,6,0,0,66,660,2501,664,1774,63,16,0,1,236,68,0,5322,0,0.9748,4.1229,0.2881,0.0000
328,2040,160,6,0,0,71,710,2656,697,1921,38,26,0,5,132,54,0,5763,0,0.9857,4.0885,0.4091,0.0000
329,2040,159,6,0,0,69,690,2604,715,1809,80,24,0,29,250,66,0,5433,0,0.9693,4.1811,0.2640,0.0000
330,2040,160,6,0,0,71,710,2638,672,1918,48,32,0,2,140,56,0,5757,0,0.9818,4.0490,0.4000,0.0000
331,2040,160,6,0,0,71,710,2817,902,1841,74,35,0,16,416,142,0,5523,0,0.9737,4.4699,0.3413,0.0000
332,2040,160,6,0,0,71,710,2694,723,1871,100,29,0,52,226,50,0,5613,0,0.9629,4.1593,0.2212,0.0000
333,2040,161,6,0,0,80,800,3102,825,2198,79,25,0,2,282,134,0,6594,0,0.9745,4.1260,0.4752,0.0000
334,2040,161,6,0,0,79,790,3097,846,2167,84,39,0,73,338,74,0,6501,0,0.9729,4.1712,0.2189,0.0000
335,2040,161,6,0,0,80,800,3059,815,2180,64,28,0,0,248,106,0,6540,0,0.9791,4.1216,0.4274,0.0000
336,2040,161,6,0,0,79,790,3127,902,2155,70,30,1,7,228,92,0,6465,0,0.9776,4.2557,0.4035,0.0000
337,2040,161,6,0,0,78,780,3041,828,2159,54,35,0,2,232,88,0,6477,0,0.9822,4.1505,0.3793,0.0000
338,2040,161,6,0,0,80,800,3209,1035,2079,95,39,0,2,460,132,0,6237,0,0.9704,4.4935,0.2870,0.0000
339,2040,161,6,0,0,80,800,3066,845,2162,59,36,0,2,252,90,0,6486,0,0.9808,4.1725,0.3571,0.0000
340,2040,161,6,0,0,80,800,3040,807,2095,138,26,0,55,492,120,0,6285,0,0.9546,4.1556,0.2439,0.0000
343,0,0,0,0,0,0,0,0,0,0,0,0,0,0,0,0,0,0,0,0.0000,0.0000,0.0000,0.0000
344,0,0,0,0,0,0,0,0,0,0,0,0,0,0,0,0,0,0,0,0.0000,0.0000,0.0000,0.0000
345,0,0,0,0,0,0,0,0,0,0,0,0,0,0,0,0,0,0,0,0.0000,0.0000,0.0000,0.0000
346,0,0,0,0,0,0,0,0,0,0,0,0,0,0,0,0,0,0,0,0.0000,0.0000,0.0000,0.0000
347,0,0,0,0,0,0,0,0,0,0,0,0,0,0,0,0,0,0,0,0.0000,0.0000,0.0000,0.0000
348,0,0,0,0,0,0,0,0,0,0,0,0,0,0,0,0,0,0,0,0.0000,0.0000,0.0000,0.0000
349,0,0,0,0,0,0,0,0,0,0,0,0,0,0,0,0,0,0,0,0.0000,0.0000,0.0000,0.0000
350,0,0,0,0,0,0,0,0,0,0,0,0,0,0,0,0,0,0,0,0.0000,0.0000,0.0000,0.0000
351,0,0,0,0,0,0,0,0,0,0,0,0,0,0,0,0,0,0,0,0.0000,0.0000,0.0000,0.0000
352,0,0,0,0,0,0,0,0,0,0,0,0,0,0,0,0,0,0,0,0.0000,0.0000,0.0000,0.0000
353,0,0,0,0,0,0,0,0,0,0,0,0,0,0,0,0,0,0,0,0.0000,0.0000,0.0000,0.0000
354,0,0,0,0,0,0,0,0,0,0,0,0,0,0,0,0,0,0,0,0.0000,0.0000,0.0000,0.0000
355,0,0,0,0,0,0,0,0,0,0,0,0,0,0,0,0,0,0,0,0.0000,0.0000,0.0000,0.0000
356,0,0,0,0,0,0,0,0,0,0,0,0,0,0,0,0,0,0,0,0.0000,0.0000,0.0000,0.0000
357,0,0,0,0,0,0,0,0,0,0,0,0,0,0,0,0,0,0,0,0.0000,0.0000,0.0000,0.0000
358,0,0,0,0,0,0,0,0,0,0,0,0,0,0,0,0,0,0,0,0.0000,0.0000,0.0000,0.0000
359,0,0,0,0,0,0,0,0,0,0,0,0,0,0,0,0,0,0,0,0.0000,0.0000,0.0000,0.0000
360,0,0,0,0,0,0,0,0,0,0,0,0,0,0,0,0,0,0,0,0.0000,0.0000,0.0000,0.0000
361,2040,159,6,0,0,69,690,2542,641,1845,56,27,0,3,186,66,0,5541,0,0.9780,4.0379,0.3548,0.0000
403,2040,160,6,0,0,71,710,2655,677,1919,59,26,0,11,214,74,0,5757,0,0.9778,4.0584,0.3458,0.0000
404,2040,160,6,0,0,68,680,2574,695,1822,57,30,0,11,168,76,0,5469,0,0.9779,4.1421,0.4524,0.0000
405,2040,159,6,0,0,65,650,2492,692,1747,53,19,0,46,294,62,0,5241,0,0.9787,4.1883,0.2109,0.0000
406,2040,160,6,0,0,71,710,2585,644,1864,77,18,0,2,284,104,0,5592,0,0.9702,4.0365,0.3662,0.0000
408,2040,160,6,0,0,67,670,2606,795,1710,101,42,0,3,314,106,0,5130,0,0.9612,4.3947,0.3376,0.0000
409,0,0,0,0,0,0,0,0,0,0,0,0,0,0,0,0,0,0,0,0.0000,0.0000,0.0000,0.0000
410,0,0,0,0,0,0,0,0,0,0,0,0,0,0,0,0,0,0,0,0.0000,0.0000,0.0000,0.0000
584,2040,172,6,0,0,74,740,2988,874,2031,83,31,0,3,258,76,0,6093,0,0.9722,4.2910,0.2946,0.0000
585,2040,172,6,0,0,74,740,2761,732,1985,44,31,0,2,248,52,0,5955,0,0.9841,4.1063,0.2097,0.0000
586,2040,172,6,0,0,71,710,2701,697,1945,59,25,0,6,230,60,0,5835,0,0.9782,4.0751,0.2609,0.0000
587,2040,172,6,0,0,74,740,2830,766,1964,100,32,0,9,250,80,0,5892,0,0.9647,4.1701,0.3200,0.0000
588,2040,172,6,0,0,71,710,2681,725,1872,84,28,1,2,242,74,0,5616,0,0.9687,4.1619,0.3058,0.0000
589,2040,172,6,0,0,71,710,2722,761,1906,55,35,0,2,238,82,0,5718,0,0.9798,4.1978,0.3445,0.0000
590,2040,172,6,0,0,71,710,2767,807,1902,58,44,0,2,288,90,0,5706,0,0.9790,4.2729,0.3125,0.0000
591,2040,172,6,0,0,71,710,2787,865,1860,62,36,0,1,314,94,0,5580,0,0.9778,4.3952,0.2994,0.0000
592,2040,172,6,0,0,74,740,2860,789,1992,79,19,0,2,214,98,0,5976,0,0.9724,4.1883,0.4579,0.0000
593,2040,172,6,0,0,71,710,2685,723,1906,56,30,0,10,232,70,0,5718,0,0.9791,4.1380,0.3017,0.0000
594,2040,172,6,0,0,71,710,2673,733,1896,44,32,0,3,200,86,0,5688,0,0.9835,4.1598,0.4300,0.0000
595,2040,172,6,0,0,74,740,2811,817,1932,62,45,0,5,358,88,0,5796,0,0.9779,4.2686,0.2458,0.0000
596,2040,172,6,0,0,71,710,2691,727,1880,84,25,0,11,276,104,0,5643,0,0.9688,4.1579,0.3768,0.0000
597,2040,172,6,0,0,71,710,2676,741,1868,67,22,0,3,250,88,0,5607,0,0.9750,4.1878,0.3520,0.0000
598,2040,172,6,0,0,71,710,2708,753,1857,98,33,0,30,248,58,0,5571,0,0.9638,4.2165,0.2339,0.0000
599,2040,172,6,0,0,71,710,2712,771,1893,48,39,0,4,224,90,0,5679,0,0.9823,4.2219,0.4018,0.0000
600,2040,172,6,0,0,71,710,2714,722,1924,68,28,0,1,292,82,0,5772,0,0.9749,4.1258,0.2808,0.0000
601,2040,172,6,0,0,71,710,2633,643,1940,50,29,0,3,154,54,0,5823,0,0.9810,3.9923,0.3506,0.0000
602,2040,172,6,0,0,71,710,2801,831,1902,68,32,0,4,324,112,0,5706,0,0.9757,4.3107,0.3457,0.0000
603,2040,172,6,0,0,71,710,2846,951,1832,63,54,0,6,448,114,0,5496,0,0.9779,4.5573,0.2545,0.0000
604,2040,172,6,0,0,71,710,2755,805,1883,67,33,0,2,210,90,0,5649,0,0.9757,4.2825,0.4286,0.0000
605,2040,172,6,0,0,74,740,2720,697,1990,33,28,1,2,190,46,0,5970,0,0.9879,4.0508,0.2421,0.0000
606,2040,172,6,0,0,71,710,2719,759,1906,54,39,0,1,312,114,0,5718,0,0.9801,4.1946,0.3654,0.0000
607,2040,172,6,0,0,74,740,2877,874,1950,53,40,0,3,242,96,0,5850,0,0.9816,4.3446,0.3967,0.0000
608,2040,172,6,0,0,74,740,2828,765,2009,54,24,0,3,216,54,0,6027,0,0.9809,4.1424,0.2500,0.0000
609,2040,172,6,0,0,74,740,2846,807,1964,75,28,0,4,318,82,0,5892,0,0.9736,4.2327,0.2579,0.0000
611,2040,172,6,0,0,71,710,2741,768,1859,114,45,0,152,398,70,0,5577,0,0.9584,4.2394,0.1759,0.0000
613,2040,172,6,0,0,74,740,2868,792,2010,66,27,0,5,264,80,0,6030,0,0.9770,4.1821,0.3030,0.0000
614,0,0,0,0,0,0,0,0,0,0,0,0,0,0,0,0,0,0,0,0.0000,0.0000,0.0000,0.0000
615,0,0,0,0,0,0,0,0,0,0,0,0,0,0,0,0,0,0,0,0.0000,0.0000,0.0000,0.0000
616,2040,172,6,0,0,71,710,2771,781,1889,101,32,0,16,310,70,0,5673,0,0.9636,4.2359,0.2258,0.0000
617,2040,172,6,0,0,74,740,2904,813,2011,80,26,0,1,274,94,0,6033,0,0.9725,4.2128,0.3431,0.0000
618,2040,172,6,0,0,74,740,2755,728,1979,48,21,0,2,278,88,0,5943,0,0.9826,4.0994,0.3165,0.0000
619,2040,172,6,0,0,70,700,2668,750,1850,68,27,0,5,306,88,0,5550,0,0.9745,4.2162,0.2876,0.0000
620,2040,172,6,0,0,74,740,2781,736,2004,41,33,0,2,282,68,0,6012,0,0.9853,4.1018,0.2411,0.0000
649,2040,172,6,0,0,70,700,2651,739,1870,42,32,0,3,224,66,0,5613,0,0.9842,4.1833,0.2946,0.0000
651,2040,159,6,0,0,69,690,2658,705,1848,105,25,0,61,328,78,0,5544,0,0.9605,4.1445,0.2378,0.0000
736,2040,159,6,0,0,66,660,2656,830,1764,62,31,0,1,372,90,0,5295,0,0.9767,4.4091,0.2419,0.0000
742,2040,172,6,0,0,74,740,2871,762,1955,154,30,0,113,368,76,0,5868,0,0.9464,4.1672,0.2065,0.0000
745,2040,160,6,0,0,68,680,2650,767,1802,81,32,0,2,266,88,0,5406,0,0.9694,4.2769,0.3308,0.0000
751,2040,172,6,0,0,71,710,2713,741,1921,51,35,0,3,280,102,0,5766,0,0.9812,4.1550,0.3643,0.0000
753,2040,172,6,0,0,73,730,2773,775,1951,47,34,0,2,212,76,0,5853,0,0.9831,4.1917,0.3585,0.0000
754,2040,172,6,0,0,71,710,2751,786,1907,58,41,0,3,214,90,0,5721,0,0.9789,4.2365,0.4206,0.0000
755,2040,172,6,0,0,70,700,2635,694,1886,55,21,0,3,196,76,0,5658,0,0.9791,4.1039,0.3878,0.0000
756,2040,152,4,0,0,73,730,2746,716,1983,47,39,0,5,192,60,0,5949,0,0.9829,4.0832,0.3125,0.0000
757,2040,153,4,0,0,81,810,3111,894,2155,62,52,0,5,250,88,0,6465,0,0.9801,4.2445,0.3520,0.0000
758,2040,152,4,0,0,73,730,2726,727,1944,55,28,0,11,256,88,0,5832,0,0.9798,4.1219,0.3438,0.0000
785,2040,159,6,0,0,69,690,2696,729,1893,74,21,0,6,234,72,0,5682,0,0.9726,4.1531,0.3077,0.0000
787,0,0,0,0,0,0,0,0,0,0,0,0,0,0,0,0,0,0,0,0.0000,0.0000,0.0000,0.0000
788,0,0,0,0,0,0,0,0,0,0,0,0,0,0,0,0,0,0,0,0.0000,0.0000,0.0000,0.0000
789,0,0,0,0,0,0,0,0,0,0,0,0,0,0,0,0,0,0,0,0.0000,0.0000,0.0000,0.0000
790,0,0,0,0,0,0,0,0,0,0,0,0,0,0,0,0,0,0,0,0.0000,0.0000,0.0000,0.0000
791,2040,100,11,0,0,40,400,1479,359,1068,52,17,0,3,142,52,0,3204,0,0.9648,4.0084,0.3662,0.0000
792,2040,100,11,0,0,40,400,1462,356,1074,32,28,0,2,92,44,0,3222,0,0.9781,3.9944,0.4783,0.0000
793,2040,100,11,0,0,41,410,1493,349,1087,57,20,0,4,160,68,0,3261,0,0.9618,3.9632,0.4250,0.0000
794,2040,100,11,0,0,41,410,1552,380,1119,53,26,0,4,162,48,0,3357,0,0.9659,4.0188,0.2963,0.0000
795,2040,100,11,0,0,41,410,1583,391,1125,67,26,0,4,182,46,0,3375,0,0.9577,4.0427,0.2527,0.0000
796,2040,100,11,0,0,41,410,1515,383,1092,40,32,0,4,168,68,0,3276,0,0.9736,4.0522,0.4048,0.0000
797,2040,100,11,0,0,40,400,1505,351,1098,56,18,0,5,152,62,0,3294,0,0.9628,3.9590,0.4079,0.0000
798,2040,100,11,0,0,40,400,1476,338,1069,69,20,0,4,186,60,0,3207,0,0.9533,3.9486,0.3226,0.0000
799,2040,100,11,0,0,40,400,1459,344,1059,56,26,0,4,170,58,0,3177,0,0.9616,3.9745,0.3412,0.0000
800,2040,100,11,0,0,40,400,1467,361,1059,47,29,0,3,152,40,0,3177,0,0.9680,4.0227,0.2632,0.0000
801,2040,100,11,0,0,40,400,1440,330,1064,46,17,0,7,166,28,0,3192,0,0.9681,3.9305,0.1687,0.0000
802,2040,100,11,0,0,40,400,1522,384,1069,69,17,0,5,220,76,0,3207,0,0.9547,4.0776,0.3455,0.0000
803,2040,100,11,0,0,40,400,1484,384,1053,47,33,0,5,118,48,0,3162,0,0.9683,4.0901,0.4068,0.0000
804,2040,100,11,0,0,40,400,1521,366,1100,55,22,0,6,100,24,0,3300,0,0.9638,3.9982,0.2400,0.0000
805,2040,100,11,0,0,40,400,1527,358,1096,73,18,0,1,190,60,0,3288,0,0.9522,3.9799,0.3158,0.0000
806,2040,100,11,0,0,40,400,1415,312,1051,52,18,0,2,152,32,0,3153,0,0.9633,3.8906,0.2105,0.0000
807,2040,100,11,0,0,40,400,1503,394,1059,50,32,0,2,92,50,0,3177,0,0.9667,4.1161,0.5435,0.0000
808,2040,100,11,0,0,40,400,1509,375,1080,54,24,0,0,176,74,0,3240,0,0.9642,4.0417,0.4205,0.0000
809,2040,100,11,0,0,40,400,1467,363,1066,38,27,0,2,226,54,0,3198,0,0.9741,4.0216,0.2389,0.0000
810,2040,100,11,0,0,40,400,1482,366,1061,55,28,0,4,146,66,0,3183,0,0.9629,4.0349,0.4521,0.0000
811,2040,100,11,0,0,40,400,1435,327,1051,57,23,0,7,144,48,0,3153,0,0.9603,3.9334,0.3333,0.0000
812,2040,100,11,0,0,40,400,1470,362,1055,53,36,0,6,146,40,0,3165,0,0.9639,4.0294,0.2740,0.0000
813,2040,100,11,0,0,40,400,1441,352,1050,39,29,0,2,106,42,0,3150,0,0.9729,4.0057,0.3962,0.0000
814,2040,100,11,0,0,40,400,1445,351,1047,47,24,0,3,138,56,0,3141,0,0.9675,4.0057,0.4058,0.0000
815,2040,100,11,0,0,40,400,1439,331,1051,57,24,0,4,114,42,0,3153,0,0.9604,3.9448,0.3684,0.0000
816,2040,100,11,0,0,40,400,1476,380,1058,38,25,0,2,170,56,0,3174,0,0.9743,4.0775,0.3294,0.0000
817,2040,100,11,0,0,40,400,1452,358,1056,38,22,0,3,152,28,0,3168,0,0.9738,4.0170,0.1842,0.0000
818,2040,100,11,0,0,40,400,1487,374,1058,55,32,0,3,130,42,0,3174,0,0.9630,4.0605,0.3231,0.0000
819,2040,100,11,0,0,40,400,1499,372,1066,61,34,0,22,164,64,0,3198,0,0.9593,4.0469,0.3902,0.0000
820,2040,100,11,0,0,40,400,1474,342,1074,58,30,0,2,98,38,0,3222,0,0.9607,3.9553,0.3878,0.0000
821,2040,100,11,0,0,40,400,1414,321,1047,46,25,0,4,148,46,0,3141,0,0.9675,3.9198,0.3108,0.0000
822,2040,100,11,0,0,40,400,1492,393,1057,42,40,0,6,158,58,0,3171,0,0.9718,4.1154,0.3671,0.0000
823,2040,100,11,0,0,40,400,1425,311,1071,43,29,0,4,110,38,0,3213,0,0.9698,3.8711,0.3455,0.0000
824,2040,100,11,0,0,40,400,1439,337,1070,32,23,0,1,138,58,0,3210,0,0.9778,3.9449,0.4203,0.0000
825,2040,100,11,0,0,40,400,1510,389,1080,41,27,0,5,168,76,0,3240,0,0.9728,4.0806,0.4524,0.0000
826,2040,100,11,0,0,40,400,1460,337,1065,58,22,0,6,186,58,0,3195,0,0.9603,3.9493,0.3118,0.0000
827,2040,101,11,0,0,40,400,1466,354,1057,55,27,0,2,138,44,0,3171,0,0.9625,4.0047,0.3188,0.0000
828,2040,101,11,0,0,40,400,1470,377,1052,41,25,0,2,142,40,0,3156,0,0.9721,4.0751,0.2817,0.0000
829,2040,101,11,0,0,40,400,1495,376,1064,55,30,0,6,126,48,0,3192,0,0.9632,4.0602,0.3810,0.0000
830,2040,101,11,0,0,40,400,1498,345,1100,53,15,0,1,174,44,0,3300,0,0.9646,3.9409,0.2529,0.0000
831,2040,101,11,0,0,40,400,1467,333,1064,70,21,0,4,172,52,0,3192,0,0.9523,3.9389,0.3023,0.0000
832,2040,101,11,0,0,40,400,1468,367,1050,51,19,0,2,130,42,0,3150,0,0.9653,4.0486,0.3231,0.0000
833,2040,101,11,0,0,40,400,1493,357,1086,50,23,0,1,158,36,0,3258,0,0.9665,3.9862,0.2278,0.0000
834,2040,101,11,0,0,40,400,1496,355,1091,50,32,0,2,168,44,0,3273,0,0.9666,3.9762,0.2619,0.0000
835,2040,101,11,0,0,41,410,1515,378,1091,46,22,0,4,142,44,0,3273,0,0.9696,4.0394,0.3099,0.0000
836,2040,101,11,0,0,41,410,1515,369,1095,51,25,0,4,184,50,0,3285,0,0.9663,4.0110,0.2717,0.0000
837,2040,101,11,0,0,40,400,1506,367,1059,80,20,0,3,196,36,0,3177,0,0.9469,4.0397,0.1837,0.0000
838,2040,101,11,0,0,40,400,1471,360,1060,51,30,0,2,142,38,0,3180,0,0.9653,4.0189,0.2676,0.0000
839,2040,101,11,0,0,42,420,1549,403,1113,33,33,0,0,130,58,0,3339,0,0.9787,4.0863,0.4462,0.0000
840,2040,101,11,0,0,40,400,1459,372,1050,37,21,0,6,144,34,0,3150,0,0.9746,4.0629,0.2361,0.0000
841,2040,101,11,0,0,40,400,1432,323,1071,38,13,0,3,162,48,0,3213,0,0.9735,3.9048,0.2963,0.0000
842,2040,101,11,0,0,40,400,1492,370,1077,45,33,0,2,94,36,0,3231,0,0.9698,4.0306,0.3830,0.0000
843,2040,101,11,0,0,40,400,1505,377,1051,77,24,0,0,188,52,0,3153,0,0.9488,4.0761,0.2766,0.0000
844,2040,101,11,0,0,40,400,1472,362,1063,47,25,0,5,140,46,0,3189,0,0.9681,4.0216,0.3286,0.0000
845,2040,101,11,0,0,40,400,1523,417,1048,58,40,0,3,118,26,0,3147,0,0.9619,4.1897,0.2203,0.0000
846,2040,101,11,0,0,40,400,1491,378,1068,45,30,0,6,114,40,0,3204,0,0.9698,4.0618,0.3509,0.0000
847,2040,101,11,0,0,40,400,1466,349,1072,45,24,0,3,110,40,0,3216,0,0.9693,3.9767,0.3636,0.0000
848,2040,101,11,0,0,40,400,1512,401,1062,49,23,0,4,180,54,0,3186,0,0.9676,4.1328,0.3000,0.0000
849,2040,101,11,0,0,40,400,1468,361,1066,41,22,0,1,148,58,0,3198,0,0.9721,4.0159,0.3919,0.0000
850,2040,101,11,0,0,40,400,1461,347,1069,45,25,0,2,138,50,0,3207,0,0.9692,3.9738,0.3623,0.0000
851,2040,101,11,0,0,40,400,1454,353,1064,37,30,0,5,122,42,0,3192,0,0.9746,3.9953,0.3443,0.0000
852,2040,101,11,0,0,40,400,1442,361,1047,34,27,0,2,124,52,0,3141,0,0.9764,4.0344,0.4194,0.0000
853,2040,101,11,0,0,40,400,1481,353,1075,53,21,0,1,156,50,0,3225,0,0.9642,3.9851,0.3205,0.0000
854,2040,101,11,0,0,40,400,1486,349,1088,49,22,0,8,124,52,0,3264,0,0.9670,3.9623,0.4194,0.0000
855,2040,101,11,0,0,40,400,1482,358,1086,38,18,0,1,140,38,0,3258,0,0.9744,3.9890,0.2714,0.0000
856,2040,101,11,0,0,40,400,1504,367,1090,47,23,0,2,114,46,0,3270,0,0.9688,4.0101,0.4035,0.0000
857,2040,101,11,0,0,40,400,1442,342,1043,57,30,0,4,130,44,0,3132,0,0.9605,3.9799,0.3385,0.0000
858,2040,101,11,0,0,40,400,1473,371,1056,46,25,0,3,142,60,0,3168,0,0.9688,4.0540,0.4225,0.0000
859,2040,101,11,0,0,40,400,1464,360,1051,53,29,0,3,112,42,0,3153,0,0.9638,4.0276,0.3750,0.0000
860,2040,101,11,0,0,40,400,1443,340,1051,52,21,0,2,176,36,0,3153,0,0.9640,3.9705,0.2045,0.0000
861,2040,101,11,0,0,40,400,1475,356,1070,49,16,0,5,146,42,0,3210,0,0.9668,3.9981,0.2877,0.0000
862,2040,101,11,0,0,40,400,1428,350,1038,40,24,0,1,120,42,0,3114,0,0.9720,4.0116,0.3500,0.0000
863,2040,102,10,0,0,51,510,1831,445,1355,31,19,0,0,152,50,0,4065,0,0.9831,3.9852,0.3289,0.0000
864,2040,102,10,0,0,50,500,1886,457,1354,75,31,0,3,196,50,0,4062,0,0.9602,4.0126,0.2551,0.0000
865,2040,102,10,0,0,50,500,1870,449,1377,44,39,0,4,144,38,0,4131,0,0.9765,3.9782,0.2639,0.0000
866,2040,102,10,0,0,50,500,1769,390,1334,45,32,0,4,156,82,0,4002,0,0.9746,3.8771,0.5256,0.0000
867,2040,102,10,0,0,50,500,1829,451,1332,46,41,0,8,116,40,0,3996,0,0.9748,4.0158,0.3448,0.0000
868,2040,102,10,0,0,50,500,1781,402,1333,46,29,0,3,190,40,0,3999,0,0.9742,3.9047,0.2105,0.0000
869,2040,102,10,0,0,50,500,1851,454,1350,47,25,0,3,188,64,0,4050,0,0.9746,4.0089,0.3404,0.0000
870,2040,102,10,0,0,50,500,1809,415,1331,63,34,0,6,176,48,0,3993,0,0.9652,3.9354,0.2727,0.0000
871,2040,102,10,0,0,50,500,1760,401,1310,49,14,0,8,174,54,0,3930,0,0.9722,3.9183,0.3103,0.0000
872,2040,102,10,0,0,50,500,1829,404,1371,54,28,0,7,198,52,0,4113,0,0.9705,3.8840,0.2626,0.0000
873,2040,102,10,0,0,51,510,1883,440,1382,61,31,0,5,204,76,0,4146,0,0.9676,3.9551,0.3725,0.0000
874,2040,102,10,0,0,50,500,1790,399,1344,47,30,0,5,130,44,0,4032,0,0.9737,3.8906,0.3385,0.0000
875,2040,102,10,0,0,50,500,1738,373,1320,45,20,0,3,144,44,0,3960,0,0.9741,3.8477,0.3056,0.0000
876,2040,102,10,0,0,51,510,1809,405,1345,59,23,0,5,172,72,0,4035,0,0.9674,3.9033,0.4186,0.0000
877,2040,102,10,0,0,50,500,1857,454,1363,40,32,0,3,152,56,0,4089,0,0.9785,3.9993,0.3684,0.0000
878,2040,102,10,0,0,51,510,1846,458,1343,45,36,0,6,162,52,0,4029,0,0.9756,4.0231,0.3210,0.0000
879,2040,102,10,0,0,50,500,1764,396,1325,43,24,0,5,170,52,0,3975,0,0.9756,3.8966,0.3059,0.0000
880,2040,102,10,0,0,50,500,1801,417,1337,47,35,0,5,158,58,0,4011,0,0.9739,3.9357,0.3671,0.0000
881,2040,102,10,0,0,50,500,1815,421,1337,57,34,0,5,162,54,0,4011,0,0.9686,3.9447,0.3333,0.0000
882,2040,102,10,0,0,50,500,1849,469,1328,52,32,0,2,172,84,0,3984,0,0.9719,4.0595,0.4884,0.0000
883,2040,102,10,0,0,50,500,1826,451,1329,46,43,0,3,150,42,0,3987,0,0.9748,4.0181,0.2800,0.0000
884,2040,102,10,0,0,51,510,1856,432,1388,36,38,0,7,156,38,0,4167,0,0.9806,3.9309,0.2436,0.0000
885,2040,102,10,0,0,50,500,1819,427,1355,37,33,0,3,104,28,0,4065,0,0.9797,3.9454,0.2692,0.0000
886,2040,102,10,0,0,51,510,1795,418,1348,29,33,0,8,120,44,0,4044,0,0.9838,3.9303,0.3667,0.0000
887,2040,102,10,0,0,50,500,1805,439,1335,31,39,0,2,146,46,0,4005,0,0.9828,3.9865,0.3151,0.0000
888,2040,102,10,0,0,50,500,1772,399,1340,33,27,0,6,150,44,0,4020,0,0.9814,3.8933,0.2933,0.0000
889,2040,102,10,0,0,50,500,1771,395,1334,42,31,0,4,124,40,0,4002,0,0.9763,3.8883,0.3226,0.0000
890,2040,102,10,0,0,50,500,1785,424,1316,45,27,0,4,120,56,0,3948,0,0.9748,3.9666,0.4667,0.0000
891,2040,102,10,0,0,50,500,1788,402,1332,54,25,0,0,118,40,0,3996,0,0.9698,3.9054,0.3390,0.0000
892,2040,102,10,0,0,50,500,1787,388,1354,45,28,0,5,168,46,0,4062,0,0.9748,3.8597,0.2738,0.0000
893,2040,102,10,0,0,50,500,1744,371,1331,42,23,0,2,118,20,0,3993,0,0.9759,3.8362,0.1695,0.0000
894,2040,102,10,0,0,52,520,1860,446,1371,43,27,0,5,90,34,0,4113,0,0.9769,3.9759,0.3778,0.0000
895,2040,102,10,0,0,50,500,1908,502,1353,53,45,0,8,184,72,0,4059,0,0.9722,4.1131,0.3913,0.0000
896,2040,102,10,0,0,50,500,1793,418,1325,50,31,0,8,172,62,0,3975,0,0.9721,3.9464,0.3605,0.0000
897,2040,102,10,0,0,50,500,1825,426,1340,59,28,0,5,158,66,0,4020,0,0.9677,3.9537,0.4177,0.0000
898,2040,102,10,0,0,50,500,1778,423,1324,31,36,0,6,126,40,0,3972,0,0.9826,3.9585,0.3175,0.0000
899,2040,102,10,0,0,50,500,1780,390,1359,31,26,0,7,122,26,0,4077,0,0.9826,3.8609,0.2131,0.0000
900,2040,102,10,0,0,50,500,1761,395,1329,37,26,0,2,170,58,0,3987,0,0.9790,3.8916,0.3412,0.0000
901,2040,102,10,0,0,50,500,1793,421,1328,44,28,0,7,166,60,0,3984,0,0.9755,3.9511,0.3614,0.0000
902,2040,102,10,0,0,50,500,1808,446,1314,48,38,0,5,148,34,0,3942,0,0.9735,4.0183,0.2297,0.0000
903,2040,103,10,0,0,50,500,1889,471,1365,53,30,0,5,192,66,0,4095,0,0.9719,4.0352,0.3438,0.0000
904,2040,103,10,0,0,50,500,1835,464,1333,38,44,1,2,130,50,0,3999,0,0.9793,4.0443,0.3846,0.0000
905,2040,103,10,0,0,50,500,1843,464,1350,29,35,0,10,174,54,0,4050,0,0.9843,4.0311,0.3103,0.0000
906,2040,103,10,0,0,50,500,1808,444,1318,46,35,0,5,132,64,0,3954,0,0.9746,4.0106,0.4848,0.0000
907,2040,103,10,0,0,50,500,1834,442,1362,30,32,0,6,124,50,0,4086,0,0.9836,3.9736,0.4032,0.0000
908,2040,103,10,0,0,50,500,1837,467,1336,34,32,0,4,136,42,0,4008,0,0.9815,4.0487,0.3088,0.0000
909,2040,103,10,0,0,50,500,1778,420,1328,30,32,0,11,154,44,0,3984,0,0.9831,3.9488,0.2857,0.0000
910,2040,103,10,0,0,50,500,1802,443,1316,43,43,0,7,190,40,0,3948,0,0.9761,4.0099,0.2105,0.0000
911,2040,103,10,0,0,50,500,1801,425,1333,43,29,0,8,152,72,0,3999,0,0.9761,3.9565,0.4737,0.0000
912,2040,103,10,0,0,50,500,1814,431,1341,42,29,0,3,162,46,0,4023,0,0.9768,3.9642,0.2840,0.0000
913,2040,103,10,0,0,50,500,1818,467,1319,32,40,0,3,188,50,0,3957,0,0.9824,4.0622,0.2660,0.0000
914,2040,103,10,0,0,50,500,1804,448,1314,42,27,0,9,210,58,0,3942,0,0.9767,4.0228,0.2762,0.0000
915,0,0,0,0,0,0,0,0,0,0,0,0,0,0,0,0,0,0,0,0.0000,0.0000,0.0000,0.0000
916,0,0,0,0,0,0,0,0,0,0,0,0,0,0,0,0,0,0,0,0.0000,0.0000,0.0000,0.0000
917,0,0,0,0,0,0,0,0,0,0,0,0,0,0,0,0,0,0,0,0.0000,0.0000,0.0000,0.0000
918,0,0,0,0,0,0,0,0,0,0,0,0,0,0,0,0,0,0,0,0.0000,0.0000,0.0000,0.0000
919,0,0,0,0,0,0,0,0,0,0,0,0,0,0,0,0,0,0,0,0.0000,0.0000,0.0000,0.0000
920,0,0,0,0,0,0,0,0,0,0,0,0,0,0,0,0,0,0,0,0.0000,0.0000,0.0000,0.0000
921,0,0,0,0,0,0,0,0,0,0,0,0,0,0,0,0,0,0,0,0.0000,0.0000,0.0000,0.0000
922,0,0,0,0,0,0,0,0,0,0,0,0,0,0,0,0,0,0,0,0.0000,0.0000,0.0000,0.0000
