team_id,gate_revenue,gate_share_gained,gate_share_lost,season_ticket_revenue,media_revenue,merchandising_revenue,revenue_sharing,playoff_revenue,cash,cash_owner,cash_trades,previous_balance,player_expenses,staff_expenses,stadium_expenses,season_tickets,attendance,fan_interest,fan_loyalty,fan_modifier,ticket_price,local_media_contract,local_media_contract_expires,national_media_contract,national_media_contract_expires,scouting_budget,development_budget,draft_budget,draft_expenses,intl_fa_budget,spent_in_intl,budget,market,owner_expectation,total_revenue,total_expenses,financial_balance,budget_balance,player_payroll,player_payroll_next_season,player_payroll_offered,mode
31,18281700,2871048,3656339,28234737,75000000,10418424,5912183,0,13843455,-9228970,0,17160242,61327452,0,0,9421,833256,78,5,-4,37.0000,32500000,1,42500000,2,0,36000000,0,0,0,0,164000000,4,4,131149570,97760075,47232950,80083380,128690775.0000,86115100.0000,0.0000,1
32,15144881,3124827,3028978,15276114,80000000,8475633,5912164,0,17699217,-11799482,0,23586535,69388775,0,0,9926,1174287,55,2,3,19.0000,37500000,1,42500000,1,0,6000000,0,0,0,0,144000000,5,5,118992477,75808189,60883505,85891028,145754825.0000,141699000.0000,0.0000,3
33,8979480,4183717,1795896,13243500,87500000,9485984,5912201,0,30000000,-24906405,0,48994204,23325843,0,0,16350,1502898,51,6,10,10.0000,45000000,1,42500000,2,0,10000000,0,0,0,0,148000000,7,2,121596785,35462695,116134090,142537305,48596625.0000,43287500.0000,0.0000,0
34,6512820,4192890,1302564,18448560,102500000,9739774,5912198,0,23236156,0,0,17323958,50169011,0,0,11388,746997,51,7,-1,20.0000,60000000,1,42500000,2,0,36000000,0,0,5000000,0,180000000,9,3,140091480,104169011,59158625,94067145,63324475.0000,63215000.0000,0.0000,10
35,15163594,2992636,3032712,37220553,102500000,15068375,21,0,27874110,0,0,27874089,65418658,0,0,17019,1223340,77,8,0,31.0000,60000000,1,42500000,1,0,36000000,0,0,5000000,0,198000000,8,1,169912446,106462331,91324225,114411779,138279925.0000,127885000.0000,0.0000,0
36,9132955,3507828,1826590,32482701,107500000,12759226,57,0,26080836,0,0,26080779,65988493,0,0,9781,613995,67,7,0,41.0000,65000000,1,42500000,1,0,20000000,0,0,0,4272327,190000000,9,1,163556120,90260820,99376136,130092343,135612575.0000,98370000.0000,0.0000,2
37,9642534,3341868,1928506,19119240,80000000,12112529,51,0,-3200000,3091852,0,-6291903,72569990,0,0,15736,1320789,70,7,0,12.0000,37500000,1,42500000,2,0,6000000,0,0,0,0,160000000,5,4,122287665,82024372,37063293,74775628,149303525.0000,138115000.0000,0.0000,0
38,26506345,3596226,5301259,70353113,97500000,18333320,-42215824,0,6132013,102332950,0,-60117126,140846844,0,0,18841,1377319,95,10,15,42.5000,55000000,1,42500000,3,0,15000000,0,0,0,0,290000000,7,3,210987745,155846844,61272914,140285169,286217575.0000,275145000.0000,0.0000,1
39,19977391,3927426,3995477,33695676,97500000,14462247,5912230,0,30000000,-26598867,0,51221637,58496606,0,0,14857,1314774,77,10,0,25.5000,55000000,1,42500000,1,0,36000000,0,0,0,0,200000000,7,2,165567263,85796606,109770657,144203394,114830028.0000,87852500.0000,0.0000,7
40,25897641,2969304,5179530,57151413,112500000,17601682,-14253996,0,11494205,0,0,25748201,119649136,0,0,21381,1640017,83,9,11,33.0000,70000000,1,42500000,2,0,25000000,0,0,0,0,270000000,9,4,210940510,144649136,77785579,136845069,253305725.0000,244712500.0000,0.0000,1
41,8644845,3425637,1728969,11178000,63500000,7368352,5912304,0,18000000,-12414802,0,25281881,26814474,0,0,9200,898323,55,4,-8,15.0000,21000000,1,42500000,1,0,36000000,0,0,0,0,102000000,3,2,92387865,64147807,46240058,55852193,54436100.0000,55841500.0000,0.0000,1
42,20647032,4284938,4129401,27769515,85000000,12367626,5912163,0,30000000,-38918763,0,63006600,94015283,0,0,13191,1297422,59,7,18,27.9900,42500000,1,42500000,1,0,12000000,0,0,0,0,180000000,6,2,145939710,106015283,69924427,103984717,186874475.0000,173605000.0000,0.0000,0
43,6887104,3632577,1377420,10480752,75000000,8085766,5912235,0,24000000,-22605329,0,40693094,34255494,0,0,16174,1459326,48,4,-5,8.0000,32500000,1,42500000,2,0,36000000,0,0,0,0,112000000,5,0,102708779,70255494,56453285,65744506,69707575.0000,55245000.0000,0.0000,2
44,9819417,3355582,1963885,29011218,87500000,12984113,5912353,0,30000000,-10178696,0,34266343,49152143,0,0,15241,1042729,67,7,0,23.5000,45000000,1,42500000,2,0,36000000,0,0,5000000,0,174000000,6,0,140706445,85152143,85554302,113847857,99087400.0000,91367500.0000,0.0000,2
45,21766550,3601334,4353309,46477002,117500000,15822222,5912233,0,30000000,-3697932,0,27785699,95601868,0,0,20133,1548926,80,7,15,28.5000,75000000,1,42500000,1,0,36000000,0,0,5000000,5000000,270000000,10,4,200813799,136601868,94211931,163398132,204591200.0000,175142500.0000,0.0000,2
46,6379650,2794907,1275930,16333650,70500000,9754086,5912231,0,30000000,-26443861,0,50531630,22476086,0,0,8066,577826,51,6,0,25.0000,28000000,1,42500000,1,0,36000000,0,0,5000000,5000000,130000000,4,1,104486363,63476086,71010277,96523914,46557400.0000,31740000.0000,0.0000,0
47,13501600,3229865,2700320,21580020,87500000,10774286,5912276,0,19985360,-4996343,0,19069427,50735882,0,0,7612,690240,54,7,0,35.0000,45000000,1,42500000,2,0,36000000,0,0,0,0,158000000,7,1,133885451,88532209,65338602,89453151,105274275.0000,98055000.0000,0.0000,0
48,20891163,3651634,4178233,40005110,102500000,14389752,80,0,-850000,1851703,0,-2701783,92818316,0,0,14743,1124879,78,9,14,33.5000,60000000,1,42500000,3,0,7917000,0,0,0,0,200000000,8,1,177259426,81885316,94524110,117264684,191876975.0000,157392500.0000,0.0000,0
49,20648320,3075770,4129669,32223744,92500000,12631627,32,0,-13906786,0,0,10738182,90879319,0,0,14208,1277344,70,6,11,28.0000,50000000,1,42500000,2,0,6000000,0,0,0,0,214000000,7,4,156949792,96879319,46163687,103213895,194437750.0000,199770000.0000,0.0000,0
50,20330208,4121846,4066044,51848424,117500000,18145842,-11316241,0,107232,-160850,0,11584323,106364047,0,0,26671,1887261,90,10,11,24.0000,75000000,1,42500000,3,0,15000000,0,0,0,0,242000000,9,4,207880276,121813183,86174325,120294049,224895000.0000,238520000.0000,0.0000,1
51,31246322,3855827,6249265,47656350,92500000,14380556,17,0,-6500000,6458842,0,-12958859,101818451,0,0,16810,1551864,95,6,30,32.0000,50000000,1,42500000,1,0,36000000,0,0,0,4600000,250000000,6,4,183389790,121043451,55846339,127056549,215706025.0000,212585000.0000,0.0000,0
52,16709100,3617482,3341820,26768880,75000000,13903681,5912155,0,16816985,0,0,10904830,69974570,0,0,16524,1545987,68,6,10,20.0000,32500000,1,42500000,2,0,20000000,0,0,0,5000000,170000000,4,2,132657323,100849570,48624738,90967415,141252975.0000,153391000.0000,0.0000,1
53,31018360,3812052,6203672,48749040,92500000,14616864,34,0,30000000,-5278342,0,35278308,106516440,0,0,15046,1377299,85,5,14,40.0000,50000000,1,42500000,2,0,34000000,0,0,0,5000000,254000000,6,5,184492644,153638693,60853951,135361307,217911200.0000,194930000.0000,0.0000,0
54,16263760,3526449,3252752,30833460,87500000,13381134,5912222,0,-3400000,12808069,0,-22120291,30753216,0,0,19033,1555475,73,8,0,20.0000,45000000,1,42500000,3,0,27000000,0,0,0,4999452,194000000,6,2,148252051,110587668,34264383,85011784,56875855.0000,52540000.0000,0.0000,0
55,18194177,3494239,3638838,44754007,102500000,17592491,60,0,30000000,-907674,0,30907614,92862183,0,0,22324,1603883,76,10,13,27.0000,60000000,1,42500000,1,0,36000000,0,0,5000000,5000000,230000000,8,4,182896076,126362183,86533893,133637817,190207750.0000,194362000.0000,0.0000,0
56,20478656,3116411,4095732,36733824,102500000,14839199,-8981974,0,-7000000,27784836,0,-25802862,89177976,0,0,14172,1192666,81,10,-4,32.0000,60000000,1,42500000,1,0,12000000,0,0,0,0,220000000,8,3,173572358,117712976,48859382,95287024,164142750.0000,144830000.0000,0.0000,0
57,23860290,3407837,4772058,42675660,107500000,15331025,-11914293,0,-21000000,48908393,0,-57994100,89586507,0,0,11708,1071760,92,8,-7,30.0000,65000000,1,42500000,2,0,26803975,0,0,0,0,226000000,8,0,188002754,116390482,50612272,88609518,156042575.0000,134755000.0000,0.0000,0
58,22208633,4222753,4441722,31290243,107500000,14839016,0,0,19735808,-4933954,0,24669762,91274687,0,0,15299,1473231,75,9,4,26.0000,65000000,1,42500000,1,0,12000000,0,0,0,0,190000000,9,4,175618923,116274687,79080044,93461121,188156600.0000,171592500.0000,0.0000,10
59,26793154,3604052,5358631,55965330,117500000,17861120,61,0,30000000,-22101556,0,52101495,125542838,0,0,23031,1782706,92,9,15,32.2500,75000000,1,42500000,2,0,36000000,0,0,5000000,5000000,274000000,9,4,216365025,166542838,79822187,137457162,264366025.0000,254800000.0000,0.0000,1
60,20488244,3864209,4097650,47120940,97500000,15870843,5912205,0,15841021,0,0,9928816,109159285,0,0,20060,1514063,73,7,39,28.0000,55000000,1,42500000,1,0,24000000,0,0,5000000,5000000,250000000,7,1,180746586,132854655,63732952,132986366,232973400.0000,220062500.0000,0.0000,0
85,0,0,0,0,0,0,0,0,0,0,0,0,0,0,0,0,0,0,0,0,0.0000,0,0,0,0,3000000,12000000,9375000,0,2250000,0,0,0,0,0,15000000,-15000000,-26625000,13910000.0000,0.0000,0.0000,0
86,0,0,0,0,0,0,0,0,0,0,0,0,0,0,0,0,0,0,0,0,0.0000,0,0,0,0,3000000,12000000,9375000,0,2250000,0,0,0,0,0,15000000,-15000000,-26625000,13910000.0000,0.0000,0.0000,0
157,0,0,0,0,0,0,0,0,0,0,0,0,0,0,0,2775,251068,54,0,0,0.0000,0,0,0,0,0,0,0,0,0,0,0,0,0,0,0,0,0,48385000.0000,27500000.0000,0.0000,0
158,0,0,0,0,0,0,0,0,0,0,0,0,0,0,0,3000,343171,85,0,0,0.0000,0,0,0,0,0,0,0,0,0,0,0,0,0,0,0,0,0,8195000.0000,3380000.0000,0.0000,0
159,0,0,0,0,0,0,0,0,0,0,0,0,0,0,0,3009,329636,93,0,0,0.0000,0,0,0,0,0,0,0,0,0,0,0,0,0,0,0,0,0,13205000.0000,0.0000,0.0000,0
160,0,0,0,0,0,0,0,0,0,0,0,0,0,0,0,3260,336254,80,0,0,0.0000,0,0,0,0,0,0,0,0,0,0,0,0,0,0,0,0,0,11280000.0000,7000000.0000,0.0000,1
161,0,0,0,0,0,0,0,0,0,0,0,0,0,0,0,2939,210828,53,0,0,0.0000,0,0,0,0,0,0,0,0,0,0,0,0,0,0,0,0,0,7130000.0000,0.0000,0.0000,0
162,0,0,0,0,0,0,0,0,0,0,0,0,0,0,0,2775,251575,52,0,0,0.0000,0,0,0,0,0,0,0,0,0,0,0,0,0,0,0,0,0,4280000.0000,0.0000,0.0000,0
163,0,0,0,0,0,0,0,0,0,0,0,0,0,0,0,3060,319651,79,0,0,0.0000,0,0,0,0,0,0,0,0,0,0,0,0,3,0,0,0,0,5265000.0000,0.0000,0.0000,3
164,0,0,0,0,0,0,0,0,0,0,0,0,0,0,0,3000,317147,72,0,0,0.0000,0,0,0,0,0,0,0,0,0,0,0,0,2,0,0,0,0,8015000.0000,0.0000,0.0000,0
165,0,0,0,0,0,0,0,0,0,0,0,0,0,0,0,3620,182620,61,0,6,0.0000,0,0,0,0,0,0,0,0,0,0,0,0,0,0,0,0,0,8920000.0000,0.0000,0.0000,0
166,0,0,0,0,0,0,0,0,0,0,0,0,0,0,0,3128,261227,75,0,0,0.0000,0,0,0,0,0,0,0,0,0,0,0,0,0,0,0,0,0,15205000.0000,8000000.0000,0.0000,3
167,0,0,0,0,0,0,0,0,0,0,0,0,0,0,0,3335,338211,77,0,0,0.0000,0,0,0,0,0,0,0,0,0,0,0,0,0,0,0,0,0,9875000.0000,0.0000,0.0000,1
168,0,0,0,0,0,0,0,0,0,0,0,0,0,0,0,4650,488009,100,0,10,0.0000,0,0,0,0,0,0,0,0,0,0,0,0,2,0,0,0,0,17140000.0000,0.0000,0.0000,1
169,0,0,0,0,0,0,0,0,0,0,0,0,0,0,0,3392,287796,65,0,0,0.0000,0,0,0,0,0,0,0,0,0,0,0,0,0,0,0,0,0,3745000.0000,0.0000,0.0000,3
170,0,0,0,0,0,0,0,0,0,0,0,0,0,0,0,2816,232238,51,0,0,0.0000,0,0,0,0,0,0,0,0,0,0,0,0,0,0,0,0,0,4140000.0000,0.0000,0.0000,2
171,0,0,0,0,0,0,0,0,0,0,0,0,0,0,0,3630,399252,84,1,0,0.0000,0,0,0,0,0,0,0,0,0,0,0,0,0,0,0,0,0,12085000.0000,0.0000,0.0000,0
172,0,0,0,0,0,0,0,0,0,0,0,0,0,0,0,3754,284252,82,0,0,0.0000,0,0,0,0,0,0,0,0,0,0,0,0,0,0,0,0,0,5575000.0000,0.0000,0.0000,0
173,0,0,0,0,0,0,0,0,0,0,0,0,0,0,0,2550,222477,51,0,0,0.0000,0,0,0,0,0,0,0,0,0,0,0,0,0,0,0,0,0,17900000.0000,0.0000,0.0000,0
174,0,0,0,0,0,0,0,0,0,0,0,0,0,0,0,2707,270008,72,0,0,0.0000,0,0,0,0,0,0,0,0,0,0,0,0,0,0,0,0,0,9525000.0000,0.0000,0.0000,0
175,0,0,0,0,0,0,0,0,0,0,0,0,0,0,0,3000,345251,100,0,10,0.0000,0,0,0,0,0,0,0,0,0,0,0,0,0,0,0,0,0,11085000.0000,0.0000,0.0000,1
176,0,0,0,0,0,0,0,0,0,0,0,0,0,0,0,4830,397722,100,0,0,0.0000,0,0,0,0,0,0,0,0,0,0,0,0,2,0,0,0,0,45295000.0000,21900000.0000,0.0000,0
177,0,0,0,0,0,0,0,0,0,0,0,0,0,0,0,3920,306483,80,0,0,0.0000,0,0,0,0,0,0,0,0,0,0,0,0,0,0,0,0,0,15075000.0000,8500000.0000,0.0000,0
178,0,0,0,0,0,0,0,0,0,0,0,0,0,0,0,2606,301409,76,0,0,0.0000,0,0,0,0,0,0,0,0,0,0,0,0,0,0,0,0,0,43745000.0000,0.0000,0.0000,5
179,0,0,0,0,0,0,0,0,0,0,0,0,0,0,0,2550,203938,50,0,0,0.0000,0,0,0,0,0,0,0,0,0,0,0,0,0,0,0,0,0,8715000.0000,0.0000,0.0000,0
180,0,0,0,0,0,0,0,0,0,0,0,0,0,0,0,2250,272278,87,0,0,0.0000,0,0,0,0,0,0,0,0,0,0,0,0,0,0,0,0,0,36215000.0000,0.0000,0.0000,1
181,0,0,0,0,0,0,0,0,0,0,0,0,0,0,0,3720,336883,70,0,4,0.0000,0,0,0,0,0,0,0,0,0,0,0,0,0,0,0,0,0,10795000.0000,0.0000,0.0000,0
182,0,0,0,0,0,0,0,0,0,0,0,0,0,0,0,2816,296235,53,0,0,0.0000,0,0,0,0,0,0,0,0,0,0,0,0,0,0,0,0,0,3210000.0000,0.0000,0.0000,0
183,0,0,0,0,0,0,0,0,0,0,0,0,0,0,0,3750,339413,93,0,0,0.0000,0,0,0,0,0,0,0,0,0,0,0,0,0,0,0,0,0,50905000.0000,33000000.0000,0.0000,0
184,0,0,0,0,0,0,0,0,0,0,0,0,0,0,0,3556,255033,68,0,0,0.0000,0,0,0,0,0,0,0,0,0,0,0,0,0,0,0,0,0,34075478.0000,18555478.0000,0.0000,0
185,0,0,0,0,0,0,0,0,0,0,0,0,0,0,0,4657,406429,86,1,7,0.0000,0,0,0,0,0,0,0,0,0,0,0,0,0,0,0,0,0,6350000.0000,0.0000,0.0000,0
186,0,0,0,0,0,0,0,0,0,0,0,0,0,0,0,3450,334208,85,0,0,0.0000,0,0,0,0,0,0,0,0,0,0,0,0,0,0,0,0,0,6378250.0000,0.0000,0.0000,0
187,0,0,0,0,0,0,0,0,0,0,0,0,0,0,0,1804,193990,50,0,0,0.0000,0,0,0,0,0,0,0,0,0,0,0,0,0,0,0,0,0,535000.0000,0.0000,0.0000,0
188,0,0,0,0,0,0,0,0,0,0,0,0,0,0,0,1817,210005,89,0,0,0.0000,0,0,0,0,0,0,0,0,0,0,0,0,0,0,0,0,0,1100000.0000,0.0000,0.0000,1
189,0,0,0,0,0,0,0,0,0,0,0,0,0,0,0,2250,274603,90,0,0,0.0000,0,0,0,0,0,0,0,0,0,0,0,0,0,0,0,0,0,1070000.0000,0.0000,0.0000,0
190,0,0,0,0,0,0,0,0,0,0,0,0,0,0,0,2868,266745,90,0,8,0.0000,0,0,0,0,0,0,0,0,0,0,0,0,0,0,0,0,0,0.0000,0.0000,0.0000,0
191,0,0,0,0,0,0,0,0,0,0,0,0,0,0,0,2210,268905,100,0,0,0.0000,0,0,0,0,0,0,0,0,0,0,0,0,0,0,0,0,0,0.0000,0.0000,0.0000,3
192,0,0,0,0,0,0,0,0,0,0,0,0,0,0,0,1902,209600,56,0,0,0.0000,0,0,0,0,0,0,0,0,0,0,0,0,0,0,0,0,0,1337500.0000,0.0000,0.0000,0
193,0,0,0,0,0,0,0,0,0,0,0,0,0,0,0,2729,146532,57,0,0,0.0000,0,0,0,0,0,0,0,0,0,0,0,0,0,0,0,0,0,0.0000,0.0000,0.0000,2
194,0,0,0,0,0,0,0,0,0,0,0,0,0,0,0,2163,285956,100,0,13,0.0000,0,0,0,0,0,0,0,0,0,0,0,0,0,0,0,0,0,2140000.0000,0.0000,0.0000,1
195,0,0,0,0,0,0,0,0,0,0,0,0,0,0,0,2466,175700,51,0,0,0.0000,0,0,0,0,0,0,0,0,0,0,0,0,0,0,0,0,0,1605000.0000,0.0000,0.0000,0
196,0,0,0,0,0,0,0,0,0,0,0,0,0,0,0,1800,166051,50,0,0,0.0000,0,0,0,0,0,0,0,0,0,0,0,0,0,0,0,0,0,1070000.0000,0.0000,0.0000,0
197,0,0,0,0,0,0,0,0,0,0,0,0,0,0,0,1891,224573,75,0,0,0.0000,0,0,0,0,0,0,0,0,0,0,0,0,0,0,0,0,0,1605000.0000,0.0000,0.0000,1
198,0,0,0,0,0,0,0,0,0,0,0,0,0,0,0,2700,285178,78,0,0,0.0000,0,0,0,0,0,0,0,0,0,0,0,0,0,0,0,0,0,1070000.0000,0.0000,0.0000,0
199,0,0,0,0,0,0,0,0,0,0,0,0,0,0,0,3300,408302,75,0,4,0.0000,0,0,0,0,0,0,0,0,0,0,0,0,0,0,0,0,0,1605000.0000,0.0000,0.0000,0
200,0,0,0,0,0,0,0,0,0,0,0,0,0,0,0,1511,191420,83,0,3,0.0000,0,0,0,0,0,0,0,0,0,0,0,0,0,0,0,0,0,2140000.0000,0.0000,0.0000,3
201,0,0,0,0,0,0,0,0,0,0,0,0,0,0,0,2682,235627,58,0,0,0.0000,0,0,0,0,0,0,0,0,0,0,0,0,0,0,0,0,0,2675000.0000,0.0000,0.0000,2
202,0,0,0,0,0,0,0,0,0,0,0,0,0,0,0,1924,221228,78,0,0,0.0000,0,0,0,0,0,0,0,0,0,0,0,0,0,0,0,0,0,535000.0000,0.0000,0.0000,0
203,0,0,0,0,0,0,0,0,0,0,0,0,0,0,0,1800,237853,100,0,0,0.0000,0,0,0,0,0,0,0,0,0,0,0,0,0,0,0,0,0,535000.0000,0.0000,0.0000,3
204,0,0,0,0,0,0,0,0,0,0,0,0,0,0,0,2466,254132,52,0,0,0.0000,0,0,0,0,0,0,0,0,0,0,0,0,0,0,0,0,0,535000.0000,0.0000,0.0000,0
205,0,0,0,0,0,0,0,0,0,0,0,0,0,0,0,2250,210718,54,0,0,0.0000,0,0,0,0,0,0,0,0,0,0,0,0,0,0,0,0,0,0.0000,0.0000,0.0000,0
206,0,0,0,0,0,0,0,0,0,0,0,0,0,0,0,1800,188309,77,0,0,0.0000,0,0,0,0,0,0,0,0,0,0,0,0,0,0,0,0,0,535000.0000,0.0000,0.0000,0
207,0,0,0,0,0,0,0,0,0,0,0,0,0,0,0,1350,187216,97,0,4,0.0000,0,0,0,0,0,0,0,0,0,0,0,0,0,0,0,0,0,1070000.0000,0.0000,0.0000,3
208,0,0,0,0,0,0,0,0,0,0,0,0,0,0,0,1848,212490,60,0,0,0.0000,0,0,0,0,0,0,0,0,0,0,0,0,0,0,0,0,0,1070000.0000,0.0000,0.0000,0
209,0,0,0,0,0,0,0,0,0,0,0,0,0,0,0,1740,181967,59,0,4,0.0000,0,0,0,0,0,0,0,0,0,0,0,0,0,0,0,0,0,2675000.0000,0.0000,0.0000,0
210,0,0,0,0,0,0,0,0,0,0,0,0,0,0,0,2250,292495,97,0,0,0.0000,0,0,0,0,0,0,0,0,0,0,0,0,0,0,0,0,0,1070000.0000,0.0000,0.0000,0
211,0,0,0,0,0,0,0,0,0,0,0,0,0,0,0,2350,273439,83,0,0,0.0000,0,0,0,0,0,0,0,0,0,0,0,0,0,0,0,0,0,1605000.0000,0.0000,0.0000,3
212,0,0,0,0,0,0,0,0,0,0,0,0,0,0,0,1950,226139,53,0,0,0.0000,0,0,0,0,0,0,0,0,0,0,0,0,0,0,0,0,0,1605000.0000,0.0000,0.0000,0
213,0,0,0,0,0,0,0,0,0,0,0,0,0,0,0,3180,375990,100,0,11,0.0000,0,0,0,0,0,0,0,0,0,0,0,0,0,0,0,0,0,1605000.0000,0.0000,0.0000,7
214,0,0,0,0,0,0,0,0,0,0,0,0,0,0,0,2001,154964,50,0,0,0.0000,0,0,0,0,0,0,0,0,0,0,0,0,0,0,0,0,0,0.0000,0.0000,0.0000,2
215,0,0,0,0,0,0,0,0,0,0,0,0,0,0,0,2760,333522,81,0,1,0.0000,0,0,0,0,0,0,0,0,0,0,0,0,0,0,0,0,0,0.0000,0.0000,0.0000,0
216,0,0,0,0,0,0,0,0,0,0,0,0,0,0,0,1620,212292,71,0,0,0.0000,0,0,0,0,0,0,0,0,0,0,0,0,0,0,0,0,0,18070000.0000,17000000.0000,0.0000,3
218,0,0,0,0,0,0,0,0,0,0,0,0,0,0,0,1200,130428,56,0,3,0.0000,0,0,0,0,0,0,0,0,0,0,0,0,0,0,0,0,0,1070000.0000,0.0000,0.0000,0
219,0,0,0,0,0,0,0,0,0,0,0,0,0,0,0,1260,147055,75,0,0,0.0000,0,0,0,0,0,0,0,0,0,0,0,0,0,0,0,0,0,0.0000,0.0000,0.0000,0
220,0,0,0,0,0,0,0,0,0,0,0,0,0,0,0,1590,179618,49,0,3,0.0000,0,0,0,0,0,0,0,0,0,0,0,0,0,0,0,0,0,0.0000,0.0000,0.0000,0
221,0,0,0,0,0,0,0,0,0,0,0,0,0,0,0,740,89977,97,0,0,0.0000,0,0,0,0,0,0,0,0,0,0,0,0,0,0,0,0,0,1585000.0000,0.0000,0.0000,0
223,0,0,0,0,0,0,0,0,0,0,0,0,0,0,0,1500,160000,56,0,0,0.0000,0,0,0,0,0,0,0,0,0,0,0,0,0,0,0,0,0,0.0000,0.0000,0.0000,3
224,0,0,0,0,0,0,0,0,0,0,0,0,0,0,0,2360,280857,93,0,9,0.0000,0,0,0,0,0,0,0,0,0,0,0,0,0,0,0,0,0,535000.0000,0.0000,0.0000,3
225,0,0,0,0,0,0,0,0,0,0,0,0,0,0,0,1890,209911,100,0,0,0.0000,0,0,0,0,0,0,0,0,0,0,0,0,0,0,0,0,0,0.0000,0.0000,0.0000,10
226,0,0,0,0,0,0,0,0,0,0,0,0,0,0,0,1860,225277,83,0,0,0.0000,0,0,0,0,0,0,0,0,0,0,0,0,0,0,0,0,0,0.0000,0.0000,0.0000,3
227,0,0,0,0,0,0,0,0,0,0,0,0,0,0,0,1620,91965,48,0,0,0.0000,0,0,0,0,0,0,0,0,0,0,0,0,0,0,0,0,0,0.0000,0.0000,0.0000,0
228,0,0,0,0,0,0,0,0,0,0,0,0,0,0,0,2550,276198,100,0,11,0.0000,0,0,0,0,0,0,0,0,0,0,0,0,0,0,0,0,0,535000.0000,0.0000,0.0000,1
229,0,0,0,0,0,0,0,0,0,0,0,0,0,0,0,1800,188997,63,0,2,0.0000,0,0,0,0,0,0,0,0,0,0,0,0,0,0,0,0,0,0.0000,0.0000,0.0000,0
230,0,0,0,0,0,0,0,0,0,0,0,0,0,0,0,1960,198786,79,0,0,0.0000,0,0,0,0,0,0,0,0,0,0,0,0,0,0,0,0,0,0.0000,0.0000,0.0000,2
231,0,0,0,0,0,0,0,0,0,0,0,0,0,0,0,1950,196349,50,0,0,0.0000,0,0,0,0,0,0,0,0,0,0,0,0,0,0,0,0,0,0.0000,0.0000,0.0000,2
232,0,0,0,0,0,0,0,0,0,0,0,0,0,0,0,1950,187274,91,0,0,0.0000,0,0,0,0,0,0,0,0,0,0,0,0,0,0,0,0,0,0.0000,0.0000,0.0000,3
233,0,0,0,0,0,0,0,0,0,0,0,0,0,0,0,2058,216158,73,0,0,0.0000,0,0,0,0,0,0,0,0,0,0,0,0,0,0,0,0,0,0.0000,0.0000,0.0000,2
234,0,0,0,0,0,0,0,0,0,0,0,0,0,0,0,2085,177316,52,0,0,0.0000,0,0,0,0,0,0,0,0,0,0,0,0,0,0,0,0,0,0.0000,0.0000,0.0000,0
236,0,0,0,0,0,0,0,0,0,0,0,0,0,0,0,1260,153542,74,0,0,0.0000,0,0,0,0,0,0,0,0,0,0,0,0,0,0,0,0,0,0.0000,0.0000,0.0000,3
237,0,0,0,0,0,0,0,0,0,0,0,0,0,0,0,2160,274751,77,0,0,0.0000,0,0,0,0,0,0,0,0,0,0,0,0,0,0,0,0,0,0.0000,0.0000,0.0000,1
238,0,0,0,0,0,0,0,0,0,0,0,0,0,0,0,2160,257040,100,0,0,0.0000,0,0,0,0,0,0,0,0,0,0,0,0,0,0,0,0,0,535000.0000,0.0000,0.0000,1
239,0,0,0,0,0,0,0,0,0,0,0,0,0,0,0,2085,182280,50,0,0,0.0000,0,0,0,0,0,0,0,0,0,0,0,0,0,0,0,0,0,535000.0000,0.0000,0.0000,0
240,0,0,0,0,0,0,0,0,0,0,0,0,0,0,0,2100,276765,99,0,0,0.0000,0,0,0,0,0,0,0,0,0,0,0,0,0,0,0,0,0,535000.0000,0.0000,0.0000,0
241,0,0,0,0,0,0,0,0,0,0,0,0,0,0,0,2550,292405,100,0,0,0.0000,0,0,0,0,0,0,0,0,0,0,0,0,0,0,0,0,0,0.0000,0.0000,0.0000,3
242,0,0,0,0,0,0,0,0,0,0,0,0,0,0,0,1653,201848,78,0,3,0.0000,0,0,0,0,0,0,0,0,0,0,0,0,0,0,0,0,0,535000.0000,0.0000,0.0000,0
243,0,0,0,0,0,0,0,0,0,0,0,0,0,0,0,2250,202389,55,0,0,0.0000,0,0,0,0,0,0,0,0,0,0,0,0,0,0,0,0,0,535000.0000,0.0000,0.0000,0
244,0,0,0,0,0,0,0,0,0,0,0,0,0,0,0,2085,166428,50,0,0,0.0000,0,0,0,0,0,0,0,0,0,0,0,0,0,0,0,0,0,535000.0000,0.0000,0.0000,0
245,0,0,0,0,0,0,0,0,0,0,0,0,0,0,0,1800,147155,60,0,0,0.0000,0,0,0,0,0,0,0,0,0,0,0,0,0,0,0,0,0,0.0000,0.0000,0.0000,0
246,0,0,0,0,0,0,0,0,0,0,0,0,0,0,0,2116,202618,50,0,0,0.0000,0,0,0,0,0,0,0,0,0,0,0,0,0,0,0,0,0,0.0000,0.0000,0.0000,0
247,0,0,0,0,0,0,0,0,0,0,0,0,0,0,0,1050,127271,86,0,0,0.0000,0,0,0,0,0,0,0,0,0,0,0,0,0,0,0,0,0,0.0000,0.0000,0.0000,0
248,0,0,0,0,0,0,0,0,0,0,0,0,0,0,0,2460,291605,73,0,6,0.0000,0,0,0,0,0,0,0,0,0,0,0,0,0,0,0,0,0,0.0000,0.0000,0.0000,3
249,0,0,0,0,0,0,0,0,0,0,0,0,0,0,0,2700,281083,92,0,2,0.0000,0,0,0,0,0,0,0,0,0,0,0,0,0,0,0,0,0,0.0000,0.0000,0.0000,0
250,0,0,0,0,0,0,0,0,0,0,0,0,0,0,0,2672,255337,71,0,0,0.0000,0,0,0,0,0,0,0,0,0,0,0,0,0,0,0,0,0,535000.0000,0.0000,0.0000,0
251,0,0,0,0,0,0,0,0,0,0,0,0,0,0,0,1500,192279,92,0,0,0.0000,0,0,0,0,0,0,0,0,0,0,0,0,0,0,0,0,0,1485000.0000,0.0000,0.0000,0
252,0,0,0,0,0,0,0,0,0,0,0,0,0,0,0,2054,186770,50,0,0,0.0000,0,0,0,0,0,0,0,0,0,0,0,0,0,0,0,0,0,0.0000,0.0000,0.0000,0
253,0,0,0,0,0,0,0,0,0,0,0,0,0,0,0,1050,86525,51,0,0,0.0000,0,0,0,0,0,0,0,0,0,0,0,0,0,0,0,0,0,0.0000,0.0000,0.0000,2
254,0,0,0,0,0,0,0,0,0,0,0,0,0,0,0,960,107563,50,0,0,0.0000,0,0,0,0,0,0,0,0,0,0,0,0,0,0,0,0,0,0.0000,0.0000,0.0000,0
255,0,0,0,0,0,0,0,0,0,0,0,0,0,0,0,1590,154489,51,0,0,0.0000,0,0,0,0,0,0,0,0,0,0,0,0,0,0,0,0,0,0.0000,0.0000,0.0000,0
256,0,0,0,0,0,0,0,0,0,0,0,0,0,0,0,1528,186583,100,0,13,0.0000,0,0,0,0,0,0,0,0,0,0,0,0,0,0,0,0,0,0.0000,0.0000,0.0000,7
257,0,0,0,0,0,0,0,0,0,0,0,0,0,0,0,2220,283143,100,0,8,0.0000,0,0,0,0,0,0,0,0,0,0,0,0,0,0,0,0,0,0.0000,0.0000,0.0000,0
258,0,0,0,0,0,0,0,0,0,0,0,0,0,0,0,1800,206860,100,0,3,0.0000,0,0,0,0,0,0,0,0,0,0,0,0,0,0,0,0,0,0.0000,0.0000,0.0000,3
259,0,0,0,0,0,0,0,0,0,0,0,0,0,0,0,1207,154961,85,0,0,0.0000,0,0,0,0,0,0,0,0,0,0,0,0,0,0,0,0,0,0.0000,0.0000,0.0000,0
260,0,0,0,0,0,0,0,0,0,0,0,0,0,0,0,1200,138475,61,0,0,0.0000,0,0,0,0,0,0,0,0,0,0,0,0,0,0,0,0,0,0.0000,0.0000,0.0000,0
261,0,0,0,0,0,0,0,0,0,0,0,0,0,0,0,1560,153361,50,0,0,0.0000,0,0,0,0,0,0,0,0,0,0,0,0,0,0,0,0,0,0.0000,0.0000,0.0000,0
262,0,0,0,0,0,0,0,0,0,0,0,0,0,0,0,1380,164994,57,0,0,0.0000,0,0,0,0,0,0,0,0,0,0,0,0,0,0,0,0,0,2140000.0000,0.0000,0.0000,0
263,0,0,0,0,0,0,0,0,0,0,0,0,0,0,0,1860,232300,100,0,0,0.0000,0,0,0,0,0,0,0,0,0,0,0,0,0,0,0,0,0,0.0000,0.0000,0.0000,3
264,0,0,0,0,0,0,0,0,0,0,0,0,0,0,0,2182,122326,53,0,0,0.0000,0,0,0,0,0,0,0,0,0,0,0,0,0,0,0,0,0,535000.0000,0.0000,0.0000,0
265,0,0,0,0,0,0,0,0,0,0,0,0,0,0,0,1976,231165,99,0,0,0.0000,0,0,0,0,0,0,0,0,0,0,0,0,0,0,0,0,0,0.0000,0.0000,0.0000,0
266,0,0,0,0,0,0,0,0,0,0,0,0,0,0,0,2700,308559,90,0,0,0.0000,0,0,0,0,0,0,0,0,0,0,0,0,0,0,0,0,0,0.0000,0.0000,0.0000,1
267,0,0,0,0,0,0,0,0,0,0,0,0,0,0,0,2826,370391,78,0,0,0.0000,0,0,0,0,0,0,0,0,0,0,0,0,0,0,0,0,0,535000.0000,0.0000,0.0000,0
268,0,0,0,0,0,0,0,0,0,0,0,0,0,0,0,2250,267519,94,0,0,0.0000,0,0,0,0,0,0,0,0,0,0,0,0,0,0,0,0,0,0.0000,0.0000,0.0000,0
269,0,0,0,0,0,0,0,0,0,0,0,0,0,0,0,1200,134365,78,0,0,0.0000,0,0,0,0,0,0,0,0,0,0,0,0,0,0,0,0,0,0.0000,0.0000,0.0000,1
270,0,0,0,0,0,0,0,0,0,0,0,0,0,0,0,1320,164867,96,0,0,0.0000,0,0,0,0,0,0,0,0,0,0,0,0,0,0,0,0,0,0.0000,0.0000,0.0000,0
271,0,0,0,0,0,0,0,0,0,0,0,0,0,0,0,1710,198380,75,0,0,0.0000,0,0,0,0,0,0,0,0,0,0,0,0,0,0,0,0,0,0.0000,0.0000,0.0000,0
272,0,0,0,0,0,0,0,0,0,0,0,0,0,0,0,1800,149859,52,0,0,0.0000,0,0,0,0,0,0,0,0,0,0,0,0,0,0,0,0,0,0.0000,0.0000,0.0000,0
273,0,0,0,0,0,0,0,0,0,0,0,0,0,0,0,1710,208854,100,0,0,0.0000,0,0,0,0,0,0,0,0,0,0,0,0,0,0,0,0,0,0.0000,0.0000,0.0000,3
274,0,0,0,0,0,0,0,0,0,0,0,0,0,0,0,1410,160432,50,0,0,0.0000,0,0,0,0,0,0,0,0,0,0,0,0,0,0,0,0,0,0.0000,0.0000,0.0000,0
275,0,0,0,0,0,0,0,0,0,0,0,0,0,0,0,1532,117469,49,0,0,0.0000,0,0,0,0,0,0,0,0,0,0,0,0,0,0,0,0,0,0.0000,0.0000,0.0000,0
276,0,0,0,0,0,0,0,0,0,0,0,0,0,0,0,2054,145830,50,0,0,0.0000,0,0,0,0,0,0,0,0,0,0,0,0,0,0,0,0,0,0.0000,0.0000,0.0000,0
277,0,0,0,0,0,0,0,0,0,0,0,0,0,0,0,1766,139550,52,0,0,0.0000,0,0,0,0,0,0,0,0,0,0,0,0,0,0,0,0,0,0.0000,0.0000,0.0000,0
278,0,0,0,0,0,0,0,0,0,0,0,0,0,0,0,1740,103129,51,0,0,0.0000,0,0,0,0,0,0,0,0,0,0,0,0,0,0,0,0,0,0.0000,0.0000,0.0000,0
279,0,0,0,0,0,0,0,0,0,0,0,0,0,0,0,1348,137799,100,0,0,0.0000,0,0,0,0,0,0,0,0,0,0,0,0,0,0,0,0,0,535000.0000,0.0000,0.0000,3
280,0,0,0,0,0,0,0,0,0,0,0,0,0,0,0,2151,237340,79,0,0,0.0000,0,0,0,0,0,0,0,0,0,0,0,0,0,0,0,0,0,0.0000,0.0000,0.0000,0
281,0,0,0,0,0,0,0,0,0,0,0,0,0,0,0,840,81119,51,0,0,0.0000,0,0,0,0,0,0,0,0,0,0,0,0,0,0,0,0,0,535000.0000,0.0000,0.0000,0
282,0,0,0,0,0,0,0,0,0,0,0,0,0,0,0,780,87040,70,0,0,0.0000,0,0,0,0,0,0,0,0,0,0,0,0,0,0,0,0,0,0.0000,0.0000,0.0000,0
283,0,0,0,0,0,0,0,0,0,0,0,0,0,0,0,1050,127835,100,0,15,0.0000,0,0,0,0,0,0,0,0,0,0,0,0,0,0,0,0,0,0.0000,0.0000,0.0000,3
284,0,0,0,0,0,0,0,0,0,0,0,0,0,0,0,1800,117842,54,0,0,0.0000,0,0,0,0,0,0,0,0,0,0,0,0,0,0,0,0,0,0.0000,0.0000,0.0000,0
285,0,0,0,0,0,0,0,0,0,0,0,0,0,0,0,1622,187581,100,0,3,0.0000,0,0,0,0,0,0,0,0,0,0,0,0,0,0,0,0,0,0.0000,0.0000,0.0000,3
286,0,0,0,0,0,0,0,0,0,0,0,0,0,0,0,1260,137065,74,0,0,0.0000,0,0,0,0,0,0,0,0,0,0,0,0,0,0,0,0,0,0.0000,0.0000,0.0000,10
287,0,0,0,0,0,0,0,0,0,0,0,0,0,0,0,1430,159847,100,0,0,0.0000,0,0,0,0,0,0,0,0,0,0,0,0,0,0,0,0,0,0.0000,0.0000,0.0000,5
288,0,0,0,0,0,0,0,0,0,0,0,0,0,0,0,1817,135065,53,0,0,0.0000,0,0,0,0,0,0,0,0,0,0,0,0,0,0,0,0,0,0.0000,0.0000,0.0000,0
289,0,0,0,0,0,0,0,0,0,0,0,0,0,0,0,1350,151375,100,0,3,0.0000,0,0,0,0,0,0,0,0,0,0,0,0,0,0,0,0,0,0.0000,0.0000,0.0000,0
290,0,0,0,0,0,0,0,0,0,0,0,0,0,0,0,1200,96611,65,0,0,0.0000,0,0,0,0,0,0,0,0,0,0,0,0,0,0,0,0,0,0.0000,0.0000,0.0000,2
291,0,0,0,0,0,0,0,0,0,0,0,0,0,0,0,2385,298765,75,0,0,0.0000,0,0,0,0,0,0,0,0,0,0,0,0,0,0,0,0,0,0.0000,0.0000,0.0000,0
292,0,0,0,0,0,0,0,0,0,0,0,0,0,0,0,2149,255451,100,0,8,0.0000,0,0,0,0,0,0,0,0,0,0,0,0,0,0,0,0,0,0.0000,0.0000,0.0000,5
293,0,0,0,0,0,0,0,0,0,0,0,0,0,0,0,1096,123690,64,0,0,0.0000,0,0,0,0,0,0,0,0,0,0,0,0,0,0,0,0,0,0.0000,0.0000,0.0000,0
294,0,0,0,0,0,0,0,0,0,0,0,0,0,0,0,1350,177461,84,0,0,0.0000,0,0,0,0,0,0,0,0,0,0,0,0,0,0,0,0,0,0.0000,0.0000,0.0000,0
295,0,0,0,0,0,0,0,0,0,0,0,0,0,0,0,1350,134606,81,0,0,0.0000,0,0,0,0,0,0,0,0,0,0,0,0,0,0,0,0,0,0.0000,0.0000,0.0000,0
296,0,0,0,0,0,0,0,0,0,0,0,0,0,0,0,1105,131027,61,0,3,0.0000,0,0,0,0,0,0,0,0,0,0,0,0,0,0,0,0,0,535000.0000,0.0000,0.0000,0
297,0,0,0,0,0,0,0,0,0,0,0,0,0,0,0,1275,136194,56,0,4,0.0000,0,0,0,0,0,0,0,0,0,0,0,0,0,0,0,0,0,0.0000,0.0000,0.0000,0
298,0,0,0,0,0,0,0,0,0,0,0,0,0,0,0,1950,158521,66,0,0,0.0000,0,0,0,0,0,0,0,0,0,0,0,0,0,0,0,0,0,0.0000,0.0000,0.0000,0
299,0,0,0,0,0,0,0,0,0,0,0,0,0,0,0,900,121078,74,0,0,0.0000,0,0,0,0,0,0,0,0,0,0,0,0,0,0,0,0,0,0.0000,0.0000,0.0000,0
300,0,0,0,0,0,0,0,0,0,0,0,0,0,0,0,1050,110212,76,0,8,0.0000,0,0,0,0,0,0,0,0,0,0,0,0,0,0,0,0,0,0.0000,0.0000,0.0000,0
301,0,0,0,0,0,0,0,0,0,0,0,0,0,0,0,776,99378,53,0,0,0.0000,0,0,0,0,0,0,0,0,0,0,0,0,0,0,0,0,0,0.0000,0.0000,0.0000,0
302,0,0,0,0,0,0,0,0,0,0,0,0,0,0,0,750,96124,70,0,0,0.0000,0,0,0,0,0,0,0,0,0,0,0,0,0,0,0,0,0,0.0000,0.0000,0.0000,0
303,0,0,0,0,0,0,0,0,0,0,0,0,0,0,0,900,109390,82,0,9,0.0000,0,0,0,0,0,0,0,0,0,0,0,0,0,0,0,0,0,0.0000,0.0000,0.0000,2
304,0,0,0,0,0,0,0,0,0,0,0,0,0,0,0,1200,126744,88,0,0,0.0000,0,0,0,0,0,0,0,0,0,0,0,0,0,0,0,0,0,0.0000,0.0000,0.0000,0
305,0,0,0,0,0,0,0,0,0,0,0,0,0,0,0,600,68805,88,0,4,0.0000,0,0,0,0,0,0,0,0,0,0,0,0,0,0,0,0,0,0.0000,0.0000,0.0000,3
306,0,0,0,0,0,0,0,0,0,0,0,0,0,0,0,600,72328,84,0,0,0.0000,0,0,0,0,0,0,0,0,0,0,0,0,0,0,0,0,0,0.0000,0.0000,0.0000,0
307,0,0,0,0,0,0,0,0,0,0,0,0,0,0,0,1140,140052,65,0,0,0.0000,0,0,0,0,0,0,0,0,0,0,0,0,0,0,0,0,0,0.0000,0.0000,0.0000,0
308,0,0,0,0,0,0,0,0,0,0,0,0,0,0,0,600,79141,51,0,0,0.0000,0,0,0,0,0,0,0,0,0,0,0,0,0,0,0,0,0,0.0000,0.0000,0.0000,0
309,0,0,0,0,0,0,0,0,0,0,0,0,0,0,0,2100,199833,98,0,0,0.0000,0,0,0,0,0,0,0,0,0,0,0,0,0,0,0,0,0,0.0000,0.0000,0.0000,0
310,0,0,0,0,0,0,0,0,0,0,0,0,0,0,0,2430,239166,100,0,14,0.0000,0,0,0,0,0,0,0,0,0,0,0,0,0,0,0,0,0,0.0000,0.0000,0.0000,15
312,0,0,0,0,0,0,0,0,0,0,0,0,0,0,0,1975,86410,77,0,0,0.0000,0,0,0,0,0,0,0,0,0,0,0,0,0,0,0,0,0,0.0000,0.0000,0.0000,3
313,0,0,0,0,0,0,0,0,0,0,0,0,0,0,0,1374,58870,50,0,0,0.0000,0,0,0,0,0,0,0,0,0,0,0,0,0,0,0,0,0,0.0000,0.0000,0.0000,2
314,0,0,0,0,0,0,0,0,0,0,0,0,0,0,0,2078,157223,84,0,0,0.0000,0,0,0,0,0,0,0,0,0,0,0,0,0,0,0,0,0,0.0000,0.0000,0.0000,0
315,0,0,0,0,0,0,0,0,0,0,0,0,0,0,0,1395,93413,50,0,0,0.0000,0,0,0,0,0,0,0,0,0,0,0,0,0,0,0,0,0,0.0000,0.0000,0.0000,0
316,0,0,0,0,0,0,0,0,0,0,0,0,0,0,0,2430,247872,100,0,3,0.0000,0,0,0,0,0,0,0,0,0,0,0,0,0,0,0,0,0,0.0000,0.0000,0.0000,0
317,0,0,0,0,0,0,0,0,0,0,0,0,0,0,0,1685,107486,64,0,0,0.0000,0,0,0,0,0,0,0,0,0,0,0,0,0,0,0,0,0,0.0000,0.0000,0.0000,0
318,0,0,0,0,0,0,0,0,0,0,0,0,0,0,0,2099,229780,86,0,0,0.0000,0,0,0,0,0,0,0,0,0,0,0,0,0,0,0,0,0,1840400.0000,0.0000,0.0000,1
319,0,0,0,0,0,0,0,0,0,0,0,0,0,0,0,2160,232413,100,0,9,0.0000,0,0,0,0,0,0,0,0,0,0,0,0,0,0,0,0,0,0.0000,0.0000,0.0000,3
320,0,0,0,0,0,0,0,0,0,0,0,0,0,0,0,1726,95563,66,0,0,0.0000,0,0,0,0,0,0,0,0,0,0,0,0,0,0,0,0,0,0.0000,0.0000,0.0000,3
322,0,0,0,0,0,0,0,0,0,0,0,0,0,0,0,1436,110466,53,0,0,0.0000,0,0,0,0,0,0,0,0,0,0,0,0,0,0,0,0,0,0.0000,0.0000,0.0000,0
323,0,0,0,0,0,0,0,0,0,0,0,0,0,0,0,2202,211521,90,0,0,0.0000,0,0,0,0,0,0,0,0,0,0,0,0,0,0,0,0,0,0.0000,0.0000,0.0000,0
324,0,0,0,0,0,0,0,0,0,0,0,0,0,0,0,1653,146089,99,0,1,0.0000,0,0,0,0,0,0,0,0,0,0,0,0,0,0,0,0,0,0.0000,0.0000,0.0000,0
325,0,0,0,0,0,0,0,0,0,0,0,0,0,0,0,2099,184686,86,0,0,0.0000,0,0,0,0,0,0,0,0,0,0,0,0,0,0,0,0,0,0.0000,0.0000,0.0000,3
326,0,0,0,0,0,0,0,0,0,0,0,0,0,0,0,1892,179677,75,0,0,0.0000,0,0,0,0,0,0,0,0,0,0,0,0,0,0,0,0,0,0.0000,0.0000,0.0000,3
327,0,0,0,0,0,0,0,0,0,0,0,0,0,0,0,1478,105658,52,0,0,0.0000,0,0,0,0,0,0,0,0,0,0,0,0,0,0,0,0,0,0.0000,0.0000,0.0000,0
328,0,0,0,0,0,0,0,0,0,0,0,0,0,0,0,2057,198204,84,0,0,0.0000,0,0,0,0,0,0,0,0,0,0,0,0,0,0,0,0,0,0.0000,0.0000,0.0000,3
329,0,0,0,0,0,0,0,0,0,0,0,0,0,0,0,1892,137406,74,0,0,0.0000,0,0,0,0,0,0,0,0,0,0,0,0,0,0,0,0,0,0.0000,0.0000,0.0000,0
330,0,0,0,0,0,0,0,0,0,0,0,0,0,0,0,2430,255160,100,0,0,0.0000,0,0,0,0,0,0,0,0,0,0,0,0,0,0,0,0,0,0.0000,0.0000,0.0000,7
331,0,0,0,0,0,0,0,0,0,0,0,0,0,0,0,1395,63977,51,0,0,0.0000,0,0,0,0,0,0,0,0,0,0,0,0,0,0,0,0,0,0.0000,0.0000,0.0000,0
332,0,0,0,0,0,0,0,0,0,0,0,0,0,0,0,1395,81324,49,0,0,0.0000,0,0,0,0,0,0,0,0,0,0,0,0,0,0,0,0,0,0.0000,0.0000,0.0000,2
333,0,0,0,0,0,0,0,0,0,0,0,0,0,0,0,1050,105679,65,0,0,0.0000,0,0,0,0,0,0,0,0,0,0,0,0,0,0,0,0,0,0.0000,0.0000,0.0000,3
334,0,0,0,0,0,0,0,0,0,0,0,0,0,0,0,1200,117318,64,0,5,0.0000,0,0,0,0,0,0,0,0,0,0,0,0,0,0,0,0,0,0.0000,0.0000,0.0000,0
335,0,0,0,0,0,0,0,0,0,0,0,0,0,0,0,603,80972,99,0,0,0.0000,0,0,0,0,0,0,0,0,0,0,0,0,0,0,0,0,0,0.0000,0.0000,0.0000,1
336,0,0,0,0,0,0,0,0,0,0,0,0,0,0,0,1050,124306,82,0,0,0.0000,0,0,0,0,0,0,0,0,0,0,0,0,0,0,0,0,0,0.0000,0.0000,0.0000,3
337,0,0,0,0,0,0,0,0,0,0,0,0,0,0,0,2161,321471,78,0,8,0.0000,0,0,0,0,0,0,0,0,0,0,0,0,0,0,0,0,0,0.0000,0.0000,0.0000,3
338,0,0,0,0,0,0,0,0,0,0,0,0,0,0,0,1020,84338,54,0,0,0.0000,0,0,0,0,0,0,0,0,0,0,0,0,0,0,0,0,0,0.0000,0.0000,0.0000,0
339,0,0,0,0,0,0,0,0,0,0,0,0,0,0,0,1519,163720,90,0,0,0.0000,0,0,0,0,0,0,0,0,0,0,0,0,0,0,0,0,0,0.0000,0.0000,0.0000,3
340,0,0,0,0,0,0,0,0,0,0,0,0,0,0,0,1500,72558,56,0,0,0.0000,0,0,0,0,0,0,0,0,0,0,0,0,0,0,0,0,0,0.0000,0.0000,0.0000,0
343,0,0,0,0,0,0,0,0,0,0,0,0,0,0,0,0,0,0,0,0,0.0000,0,0,0,0,0,0,0,0,0,0,0,0,0,0,0,0,0,0.0000,0.0000,0.0000,0
344,0,0,0,0,0,0,0,0,0,0,0,0,0,0,0,0,0,0,0,0,0.0000,0,0,0,0,0,0,0,0,0,0,0,0,0,0,0,0,0,0.0000,0.0000,0.0000,0
345,0,0,0,0,0,0,0,0,0,0,0,0,0,0,0,0,0,0,0,0,0.0000,0,0,0,0,0,0,0,0,0,0,0,0,0,0,0,0,0,1070000.0000,0.0000,0.0000,0
346,0,0,0,0,0,0,0,0,0,0,0,0,0,0,0,0,0,0,0,0,0.0000,0,0,0,0,0,0,0,0,0,0,0,0,0,0,0,0,0,1605000.0000,0.0000,0.0000,0
347,0,0,0,0,0,0,0,0,0,0,0,0,0,0,0,0,0,0,0,0,0.0000,0,0,0,0,0,0,0,0,0,0,0,0,0,0,0,0,0,1605000.0000,0.0000,0.0000,0
348,0,0,0,0,0,0,0,0,0,0,0,0,0,0,0,0,0,0,0,0,0.0000,0,0,0,0,0,0,0,0,0,0,0,0,0,0,0,0,0,535000.0000,0.0000,0.0000,0
349,0,0,0,0,0,0,0,0,0,0,0,0,0,0,0,0,0,0,0,0,0.0000,0,0,0,0,0,0,0,0,0,0,0,0,0,0,0,0,0,2675000.0000,0.0000,0.0000,0
350,0,0,0,0,0,0,0,0,0,0,0,0,0,0,0,0,0,0,0,0,0.0000,0,0,0,0,0,0,0,0,0,0,0,0,0,0,0,0,0,535000.0000,0.0000,0.0000,0
351,0,0,0,0,0,0,0,0,0,0,0,0,0,0,0,0,0,0,0,0,0.0000,0,0,0,0,0,0,0,0,0,0,0,0,0,0,0,0,0,1070000.0000,0.0000,0.0000,0
352,0,0,0,0,0,0,0,0,0,0,0,0,0,0,0,0,0,0,0,0,0.0000,0,0,0,0,0,0,0,0,0,0,0,0,0,0,0,0,0,535000.0000,0.0000,0.0000,0
353,0,0,0,0,0,0,0,0,0,0,0,0,0,0,0,0,0,0,0,0,0.0000,0,0,0,0,0,0,0,0,0,0,0,0,0,0,0,0,0,0.0000,0.0000,0.0000,0
354,0,0,0,0,0,0,0,0,0,0,0,0,0,0,0,0,0,0,0,0,0.0000,0,0,0,0,0,0,0,0,0,0,0,0,0,0,0,0,0,0.0000,0.0000,0.0000,0
355,0,0,0,0,0,0,0,0,0,0,0,0,0,0,0,0,0,0,0,0,0.0000,0,0,0,0,0,0,0,0,0,0,0,0,0,0,0,0,0,1070000.0000,0.0000,0.0000,0
356,0,0,0,0,0,0,0,0,0,0,0,0,0,0,0,0,0,0,0,0,0.0000,0,0,0,0,0,0,0,0,0,0,0,0,0,0,0,0,0,0.0000,0.0000,0.0000,0
357,0,0,0,0,0,0,0,0,0,0,0,0,0,0,0,0,0,0,0,0,0.0000,0,0,0,0,0,0,0,0,0,0,0,0,0,0,0,0,0,0.0000,0.0000,0.0000,0
358,0,0,0,0,0,0,0,0,0,0,0,0,0,0,0,0,0,0,0,0,0.0000,0,0,0,0,0,0,0,0,0,0,0,0,0,0,0,0,0,0.0000,0.0000,0.0000,0
359,0,0,0,0,0,0,0,0,0,0,0,0,0,0,0,0,0,0,0,0,0.0000,0,0,0,0,0,0,0,0,0,0,0,0,0,0,0,0,0,0.0000,0.0000,0.0000,0
360,0,0,0,0,0,0,0,0,0,0,0,0,0,0,0,0,0,0,0,0,0.0000,0,0,0,0,0,0,0,0,0,0,0,0,0,0,0,0,0,0.0000,0.0000,0.0000,0
361,0,0,0,0,0,0,0,0,0,0,0,0,0,0,0,2430,189572,100,0,0,0.0000,0,0,0,0,0,0,0,0,0,0,0,0,0,0,0,0,0,0.0000,0.0000,0.0000,0
403,0,0,0,0,0,0,0,0,0,0,0,0,0,0,0,1590,169441,100,0,0,0.0000,0,0,0,0,0,0,0,0,0,0,0,0,0,0,0,0,0,0.0000,0.0000,0.0000,0
404,0,0,0,0,0,0,0,0,0,0,0,0,0,0,0,2078,156075,74,0,8,0.0000,0,0,0,0,0,0,0,0,0,0,0,0,0,0,0,0,0,0.0000,0.0000,0.0000,0
405,0,0,0,0,0,0,0,0,0,0,0,0,0,0,0,1768,143652,69,0,0,0.0000,0,0,0,0,0,0,0,0,0,0,0,0,0,0,0,0,0,0.0000,0.0000,0.0000,2
406,0,0,0,0,0,0,0,0,0,0,0,0,0,0,0,1374,66280,49,0,0,0.0000,0,0,0,0,0,0,0,0,0,0,0,0,0,0,0,0,0,0.0000,0.0000,0.0000,0
408,0,0,0,0,0,0,0,0,0,0,0,0,0,0,0,1395,64035,50,0,0,0.0000,0,0,0,0,0,0,0,0,0,0,0,0,0,0,0,0,0,0.0000,0.0000,0.0000,0
409,0,0,0,0,0,0,0,0,0,0,0,0,0,0,0,0,0,0,0,0,0.0000,0,0,0,0,0,0,0,0,0,0,0,0,0,0,0,0,0,0.0000,0.0000,0.0000,0
410,0,0,0,0,0,0,0,0,0,0,0,0,0,0,0,0,0,0,0,0,0.0000,0,0,0,0,0,0,0,0,0,0,0,0,0,0,0,0,0,0.0000,0.0000,0.0000,0
584,0,0,0,0,0,0,0,0,0,0,0,0,0,0,0,60,5286,90,0,0,0.0000,0,0,0,0,0,0,0,0,0,0,0,0,0,0,0,0,0,0.0000,0.0000,0.0000,0
585,0,0,0,0,0,0,0,0,0,0,0,0,0,0,0,60,5948,100,0,0,0.0000,0,0,0,0,0,0,0,0,0,0,0,0,0,0,0,0,0,0.0000,0.0000,0.0000,1
586,0,0,0,0,0,0,0,0,0,0,0,0,0,0,0,60,5407,84,0,3,0.0000,0,0,0,0,0,0,0,0,0,0,0,0,0,0,0,0,0,0.0000,0.0000,0.0000,1
587,0,0,0,0,0,0,0,0,0,0,0,0,0,0,0,60,5728,51,0,0,0.0000,0,0,0,0,0,0,0,0,0,0,0,0,0,0,0,0,0,0.0000,0.0000,0.0000,0
588,0,0,0,0,0,0,0,0,0,0,0,0,0,0,0,60,4982,58,0,0,0.0000,0,0,0,0,0,0,0,0,0,0,0,0,0,0,0,0,0,0.0000,0.0000,0.0000,0
589,0,0,0,0,0,0,0,0,0,0,0,0,0,0,0,60,5104,54,0,0,0.0000,0,0,0,0,0,0,0,0,0,0,0,0,0,0,0,0,0,0.0000,0.0000,0.0000,0
590,0,0,0,0,0,0,0,0,0,0,0,0,0,0,0,60,5147,65,0,0,0.0000,0,0,0,0,0,0,0,0,0,0,0,0,0,0,0,0,0,0.0000,0.0000,0.0000,0
591,0,0,0,0,0,0,0,0,0,0,0,0,0,0,0,60,5625,91,0,0,0.0000,0,0,0,0,0,0,0,0,0,0,0,0,0,0,0,0,0,0.0000,0.0000,0.0000,0
592,0,0,0,0,0,0,0,0,0,0,0,0,0,0,0,60,5783,80,0,0,0.0000,0,0,0,0,0,0,0,0,0,0,0,0,0,0,0,0,0,0.0000,0.0000,0.0000,0
593,0,0,0,0,0,0,0,0,0,0,0,0,0,0,0,60,6065,82,0,0,0.0000,0,0,0,0,0,0,0,0,0,0,0,0,0,0,0,0,0,0.0000,0.0000,0.0000,0
594,0,0,0,0,0,0,0,0,0,0,0,0,0,0,0,60,4766,100,0,4,0.0000,0,0,0,0,0,0,0,0,0,0,0,0,0,0,0,0,0,0.0000,0.0000,0.0000,0
595,0,0,0,0,0,0,0,0,0,0,0,0,0,0,0,60,5314,70,0,0,0.0000,0,0,0,0,0,0,0,0,0,0,0,0,0,0,0,0,0,0.0000,0.0000,0.0000,0
596,0,0,0,0,0,0,0,0,0,0,0,0,0,0,0,60,5326,85,0,0,0.0000,0,0,0,0,0,0,0,0,0,0,0,0,0,0,0,0,0,0.0000,0.0000,0.0000,0
597,0,0,0,0,0,0,0,0,0,0,0,0,0,0,0,60,5035,88,0,0,0.0000,0,0,0,0,0,0,0,0,0,0,0,0,0,0,0,0,0,0.0000,0.0000,0.0000,0
598,0,0,0,0,0,0,0,0,0,0,0,0,0,0,0,60,5262,51,0,0,0.0000,0,0,0,0,0,0,0,0,0,0,0,0,0,0,0,0,0,0.0000,0.0000,0.0000,0
599,0,0,0,0,0,0,0,0,0,0,0,0,0,0,0,60,5424,62,0,0,0.0000,0,0,0,0,0,0,0,0,0,0,0,0,0,0,0,0,0,0.0000,0.0000,0.0000,0
600,0,0,0,0,0,0,0,0,0,0,0,0,0,0,0,60,4769,78,0,0,0.0000,0,0,0,0,0,0,0,0,0,0,0,0,0,0,0,0,0,0.0000,0.0000,0.0000,0
601,0,0,0,0,0,0,0,0,0,0,0,0,0,0,0,60,6014,81,0,15,0.0000,0,0,0,0,0,0,0,0,0,0,0,0,0,0,0,0,0,0.0000,0.0000,0.0000,1
602,0,0,0,0,0,0,0,0,0,0,0,0,0,0,0,60,4605,52,0,0,0.0000,0,0,0,0,0,0,0,0,0,0,0,0,0,0,0,0,0,0.0000,0.0000,0.0000,0
603,0,0,0,0,0,0,0,0,0,0,0,0,0,0,0,60,4696,51,0,0,0.0000,0,0,0,0,0,0,0,0,0,0,0,0,0,0,0,0,0,0.0000,0.0000,0.0000,0
604,0,0,0,0,0,0,0,0,0,0,0,0,0,0,0,60,5157,82,0,0,0.0000,0,0,0,0,0,0,0,0,0,0,0,0,0,0,0,0,0,0.0000,0.0000,0.0000,0
605,0,0,0,0,0,0,0,0,0,0,0,0,0,0,0,60,5185,60,0,0,0.0000,0,0,0,0,0,0,0,0,0,0,0,0,0,0,0,0,0,0.0000,0.0000,0.0000,0
606,0,0,0,0,0,0,0,0,0,0,0,0,0,0,0,60,5366,74,0,0,0.0000,0,0,0,0,0,0,0,0,0,0,0,0,0,0,0,0,0,0.0000,0.0000,0.0000,0
607,0,0,0,0,0,0,0,0,0,0,0,0,0,0,0,60,5399,94,0,0,0.0000,0,0,0,0,0,0,0,0,0,0,0,0,0,0,0,0,0,0.0000,0.0000,0.0000,3
608,0,0,0,0,0,0,0,0,0,0,0,0,0,0,0,60,5415,95,0,0,0.0000,0,0,0,0,0,0,0,0,0,0,0,0,0,0,0,0,0,0.0000,0.0000,0.0000,0
609,0,0,0,0,0,0,0,0,0,0,0,0,0,0,0,60,5930,50,0,0,0.0000,0,0,0,0,0,0,0,0,0,0,0,0,0,0,0,0,0,0.0000,0.0000,0.0000,0
611,0,0,0,0,0,0,0,0,0,0,0,0,0,0,0,90,8695,76,0,0,0.0000,0,0,0,0,0,0,0,0,0,0,0,0,0,0,0,0,0,0.0000,0.0000,0.0000,0
613,0,0,0,0,0,0,0,0,0,0,0,0,0,0,0,60,5464,100,0,0,0.0000,0,0,0,0,0,0,0,0,0,0,0,0,0,0,0,0,0,0.0000,0.0000,0.0000,1
614,0,0,0,0,0,0,0,0,0,0,0,0,0,0,0,0,0,0,0,0,0.0000,0,0,0,0,0,0,0,0,0,0,0,0,0,0,0,0,0,0.0000,0.0000,0.0000,0
615,0,0,0,0,0,0,0,0,0,0,0,0,0,0,0,0,0,0,0,0,0.0000,0,0,0,0,0,0,0,0,0,0,0,0,0,0,0,0,0,0.0000,0.0000,0.0000,0
616,0,0,0,0,0,0,0,0,0,0,0,0,0,0,0,60,4941,50,0,0,0.0000,0,0,0,0,0,0,0,0,0,0,0,0,0,0,0,0,0,0.0000,0.0000,0.0000,0
617,0,0,0,0,0,0,0,0,0,0,0,0,0,0,0,60,5650,89,0,0,0.0000,0,0,0,0,0,0,0,0,0,0,0,0,0,0,0,0,0,0.0000,0.0000,0.0000,0
618,0,0,0,0,0,0,0,0,0,0,0,0,0,0,0,60,5326,72,0,0,0.0000,0,0,0,0,0,0,0,0,0,0,0,0,0,0,0,0,0,0.0000,0.0000,0.0000,0
619,0,0,0,0,0,0,0,0,0,0,0,0,0,0,0,60,4715,51,0,0,0.0000,0,0,0,0,0,0,0,0,0,0,0,0,0,0,0,0,0,0.0000,0.0000,0.0000,3
620,0,0,0,0,0,0,0,0,0,0,0,0,0,0,0,60,5765,100,0,0,0.0000,0,0,0,0,0,0,0,0,0,0,0,0,0,0,0,0,0,0.0000,0.0000,0.0000,0
649,0,0,0,0,0,0,0,0,0,0,0,0,0,0,0,60,4961,70,0,0,0.0000,0,0,0,0,0,0,0,0,0,0,0,0,0,0,0,0,0,0.0000,0.0000,0.0000,0
651,0,0,0,0,0,0,0,0,0,0,0,0,0,0,0,1395,77159,50,0,0,0.0000,0,0,0,0,0,0,0,0,0,0,0,0,0,0,0,0,0,0.0000,0.0000,0.0000,0
736,0,0,0,0,0,0,0,0,0,0,0,0,0,0,0,1871,105206,72,0,0,0.0000,0,0,0,0,0,0,0,0,0,0,0,0,0,0,0,0,0,0.0000,0.0000,0.0000,0
742,0,0,0,0,0,0,0,0,0,0,0,0,0,0,0,90,9067,68,0,0,0.0000,0,0,0,0,0,0,0,0,0,0,0,0,0,0,0,0,0,0.0000,0.0000,0.0000,0
745,0,0,0,0,0,0,0,0,0,0,0,0,0,0,0,1395,72755,50,0,0,0.0000,0,0,0,0,0,0,0,0,0,0,0,0,0,0,0,0,0,0.0000,0.0000,0.0000,0
751,0,0,0,0,0,0,0,0,0,0,0,0,0,0,0,60,5547,62,0,0,0.0000,0,0,0,0,0,0,0,0,0,0,0,0,3,0,0,0,0,0.0000,0.0000,0.0000,0
753,0,0,0,0,0,0,0,0,0,0,0,0,0,0,0,90,10259,100,0,0,0.0000,0,0,0,0,0,0,0,0,0,0,0,0,2,0,0,0,0,0.0000,0.0000,0.0000,0
754,0,0,0,0,0,0,0,0,0,0,0,0,0,0,0,60,4965,54,0,0,0.0000,0,0,0,0,0,0,0,0,0,0,0,0,4,0,0,0,0,0.0000,0.0000,0.0000,0
755,0,0,0,0,0,0,0,0,0,0,0,0,0,0,0,60,5095,86,0,0,0.0000,0,0,0,0,0,0,0,0,0,0,0,0,3,0,0,0,0,0.0000,0.0000,0.0000,0
756,0,0,0,0,0,0,0,0,0,0,0,0,0,0,0,1230,129524,100,0,13,0.0000,0,0,0,0,0,0,0,0,0,0,0,0,2,0,0,0,0,0.0000,0.0000,0.0000,10
757,0,0,0,0,0,0,0,0,0,0,0,0,0,0,0,1590,192723,58,0,0,0.0000,0,0,0,0,0,0,0,0,0,0,0,0,2,0,0,0,0,0.0000,0.0000,0.0000,0
758,0,0,0,0,0,0,0,0,0,0,0,0,0,0,0,300,31128,100,0,0,0.0000,0,0,0,0,0,0,0,0,0,0,0,0,0,0,0,0,0,0.0000,0.0000,0.0000,3
785,0,0,0,0,0,0,0,0,0,0,0,0,0,0,0,1933,141935,76,0,0,0.0000,0,0,0,0,0,0,0,0,0,0,0,0,0,0,0,0,0,0.0000,0.0000,0.0000,0
787,0,0,0,0,0,0,0,0,0,0,0,0,0,0,0,0,0,0,0,0,0.0000,0,0,0,0,0,0,0,0,0,0,0,0,0,0,0,0,0,0.0000,0.0000,0.0000,0
788,0,0,0,0,0,0,0,0,0,0,0,0,0,0,0,0,0,0,0,0,0.0000,0,0,0,0,0,0,0,0,0,0,0,0,0,0,0,0,0,0.0000,0.0000,0.0000,0
789,0,0,0,0,0,0,0,0,0,0,0,0,0,0,0,0,0,0,0,0,0.0000,0,0,0,0,0,12000000,0,0,2500000,0,0,0,0,0,12000000,-12000000,-14500000,13910000.0000,0.0000,0.0000,0
790,0,0,0,0,0,0,0,0,0,0,0,0,0,0,0,0,0,0,0,0,0.0000,0,0,0,0,0,12000000,0,0,2500000,0,0,0,0,0,12000000,-12000000,-14500000,13910000.0000,0.0000,0.0000,0
791,0,0,0,0,0,0,0,0,0,0,0,0,0,0,0,0,0,77,0,0,0.0000,0,0,0,0,0,0,0,0,0,0,0,0,0,0,0,0,0,0.0000,0.0000,0.0000,0
792,0,0,0,0,0,0,0,0,0,0,0,0,0,0,0,0,0,77,0,0,0.0000,0,0,0,0,0,0,0,0,0,0,0,0,0,0,0,0,0,0.0000,0.0000,0.0000,0
793,0,0,0,0,0,0,0,0,0,0,0,0,0,0,0,0,0,74,0,0,0.0000,0,0,0,0,0,0,0,0,0,0,0,0,0,0,0,0,0,0.0000,0.0000,0.0000,0
794,0,0,0,0,0,0,0,0,0,0,0,0,0,0,0,0,0,76,0,-1,0.0000,0,0,0,0,0,0,0,0,0,0,0,0,0,0,0,0,0,0.0000,0.0000,0.0000,0
795,0,0,0,0,0,0,0,0,0,0,0,0,0,0,0,0,0,76,0,3,0.0000,0,0,0,0,0,0,0,0,0,0,0,0,0,0,0,0,0,0.0000,0.0000,0.0000,0
796,0,0,0,0,0,0,0,0,0,0,0,0,0,0,0,0,0,73,0,5,0.0000,0,0,0,0,0,0,0,0,0,0,0,0,0,0,0,0,0,0.0000,0.0000,0.0000,0
797,0,0,0,0,0,0,0,0,0,0,0,0,0,0,0,0,0,72,0,0,0.0000,0,0,0,0,0,0,0,0,0,0,0,0,0,0,0,0,0,0.0000,0.0000,0.0000,0
798,0,0,0,0,0,0,0,0,0,0,0,0,0,0,0,0,0,74,0,0,0.0000,0,0,0,0,0,0,0,0,0,0,0,0,0,0,0,0,0,0.0000,0.0000,0.0000,0
799,0,0,0,0,0,0,0,0,0,0,0,0,0,0,0,0,0,72,0,0,0.0000,0,0,0,0,0,0,0,0,0,0,0,0,0,0,0,0,0,0.0000,0.0000,0.0000,0
800,0,0,0,0,0,0,0,0,0,0,0,0,0,0,0,0,0,73,0,0,0.0000,0,0,0,0,0,0,0,0,0,0,0,0,0,0,0,0,0,0.0000,0.0000,0.0000,0
801,0,0,0,0,0,0,0,0,0,0,0,0,0,0,0,0,0,76,0,0,0.0000,0,0,0,0,0,0,0,0,0,0,0,0,0,0,0,0,0,0.0000,0.0000,0.0000,0
802,0,0,0,0,0,0,0,0,0,0,0,0,0,0,0,0,0,70,0,-2,0.0000,0,0,0,0,0,0,0,0,0,0,0,0,0,0,0,0,0,0.0000,0.0000,0.0000,0
803,0,0,0,0,0,0,0,0,0,0,0,0,0,0,0,0,0,70,0,0,0.0000,0,0,0,0,0,0,0,0,0,0,0,0,0,0,0,0,0,0.0000,0.0000,0.0000,0
804,0,0,0,0,0,0,0,0,0,0,0,0,0,0,0,0,0,76,0,0,0.0000,0,0,0,0,0,0,0,0,0,0,0,0,0,0,0,0,0,0.0000,0.0000,0.0000,0
805,0,0,0,0,0,0,0,0,0,0,0,0,0,0,0,0,0,75,0,0,0.0000,0,0,0,0,0,0,0,0,0,0,0,0,0,0,0,0,0,0.0000,0.0000,0.0000,0
806,0,0,0,0,0,0,0,0,0,0,0,0,0,0,0,0,0,76,0,-1,0.0000,0,0,0,0,0,0,0,0,0,0,0,0,0,0,0,0,0,0.0000,0.0000,0.0000,0
807,0,0,0,0,0,0,0,0,0,0,0,0,0,0,0,0,0,75,0,0,0.0000,0,0,0,0,0,0,0,0,0,0,0,0,0,0,0,0,0,0.0000,0.0000,0.0000,0
808,0,0,0,0,0,0,0,0,0,0,0,0,0,0,0,0,0,75,0,0,0.0000,0,0,0,0,0,0,0,0,0,0,0,0,0,0,0,0,0,0.0000,0.0000,0.0000,0
809,0,0,0,0,0,0,0,0,0,0,0,0,0,0,0,0,0,78,0,-2,0.0000,0,0,0,0,0,0,0,0,0,0,0,0,0,0,0,0,0,0.0000,0.0000,0.0000,0
810,0,0,0,0,0,0,0,0,0,0,0,0,0,0,0,0,0,76,0,0,0.0000,0,0,0,0,0,0,0,0,0,0,0,0,0,0,0,0,0,0.0000,0.0000,0.0000,0
811,0,0,0,0,0,0,0,0,0,0,0,0,0,0,0,0,0,76,0,-4,0.0000,0,0,0,0,0,0,0,0,0,0,0,0,0,0,0,0,0,0.0000,0.0000,0.0000,0
812,0,0,0,0,0,0,0,0,0,0,0,0,0,0,0,0,0,73,0,0,0.0000,0,0,0,0,0,0,0,0,0,0,0,0,0,0,0,0,0,0.0000,0.0000,0.0000,0
813,0,0,0,0,0,0,0,0,0,0,0,0,0,0,0,0,0,76,0,-1,0.0000,0,0,0,0,0,0,0,0,0,0,0,0,0,0,0,0,0,0.0000,0.0000,0.0000,0
814,0,0,0,0,0,0,0,0,0,0,0,0,0,0,0,0,0,76,0,0,0.0000,0,0,0,0,0,0,0,0,0,0,0,0,0,0,0,0,0,0.0000,0.0000,0.0000,0
815,0,0,0,0,0,0,0,0,0,0,0,0,0,0,0,0,0,75,0,-1,0.0000,0,0,0,0,0,0,0,0,0,0,0,0,0,0,0,0,0,0.0000,0.0000,0.0000,0
816,0,0,0,0,0,0,0,0,0,0,0,0,0,0,0,0,0,73,0,0,0.0000,0,0,0,0,0,0,0,0,0,0,0,0,0,0,0,0,0,0.0000,0.0000,0.0000,0
817,0,0,0,0,0,0,0,0,0,0,0,0,0,0,0,0,0,73,0,-2,0.0000,0,0,0,0,0,0,0,0,0,0,0,0,0,0,0,0,0,0.0000,0.0000,0.0000,0
818,0,0,0,0,0,0,0,0,0,0,0,0,0,0,0,0,0,73,0,0,0.0000,0,0,0,0,0,0,0,0,0,0,0,0,0,0,0,0,0,0.0000,0.0000,0.0000,0
819,0,0,0,0,0,0,0,0,0,0,0,0,0,0,0,0,0,73,0,0,0.0000,0,0,0,0,0,0,0,0,0,0,0,0,0,0,0,0,0,0.0000,0.0000,0.0000,0
820,0,0,0,0,0,0,0,0,0,0,0,0,0,0,0,0,0,75,0,10,0.0000,0,0,0,0,0,0,0,0,0,0,0,0,0,0,0,0,0,0.0000,0.0000,0.0000,0
821,0,0,0,0,0,0,0,0,0,0,0,0,0,0,0,0,0,75,0,-2,0.0000,0,0,0,0,0,0,0,0,0,0,0,0,0,0,0,0,0,0.0000,0.0000,0.0000,0
822,0,0,0,0,0,0,0,0,0,0,0,0,0,0,0,0,0,76,0,8,0.0000,0,0,0,0,0,0,0,0,0,0,0,0,0,0,0,0,0,0.0000,0.0000,0.0000,0
823,0,0,0,0,0,0,0,0,0,0,0,0,0,0,0,0,0,75,0,0,0.0000,0,0,0,0,0,0,0,0,0,0,0,0,0,0,0,0,0,0.0000,0.0000,0.0000,0
824,0,0,0,0,0,0,0,0,0,0,0,0,0,0,0,0,0,75,0,-3,0.0000,0,0,0,0,0,0,0,0,0,0,0,0,0,0,0,0,0,0.0000,0.0000,0.0000,0
825,0,0,0,0,0,0,0,0,0,0,0,0,0,0,0,0,0,72,0,-3,0.0000,0,0,0,0,0,0,0,0,0,0,0,0,0,0,0,0,0,0.0000,0.0000,0.0000,0
826,0,0,0,0,0,0,0,0,0,0,0,0,0,0,0,0,0,75,0,-3,0.0000,0,0,0,0,0,0,0,0,0,0,0,0,0,0,0,0,0,0.0000,0.0000,0.0000,0
827,0,0,0,0,0,0,0,0,0,0,0,0,0,0,0,0,0,74,0,0,0.0000,0,0,0,0,0,0,0,0,0,0,0,0,0,0,0,0,0,0.0000,0.0000,0.0000,0
828,0,0,0,0,0,0,0,0,0,0,0,0,0,0,0,0,0,73,0,0,0.0000,0,0,0,0,0,0,0,0,0,0,0,0,0,0,0,0,0,0.0000,0.0000,0.0000,0
829,0,0,0,0,0,0,0,0,0,0,0,0,0,0,0,0,0,73,0,0,0.0000,0,0,0,0,0,0,0,0,0,0,0,0,0,0,0,0,0,0.0000,0.0000,0.0000,0
830,0,0,0,0,0,0,0,0,0,0,0,0,0,0,0,0,0,77,0,10,0.0000,0,0,0,0,0,0,0,0,0,0,0,0,0,0,0,0,0,0.0000,0.0000,0.0000,0
831,0,0,0,0,0,0,0,0,0,0,0,0,0,0,0,0,0,70,0,0,0.0000,0,0,0,0,0,0,0,0,0,0,0,0,0,0,0,0,0,0.0000,0.0000,0.0000,0
832,0,0,0,0,0,0,0,0,0,0,0,0,0,0,0,0,0,73,0,0,0.0000,0,0,0,0,0,0,0,0,0,0,0,0,0,0,0,0,0,0.0000,0.0000,0.0000,0
833,0,0,0,0,0,0,0,0,0,0,0,0,0,0,0,0,0,74,0,-2,0.0000,0,0,0,0,0,0,0,0,0,0,0,0,0,0,0,0,0,0.0000,0.0000,0.0000,0
834,0,0,0,0,0,0,0,0,0,0,0,0,0,0,0,0,0,73,0,-2,0.0000,0,0,0,0,0,0,0,0,0,0,0,0,0,0,0,0,0,0.0000,0.0000,0.0000,0
835,0,0,0,0,0,0,0,0,0,0,0,0,0,0,0,0,0,76,0,0,0.0000,0,0,0,0,0,0,0,0,0,0,0,0,0,0,0,0,0,0.0000,0.0000,0.0000,0
836,0,0,0,0,0,0,0,0,0,0,0,0,0,0,0,0,0,76,0,0,0.0000,0,0,0,0,0,0,0,0,0,0,0,0,0,0,0,0,0,0.0000,0.0000,0.0000,0
837,0,0,0,0,0,0,0,0,0,0,0,0,0,0,0,0,0,73,0,0,0.0000,0,0,0,0,0,0,0,0,0,0,0,0,0,0,0,0,0,0.0000,0.0000,0.0000,0
838,0,0,0,0,0,0,0,0,0,0,0,0,0,0,0,0,0,76,0,-1,0.0000,0,0,0,0,0,0,0,0,0,0,0,0,0,0,0,0,0,0.0000,0.0000,0.0000,0
839,0,0,0,0,0,0,0,0,0,0,0,0,0,0,0,0,0,76,0,0,0.0000,0,0,0,0,0,0,0,0,0,0,0,0,0,0,0,0,0,0.0000,0.0000,0.0000,0
840,0,0,0,0,0,0,0,0,0,0,0,0,0,0,0,0,0,75,0,-3,0.0000,0,0,0,0,0,0,0,0,0,0,0,0,0,0,0,0,0,0.0000,0.0000,0.0000,0
841,0,0,0,0,0,0,0,0,0,0,0,0,0,0,0,0,0,77,0,-3,0.0000,0,0,0,0,0,0,0,0,0,0,0,0,0,0,0,0,0,0.0000,0.0000,0.0000,0
842,0,0,0,0,0,0,0,0,0,0,0,0,0,0,0,0,0,75,0,0,0.0000,0,0,0,0,0,0,0,0,0,0,0,0,0,0,0,0,0,0.0000,0.0000,0.0000,0
843,0,0,0,0,0,0,0,0,0,0,0,0,0,0,0,0,0,73,0,-1,0.0000,0,0,0,0,0,0,0,0,0,0,0,0,0,0,0,0,0,0.0000,0.0000,0.0000,0
844,0,0,0,0,0,0,0,0,0,0,0,0,0,0,0,0,0,74,0,-1,0.0000,0,0,0,0,0,0,0,0,0,0,0,0,0,0,0,0,0,0.0000,0.0000,0.0000,0
845,0,0,0,0,0,0,0,0,0,0,0,0,0,0,0,0,0,72,0,0,0.0000,0,0,0,0,0,0,0,0,0,0,0,0,0,0,0,0,0,0.0000,0.0000,0.0000,0
846,0,0,0,0,0,0,0,0,0,0,0,0,0,0,0,0,0,76,0,10,0.0000,0,0,0,0,0,0,0,0,0,0,0,0,0,0,0,0,0,0.0000,0.0000,0.0000,0
847,0,0,0,0,0,0,0,0,0,0,0,0,0,0,0,0,0,74,0,0,0.0000,0,0,0,0,0,0,0,0,0,0,0,0,0,0,0,0,0,0.0000,0.0000,0.0000,0
848,0,0,0,0,0,0,0,0,0,0,0,0,0,0,0,0,0,75,0,0,0.0000,0,0,0,0,0,0,0,0,0,0,0,0,0,0,0,0,0,0.0000,0.0000,0.0000,0
849,0,0,0,0,0,0,0,0,0,0,0,0,0,0,0,0,0,77,0,0,0.0000,0,0,0,0,0,0,0,0,0,0,0,0,0,0,0,0,0,0.0000,0.0000,0.0000,0
850,0,0,0,0,0,0,0,0,0,0,0,0,0,0,0,0,0,78,0,0,0.0000,0,0,0,0,0,0,0,0,0,0,0,0,0,0,0,0,0,0.0000,0.0000,0.0000,0
851,0,0,0,0,0,0,0,0,0,0,0,0,0,0,0,0,0,74,0,0,0.0000,0,0,0,0,0,0,0,0,0,0,0,0,0,0,0,0,0,0.0000,0.0000,0.0000,0
852,0,0,0,0,0,0,0,0,0,0,0,0,0,0,0,0,0,73,0,0,0.0000,0,0,0,0,0,0,0,0,0,0,0,0,0,0,0,0,0,0.0000,0.0000,0.0000,0
853,0,0,0,0,0,0,0,0,0,0,0,0,0,0,0,0,0,69,0,0,0.0000,0,0,0,0,0,0,0,0,0,0,0,0,0,0,0,0,0,0.0000,0.0000,0.0000,0
854,0,0,0,0,0,0,0,0,0,0,0,0,0,0,0,0,0,76,0,-1,0.0000,0,0,0,0,0,0,0,0,0,0,0,0,0,0,0,0,0,0.0000,0.0000,0.0000,0
855,0,0,0,0,0,0,0,0,0,0,0,0,0,0,0,0,0,73,0,0,0.0000,0,0,0,0,0,0,0,0,0,0,0,0,0,0,0,0,0,0.0000,0.0000,0.0000,0
856,0,0,0,0,0,0,0,0,0,0,0,0,0,0,0,0,0,74,0,0,0.0000,0,0,0,0,0,0,0,0,0,0,0,0,0,0,0,0,0,0.0000,0.0000,0.0000,0
857,0,0,0,0,0,0,0,0,0,0,0,0,0,0,0,0,0,70,0,0,0.0000,0,0,0,0,0,0,0,0,0,0,0,0,0,0,0,0,0,0.0000,0.0000,0.0000,0
858,0,0,0,0,0,0,0,0,0,0,0,0,0,0,0,0,0,71,0,-1,0.0000,0,0,0,0,0,0,0,0,0,0,0,0,0,0,0,0,0,0.0000,0.0000,0.0000,0
859,0,0,0,0,0,0,0,0,0,0,0,0,0,0,0,0,0,72,0,0,0.0000,0,0,0,0,0,0,0,0,0,0,0,0,0,0,0,0,0,0.0000,0.0000,0.0000,0
860,0,0,0,0,0,0,0,0,0,0,0,0,0,0,0,0,0,73,0,-2,0.0000,0,0,0,0,0,0,0,0,0,0,0,0,0,0,0,0,0,0.0000,0.0000,0.0000,0
861,0,0,0,0,0,0,0,0,0,0,0,0,0,0,0,0,0,77,0,2,0.0000,0,0,0,0,0,0,0,0,0,0,0,0,0,0,0,0,0,0.0000,0.0000,0.0000,0
862,0,0,0,0,0,0,0,0,0,0,0,0,0,0,0,0,0,76,0,0,0.0000,0,0,0,0,0,0,0,0,0,0,0,0,0,0,0,0,0,0.0000,0.0000,0.0000,0
863,0,0,0,0,0,0,0,0,0,0,0,0,0,0,0,0,0,81,0,-1,0.0000,0,0,0,0,0,0,0,0,0,0,0,0,0,0,0,0,0,0.0000,0.0000,0.0000,0
864,0,0,0,0,0,0,0,0,0,0,0,0,0,0,0,0,0,74,0,0,0.0000,0,0,0,0,0,0,0,0,0,0,0,0,0,0,0,0,0,0.0000,0.0000,0.0000,0
865,0,0,0,0,0,0,0,0,0,0,0,0,0,0,0,0,0,76,0,-2,0.0000,0,0,0,0,0,0,0,0,0,0,0,0,0,0,0,0,0,0.0000,0.0000,0.0000,0
866,0,0,0,0,0,0,0,0,0,0,0,0,0,0,0,0,0,74,0,0,0.0000,0,0,0,0,0,0,0,0,0,0,0,0,0,0,0,0,0,0.0000,0.0000,0.0000,0
867,0,0,0,0,0,0,0,0,0,0,0,0,0,0,0,0,0,72,0,0,0.0000,0,0,0,0,0,0,0,0,0,0,0,0,0,0,0,0,0,0.0000,0.0000,0.0000,0
868,0,0,0,0,0,0,0,0,0,0,0,0,0,0,0,0,0,74,0,0,0.0000,0,0,0,0,0,0,0,0,0,0,0,0,0,0,0,0,0,0.0000,0.0000,0.0000,0
869,0,0,0,0,0,0,0,0,0,0,0,0,0,0,0,0,0,71,0,-1,0.0000,0,0,0,0,0,0,0,0,0,0,0,0,0,0,0,0,0,0.0000,0.0000,0.0000,0
870,0,0,0,0,0,0,0,0,0,0,0,0,0,0,0,0,0,65,0,0,0.0000,0,0,0,0,0,0,0,0,0,0,0,0,0,0,0,0,0,0.0000,0.0000,0.0000,0
871,0,0,0,0,0,0,0,0,0,0,0,0,0,0,0,0,0,70,0,0,0.0000,0,0,0,0,0,0,0,0,0,0,0,0,0,0,0,0,0,0.0000,0.0000,0.0000,0
872,0,0,0,0,0,0,0,0,0,0,0,0,0,0,0,0,0,79,0,0,0.0000,0,0,0,0,0,0,0,0,0,0,0,0,0,0,0,0,0,0.0000,0.0000,0.0000,0
873,0,0,0,0,0,0,0,0,0,0,0,0,0,0,0,0,0,77,0,0,0.0000,0,0,0,0,0,0,0,0,0,0,0,0,0,0,0,0,0,0.0000,0.0000,0.0000,0
874,0,0,0,0,0,0,0,0,0,0,0,0,0,0,0,0,0,69,0,0,0.0000,0,0,0,0,0,0,0,0,0,0,0,0,0,0,0,0,0,0.0000,0.0000,0.0000,0
875,0,0,0,0,0,0,0,0,0,0,0,0,0,0,0,0,0,77,0,0,0.0000,0,0,0,0,0,0,0,0,0,0,0,0,0,0,0,0,0,0.0000,0.0000,0.0000,0
876,0,0,0,0,0,0,0,0,0,0,0,0,0,0,0,0,0,74,0,5,0.0000,0,0,0,0,0,0,0,0,0,0,0,0,0,0,0,0,0,0.0000,0.0000,0.0000,0
877,0,0,0,0,0,0,0,0,0,0,0,0,0,0,0,0,0,75,0,0,0.0000,0,0,0,0,0,0,0,0,0,0,0,0,0,0,0,0,0,0.0000,0.0000,0.0000,0
878,0,0,0,0,0,0,0,0,0,0,0,0,0,0,0,0,0,76,0,-2,0.0000,0,0,0,0,0,0,0,0,0,0,0,0,0,0,0,0,0,0.0000,0.0000,0.0000,0
879,0,0,0,0,0,0,0,0,0,0,0,0,0,0,0,0,0,71,0,0,0.0000,0,0,0,0,0,0,0,0,0,0,0,0,0,0,0,0,0,0.0000,0.0000,0.0000,0
880,0,0,0,0,0,0,0,0,0,0,0,0,0,0,0,0,0,74,0,4,0.0000,0,0,0,0,0,0,0,0,0,0,0,0,0,0,0,0,0,0.0000,0.0000,0.0000,0
881,0,0,0,0,0,0,0,0,0,0,0,0,0,0,0,0,0,77,0,0,0.0000,0,0,0,0,0,0,0,0,0,0,0,0,0,0,0,0,0,0.0000,0.0000,0.0000,0
882,0,0,0,0,0,0,0,0,0,0,0,0,0,0,0,0,0,75,0,0,0.0000,0,0,0,0,0,0,0,0,0,0,0,0,0,0,0,0,0,0.0000,0.0000,0.0000,0
883,0,0,0,0,0,0,0,0,0,0,0,0,0,0,0,0,0,76,0,0,0.0000,0,0,0,0,0,0,0,0,0,0,0,0,0,0,0,0,0,0.0000,0.0000,0.0000,0
884,0,0,0,0,0,0,0,0,0,0,0,0,0,0,0,0,0,72,0,0,0.0000,0,0,0,0,0,0,0,0,0,0,0,0,0,0,0,0,0,0.0000,0.0000,0.0000,0
885,0,0,0,0,0,0,0,0,0,0,0,0,0,0,0,0,0,73,0,-3,0.0000,0,0,0,0,0,0,0,0,0,0,0,0,0,0,0,0,0,0.0000,0.0000,0.0000,0
886,0,0,0,0,0,0,0,0,0,0,0,0,0,0,0,0,0,77,0,0,0.0000,0,0,0,0,0,0,0,0,0,0,0,0,0,0,0,0,0,0.0000,0.0000,0.0000,0
887,0,0,0,0,0,0,0,0,0,0,0,0,0,0,0,0,0,74,0,0,0.0000,0,0,0,0,0,0,0,0,0,0,0,0,0,0,0,0,0,0.0000,0.0000,0.0000,0
888,0,0,0,0,0,0,0,0,0,0,0,0,0,0,0,0,0,76,0,-1,0.0000,0,0,0,0,0,0,0,0,0,0,0,0,0,0,0,0,0,0.0000,0.0000,0.0000,0
889,0,0,0,0,0,0,0,0,0,0,0,0,0,0,0,0,0,69,0,0,0.0000,0,0,0,0,0,0,0,0,0,0,0,0,0,0,0,0,0,0.0000,0.0000,0.0000,0
890,0,0,0,0,0,0,0,0,0,0,0,0,0,0,0,0,0,73,0,0,0.0000,0,0,0,0,0,0,0,0,0,0,0,0,0,0,0,0,0,0.0000,0.0000,0.0000,0
891,0,0,0,0,0,0,0,0,0,0,0,0,0,0,0,0,0,66,0,0,0.0000,0,0,0,0,0,0,0,0,0,0,0,0,0,0,0,0,0,0.0000,0.0000,0.0000,0
892,0,0,0,0,0,0,0,0,0,0,0,0,0,0,0,0,0,73,0,-2,0.0000,0,0,0,0,0,0,0,0,0,0,0,0,0,0,0,0,0,0.0000,0.0000,0.0000,0
893,0,0,0,0,0,0,0,0,0,0,0,0,0,0,0,0,0,77,0,-1,0.0000,0,0,0,0,0,0,0,0,0,0,0,0,0,0,0,0,0,0.0000,0.0000,0.0000,0
894,0,0,0,0,0,0,0,0,0,0,0,0,0,0,0,0,0,78,0,0,0.0000,0,0,0,0,0,0,0,0,0,0,0,0,0,0,0,0,0,0.0000,0.0000,0.0000,0
895,0,0,0,0,0,0,0,0,0,0,0,0,0,0,0,0,0,66,0,0,0.0000,0,0,0,0,0,0,0,0,0,0,0,0,0,0,0,0,0,0.0000,0.0000,0.0000,0
896,0,0,0,0,0,0,0,0,0,0,0,0,0,0,0,0,0,76,0,0,0.0000,0,0,0,0,0,0,0,0,0,0,0,0,0,0,0,0,0,0.0000,0.0000,0.0000,0
897,0,0,0,0,0,0,0,0,0,0,0,0,0,0,0,0,0,69,0,0,0.0000,0,0,0,0,0,0,0,0,0,0,0,0,0,0,0,0,0,0.0000,0.0000,0.0000,0
898,0,0,0,0,0,0,0,0,0,0,0,0,0,0,0,0,0,77,0,0,0.0000,0,0,0,0,0,0,0,0,0,0,0,0,0,0,0,0,0,0.0000,0.0000,0.0000,0
899,0,0,0,0,0,0,0,0,0,0,0,0,0,0,0,0,0,78,0,9,0.0000,0,0,0,0,0,0,0,0,0,0,0,0,0,0,0,0,0,0.0000,0.0000,0.0000,0
900,0,0,0,0,0,0,0,0,0,0,0,0,0,0,0,0,0,78,0,-2,0.0000,0,0,0,0,0,0,0,0,0,0,0,0,0,0,0,0,0,0.0000,0.0000,0.0000,0
901,0,0,0,0,0,0,0,0,0,0,0,0,0,0,0,0,0,77,0,-1,0.0000,0,0,0,0,0,0,0,0,0,0,0,0,0,0,0,0,0,0.0000,0.0000,0.0000,0
902,0,0,0,0,0,0,0,0,0,0,0,0,0,0,0,0,0,77,0,10,0.0000,0,0,0,0,0,0,0,0,0,0,0,0,0,0,0,0,0,0.0000,0.0000,0.0000,0
903,0,0,0,0,0,0,0,0,0,0,0,0,0,0,0,0,0,71,0,-1,0.0000,0,0,0,0,0,0,0,0,0,0,0,0,0,0,0,0,0,0.0000,0.0000,0.0000,0
904,0,0,0,0,0,0,0,0,0,0,0,0,0,0,0,0,0,75,0,0,0.0000,0,0,0,0,0,0,0,0,0,0,0,0,0,0,0,0,0,0.0000,0.0000,0.0000,0
905,0,0,0,0,0,0,0,0,0,0,0,0,0,0,0,0,0,76,0,0,0.0000,0,0,0,0,0,0,0,0,0,0,0,0,0,0,0,0,0,0.0000,0.0000,0.0000,0
906,0,0,0,0,0,0,0,0,0,0,0,0,0,0,0,0,0,70,0,0,0.0000,0,0,0,0,0,0,0,0,0,0,0,0,0,0,0,0,0,0.0000,0.0000,0.0000,0
907,0,0,0,0,0,0,0,0,0,0,0,0,0,0,0,0,0,78,0,10,0.0000,0,0,0,0,0,0,0,0,0,0,0,0,0,0,0,0,0,0.0000,0.0000,0.0000,0
908,0,0,0,0,0,0,0,0,0,0,0,0,0,0,0,0,0,77,0,9,0.0000,0,0,0,0,0,0,0,0,0,0,0,0,0,0,0,0,0,0.0000,0.0000,0.0000,0
909,0,0,0,0,0,0,0,0,0,0,0,0,0,0,0,0,0,69,0,0,0.0000,0,0,0,0,0,0,0,0,0,0,0,0,0,0,0,0,0,0.0000,0.0000,0.0000,0
910,0,0,0,0,0,0,0,0,0,0,0,0,0,0,0,0,0,69,0,0,0.0000,0,0,0,0,0,0,0,0,0,0,0,0,0,0,0,0,0,0.0000,0.0000,0.0000,0
911,0,0,0,0,0,0,0,0,0,0,0,0,0,0,0,0,0,79,0,8,0.0000,0,0,0,0,0,0,0,0,0,0,0,0,0,0,0,0,0,0.0000,0.0000,0.0000,0
912,0,0,0,0,0,0,0,0,0,0,0,0,0,0,0,0,0,69,0,-2,0.0000,0,0,0,0,0,0,0,0,0,0,0,0,0,0,0,0,0,0.0000,0.0000,0.0000,0
913,0,0,0,0,0,0,0,0,0,0,0,0,0,0,0,0,0,75,0,-1,0.0000,0,0,0,0,0,0,0,0,0,0,0,0,0,0,0,0,0,0.0000,0.0000,0.0000,0
914,0,0,0,0,0,0,0,0,0,0,0,0,0,0,0,0,0,75,0,-1,0.0000,0,0,0,0,0,0,0,0,0,0,0,0,0,0,0,0,0,0.0000,0.0000,0.0000,0
915,0,0,0,0,0,0,0,0,0,0,0,0,0,0,0,0,0,0,0,0,0.0000,0,0,0,0,0,0,0,0,0,0,0,0,0,0,0,0,0,0.0000,0.0000,0.0000,0
916,0,0,0,0,0,0,0,0,0,0,0,0,0,0,0,0,0,0,0,0,0.0000,0,0,0,0,0,0,0,0,0,0,0,0,0,0,0,0,0,0.0000,0.0000,0.0000,0
917,0,0,0,0,0,0,0,0,0,0,0,0,0,0,0,0,0,0,0,0,0.0000,0,0,0,0,0,0,0,0,0,0,0,0,0,0,0,0,0,0.0000,0.0000,0.0000,0
918,0,0,0,0,0,0,0,0,0,0,0,0,0,0,0,0,0,0,0,0,0.0000,0,0,0,0,0,0,0,0,0,0,0,0,0,0,0,0,0,0.0000,0.0000,0.0000,0
919,0,0,0,0,0,0,0,0,0,0,0,0,0,0,0,0,0,0,0,0,0.0000,0,0,0,0,0,0,0,0,0,0,0,0,0,0,0,0,0,0.0000,0.0000,0.0000,0
920,0,0,0,0,0,0,0,0,0,0,0,0,0,0,0,0,0,0,0,0,0.0000,0,0,0,0,0,0,0,0,0,0,0,0,0,0,0,0,0,0.0000,0.0000,0.0000,0
921,0,0,0,0,0,0,0,0,0,0,0,0,0,0,0,0,0,0,0,0,0.0000,0,0,0,0,0,0,0,0,0,0,0,0,0,0,0,0,0,0.0000,0.0000,0.0000,0
922,0,0,0,0,0,0,0,0,0,0,0,0,0,0,0,0,0,0,0,0,0.0000,0,0,0,0,0,0,0,0,0,0,0,0,0,0,0,0,0,0.0000,0.0000,0.0000,0
