POS,First Name,Last Name,TM,B,EXP,CON,GAP,POW,EYE,K's,CON vL,GAP vL,POW vL,EYE vL,K vL,CON vR,GAP vR,POW vR,EYE vR,K vR,BFH,SPE,STE,RUN,GS,PA,AB,H,1B,2B,3B,HR,RBI,R,BB,IBB,HP,SO,GDP,EBH,AVG,OBP,SLG,ISO,BABIP,wRC+,WAR,SB,CS,SB%,SLR
C,Riley,Adams,WAS,R,16,12,12,10,12,10,11,11,9,10,9,12,13,11,12,10,1,9,15,13,125,493,427,100,59,25,1,15,67,63,50,5,14,117,10,41,0.234,0.333,0.403,0.169,0.286,106,2.7,1,1,50,"$535,000 "
C,Jorge,Alfaro,BOS,R,8,10,11,12,5,6,11,12,14,7,7,10,11,12,5,6,10,8,11,12,106,435,405,91,56,20,1,14,57,46,16,0,10,147,9,35,0.225,0.269,0.383,0.158,0.31,68,0.1,1,1,50,"$7,500,000 "
C,Jason,Avers,SEA,R,11,11,11,10,12,10,11,11,11,12,10,10,11,10,11,9,4,10,11,15,124,499,457,113,64,27,1,21,49,45,36,1,5,118,19,49,0.247,0.309,0.449,0.201,0.288,96,2,0,2,0,"$535,000 "
C,Omar,Baldo,STL,S,15,14,13,12,9,11,13,12,11,8,10,14,13,12,9,12,2,8,10,16,89,376,349,95,53,25,1,16,55,55,21,1,4,68,15,42,0.272,0.319,0.487,0.215,0.296,127,3.3,0,0,0,"$535,000 "
C,Will,Banfield,ATL,R,8,14,14,12,10,12,15,14,12,11,12,13,13,11,10,12,1,9,12,17,122,493,441,98,60,26,4,8,65,45,40,5,3,98,15,38,0.222,0.286,0.354,0.132,0.262,72,0.6,1,7,12.5,"$892,500 "
C,Chris,Betts,MIN,L,8,9,12,11,12,7,9,11,9,12,6,10,12,12,12,7,1,9,9,9,52,202,180,44,24,10,0,10,32,31,18,0,2,50,4,20,0.244,0.318,0.467,0.222,0.281,101,1.1,1,0,100,"$2,000,000 "
C,Kerby,Camacho,TB,S,14,10,10,8,11,9,10,10,8,11,9,10,10,8,12,10,3,7,9,14,51,200,185,44,32,11,0,1,16,18,12,0,2,48,5,12,0.238,0.29,0.314,0.076,0.314,63,-0.1,0,1,0,"$535,000 "
C,Victor,Caratini,CHC,S,8,10,12,8,12,11,10,11,8,11,11,11,12,8,12,11,1,4,7,13,82,373,330,89,60,24,1,4,28,37,33,0,4,81,6,29,0.27,0.341,0.385,0.115,0.344,107,1.8,0,1,0,"$1,340,000 "
C,Willson,Contreras,TOR,R,8,13,14,12,12,11,14,15,12,13,11,13,14,12,12,11,2,5,13,13,130,511,464,121,77,31,0,13,57,55,38,2,5,115,12,44,0.261,0.321,0.412,0.151,0.318,89,1.4,0,0,0,"$8,860,000 "
C,Clint,Coulter,MIA,R,10,10,10,12,9,9,11,11,13,9,10,9,10,12,9,9,5,6,12,14,111,466,418,85,52,13,3,17,45,46,30,1,15,115,15,33,0.203,0.28,0.371,0.167,0.237,81,1.6,2,0,100,"$2,590,000 "
C,Wyatt,Cross,CWS,L,8,9,13,11,12,7,8,12,10,10,7,10,13,11,13,8,4,10,10,15,52,206,183,47,29,11,2,5,21,21,19,1,2,51,4,18,0.257,0.332,0.421,0.164,0.328,94,0.7,0,1,0,"$4,750,000 "
C,Brett,Cumberland,CHC,S,8,12,11,7,14,11,11,10,7,13,10,12,11,8,14,11,3,5,6,9,83,344,305,84,57,15,0,12,46,44,35,3,1,76,9,27,0.275,0.349,0.443,0.167,0.327,123,2.1,1,0,100,"$4,020,000 "
C,Michael,Curry,SF,R,16,11,13,11,11,9,11,14,13,11,10,10,13,10,11,9,4,6,8,13,67,283,246,42,22,13,1,6,39,23,23,1,9,82,12,20,0.171,0.262,0.305,0.134,0.222,56,0.1,0,0,0,"$535,000 "
C,Yasmani,Grandal,POR,S,8,9,9,13,14,5,8,8,12,15,5,9,9,14,13,5,1,6,3,6,114,460,394,91,43,18,1,29,67,64,63,0,1,136,7,48,0.231,0.338,0.503,0.272,0.27,116,3.4,0,0,0,"$5,500,000 "
C,J.J.,Hancock,DET,L,9,10,10,10,11,10,9,9,8,10,9,11,10,10,11,10,3,5,7,12,111,426,374,97,63,23,1,10,52,42,37,0,10,87,8,34,0.259,0.34,0.406,0.147,0.311,96,1.9,0,0,0,"$2,000,000 "
C,K.J.,Harrison,TB,R,11,13,13,11,9,10,14,14,12,10,11,12,13,11,9,10,1,8,19,16,124,518,477,97,64,26,0,7,35,35,29,0,7,154,11,33,0.203,0.258,0.302,0.099,0.282,50,-1.2,6,1,85.7,"$535,000 "
C,Austin,Hedges,LV,R,8,11,11,13,9,11,12,11,14,10,11,10,11,13,9,11,8,7,5,7,126,490,445,99,50,28,1,20,65,42,35,2,6,111,10,49,0.222,0.286,0.425,0.202,0.249,94,2.4,0,0,0,"$22,000,000 "
C,Ryan,January,CAR,L,11,10,12,13,12,7,9,11,12,12,6,10,12,13,13,7,5,7,12,14,124,533,484,122,67,33,2,20,63,65,41,0,6,139,7,55,0.252,0.317,0.452,0.2,0.312,120,3.4,3,0,100,"$9,375,000 "
C,Elih,Marrero,PHI,S,11,13,12,8,12,13,12,10,7,11,11,13,12,8,13,14,3,9,12,16,126,517,460,134,102,24,0,8,57,53,50,5,5,77,11,32,0.291,0.366,0.396,0.104,0.334,118,3.7,3,1,75,"$8,500,000 "
C,Francisco,Mejia,MIL,S,8,12,10,9,8,13,11,10,9,7,12,12,10,9,8,14,8,8,12,11,90,376,350,91,61,17,2,11,53,45,21,0,2,63,10,30,0.26,0.303,0.414,0.154,0.287,86,1.1,0,1,0,"$14,000,000 "
C,M.J.,Melendez,CLE,L,8,12,13,12,12,6,11,12,11,11,5,13,13,13,12,6,8,11,9,20,126,546,490,135,85,28,0,22,78,69,51,1,1,181,5,50,0.276,0.343,0.467,0.192,0.39,109,3.4,3,2,60,"$6,700,000 "
C,Tyler C.,Moore,NYM,L,11,9,10,12,12,7,9,10,11,11,6,10,10,12,12,7,1,2,4,10,123,487,435,101,63,25,1,12,55,40,44,3,2,147,9,38,0.232,0.303,0.377,0.145,0.318,89,1.6,0,0,0,"$3,400,000 "
C,John Ryan,Murphy,BAL,R,8,11,15,11,11,10,12,16,11,12,11,11,15,10,11,10,7,7,9,9,109,442,404,93,62,22,1,8,44,37,35,2,0,107,16,31,0.23,0.29,0.349,0.119,0.291,68,0.2,1,1,50,"$3,000,000 "
C,Sean,Murphy,MIL,R,10,10,10,10,12,10,10,10,11,13,10,10,10,10,12,10,4,8,10,12,72,265,240,62,42,11,1,8,32,29,21,0,1,63,12,20,0.258,0.318,0.412,0.154,0.316,90,1,1,0,100,"$3,500,000 "
C,Tomas,Nido,PIT,R,8,12,11,11,8,11,13,12,11,9,11,12,11,11,8,11,3,7,4,10,123,506,471,111,79,22,1,9,38,43,31,2,2,119,15,32,0.236,0.285,0.344,0.108,0.297,73,1.1,0,0,0,"$1,040,000 "
C,Andrew,Noviello,BOS,L,14,12,12,9,10,11,11,11,8,9,10,12,12,9,10,11,9,12,15,15,56,231,213,52,41,7,2,2,17,30,16,1,0,45,7,11,0.244,0.297,0.324,0.08,0.301,62,0,2,0,100,"$800,000 "
C,Ben,Rortvedt,ARI,L,8,11,9,9,8,13,9,8,8,7,12,12,10,10,8,13,6,11,13,16,112,435,400,104,79,11,4,10,38,61,30,1,3,71,7,25,0.26,0.316,0.383,0.122,0.294,83,1.1,5,3,62.5,"$7,000,000 "
C,Keibert,Ruiz,LAD,S,13,11,12,8,9,15,11,11,7,8,16,11,12,9,9,15,4,7,9,14,120,479,429,98,65,18,1,14,48,57,29,1,17,70,14,33,0.228,0.302,0.373,0.145,0.242,90,2.1,4,0,100,"$535,000 "
C,Gary,Sanchez,NYY,R,8,13,13,16,10,9,14,14,16,11,9,13,13,15,10,8,8,8,6,9,125,565,509,127,66,26,1,34,102,79,44,0,4,157,7,61,0.25,0.31,0.505,0.255,0.285,107,3.3,0,0,0,"$15,450,000 "
C,Chance,Sisco,CIN,L,8,15,12,8,13,11,13,11,7,12,9,15,12,8,13,11,1,8,9,11,128,561,493,125,79,29,1,16,71,66,62,6,4,109,11,46,0.254,0.34,0.414,0.16,0.295,111,3.5,4,3,57.1,"$23,000,000 "
C,Evan,Skoug,COL,L,8,12,13,14,10,9,10,12,12,9,9,13,13,15,10,10,1,5,3,11,125,561,507,130,82,24,0,24,85,74,43,5,2,133,6,48,0.256,0.313,0.446,0.189,0.296,103,2.8,1,0,100,"$13,750,000 "
C,Hunter,Taylor,STL,R,8,11,10,13,12,10,12,11,14,13,11,10,10,13,12,10,2,8,6,10,77,337,303,73,49,13,0,11,34,31,24,2,7,98,10,24,0.241,0.309,0.393,0.152,0.315,96,1.5,0,0,0,"$3,000,000 "
C,Abraham,Toro-Hernandez,HOU,S,12,11,12,9,11,9,12,13,11,12,10,10,11,9,11,9,8,12,12,14,57,230,215,53,33,6,1,13,27,37,13,0,2,51,1,20,0.247,0.296,0.465,0.219,0.265,96,1,1,0,100,"$1,500,000 "
C,Joenny,Vazquez,TEX,R,9,14,9,16,10,16,15,9,16,10,16,14,8,16,9,16,1,2,6,5,129,566,506,145,100,12,0,33,87,77,39,0,15,59,20,45,0.287,0.352,0.506,0.219,0.267,120,4.3,0,0,0,"$16,560,000 "
C,Meibrys,Viloria,CWS,L,12,13,12,11,13,12,12,12,10,12,11,13,13,11,13,12,8,7,6,13,107,447,395,90,56,20,1,13,51,55,37,0,10,97,9,34,0.228,0.307,0.382,0.154,0.266,82,0.9,0,0,0,"$7,000,000 "
C,Mike,Zunino,ARI,R,8,9,12,14,10,6,9,13,15,10,6,9,12,14,10,6,1,4,9,9,126,521,459,99,56,20,0,23,69,57,39,5,21,168,10,43,0.216,0.305,0.41,0.194,0.281,98,2.7,2,0,100,"$9,000,000 "
C,Andrew,Yerzy,HOU,L,8,12,13,14,9,10,10,12,11,7,9,12,14,15,9,10,6,10,7,16,111,434,411,109,56,23,1,29,78,57,20,0,2,86,8,53,0.265,0.302,0.538,0.273,0.269,113,2.8,1,0,100,"$535,000 "
1B,Luis,Aceves,SEA,S,4,16,15,19,8,13,15,13,17,7,12,17,15,20,8,13,4,3,3,1,148,623,576,167,91,36,0,40,117,85,34,7,9,120,10,76,0.29,0.337,0.561,0.271,0.302,124,2.9,0,2,0,"$535,000 "
1B,Yordan,Alvarez,SF,L,8,14,12,14,14,12,13,11,11,12,11,15,12,14,15,12,4,8,11,15,156,677,590,167,101,42,1,23,95,83,82,7,1,127,16,66,0.283,0.37,0.475,0.192,0.325,141,3.8,3,1,75,"$5,500,000 "
1B,Luis,Aviles,CAR,R,9,11,11,12,10,13,12,12,14,10,13,10,11,12,10,13,2,9,13,12,107,470,436,114,61,32,0,21,64,58,30,0,2,82,10,53,0.261,0.311,0.479,0.218,0.278,125,2.7,3,0,100,"$15,000,000 "
1B,Cody,Bellinger,LAD,L,8,12,11,17,15,8,11,11,16,14,7,12,11,17,16,9,3,5,18,14,159,677,578,135,79,20,2,34,95,81,85,9,7,173,17,56,0.234,0.335,0.452,0.218,0.267,119,2.8,3,1,75,"$18,800,000 "
1B,Justin,Bellinger,BOS,L,10,10,12,12,11,9,9,12,11,10,7,10,13,13,11,9,1,7,10,17,90,386,349,85,52,24,2,7,30,47,32,1,3,90,15,33,0.244,0.311,0.384,0.14,0.307,81,-0.4,1,1,50,"$535,000 "
1B,Mookie,Betts,TOR,R,8,14,14,11,12,15,16,15,12,12,16,14,14,10,12,15,8,10,16,18,140,623,560,134,92,23,1,18,63,66,57,2,2,86,10,42,0.239,0.311,0.38,0.141,0.254,82,0.4,9,3,75,"$17,020,000 "
1B,Bobby,Bradley,NYY,L,8,11,11,18,13,5,9,10,16,11,4,12,11,19,14,5,3,1,10,6,146,634,549,143,66,24,0,53,117,100,77,4,4,194,16,77,0.26,0.354,0.594,0.333,0.295,137,3.8,0,0,0,"$9,030,000 "
1B,Matt,Carpenter,PHI,L,8,11,14,13,15,9,10,13,11,14,8,12,14,13,15,9,1,1,14,11,133,590,502,150,107,24,2,17,91,73,73,0,9,122,21,43,0.299,0.393,0.456,0.157,0.36,150,4.4,3,0,100,"$10,860,000 "
1B,Nicholas,Castellanos,BAL,R,8,13,15,12,10,10,14,16,13,11,10,12,15,12,10,10,7,9,10,8,137,596,555,153,87,34,1,31,93,67,34,1,3,120,16,66,0.276,0.319,0.508,0.232,0.299,110,2.3,2,1,66.7,"$9,300,000 "
1B,Zack,Collins,CWS,L,8,12,13,16,13,7,10,12,14,12,6,13,13,16,13,8,1,3,2,7,144,615,571,145,79,33,1,32,75,77,42,2,0,187,13,66,0.254,0.304,0.483,0.229,0.319,100,0.4,0,0,0,"$15,000,000 "
1B,Lewin,Diaz,DET,L,12,12,12,15,9,10,11,12,13,9,10,12,13,15,9,10,1,5,8,13,146,641,588,153,87,26,0,40,121,85,42,0,4,145,17,66,0.26,0.31,0.509,0.248,0.276,108,1.4,0,0,0,"$3,500,000 "
1B,Josh,Donaldson,LAA,R,9,10,11,11,14,9,11,11,12,15,9,10,10,10,14,9,1,5,17,12,134,602,519,133,87,18,1,27,80,84,71,0,8,129,16,46,0.256,0.352,0.451,0.195,0.289,111,2.7,2,2,50,"$2,100,000 "
1B,Freddie,Freeman,BAL,L,10,11,15,14,16,7,10,14,13,14,8,12,15,14,16,7,1,3,13,6,121,552,453,124,68,20,1,35,94,76,82,2,13,139,16,56,0.274,0.397,0.554,0.28,0.314,175,6,3,0,100,"$7,000,000 "
1B,Casey,Gillaspie,ARI,S,12,13,13,15,14,10,11,12,14,12,9,13,14,15,14,10,7,3,4,8,151,657,565,141,75,28,0,38,116,90,80,6,7,154,18,66,0.25,0.347,0.501,0.251,0.272,138,3.7,3,0,100,"$11,000,000 "
1B,Paul,Goldschmidt,COL,R,16,11,14,14,17,8,13,15,15,18,9,11,14,14,16,8,1,3,16,12,114,528,454,121,68,25,1,27,64,70,68,1,4,131,15,53,0.267,0.366,0.504,0.238,0.315,152,3.5,1,0,100,"$7,530,000 "
1B,Alex,Kirilloff,CLE,L,9,16,12,14,12,12,14,11,14,10,11,17,12,14,12,12,7,12,14,18,156,713,635,199,133,26,3,37,138,122,65,5,6,108,13,66,0.313,0.379,0.539,0.225,0.326,133,4.2,10,4,71.4,"$6,600,000 "
1B,Chad,McClanahan,MIL,L,16,11,11,13,10,7,9,9,9,9,7,12,11,15,11,7,3,8,9,14,41,204,186,48,27,8,0,13,30,26,15,2,2,68,3,21,0.258,0.319,0.511,0.253,0.33,108,0.5,1,1,50,"$535,000 "
1B,Juan,Membreno,LAA,R,5,12,17,13,7,12,13,19,14,8,12,12,17,12,7,12,1,3,13,13,65,293,273,64,36,21,0,7,29,22,14,0,3,69,10,28,0.234,0.276,0.388,0.154,0.285,83,0.6,1,0,100,"$535,000 "
1B,Bryan,Muniz,HOU,R,10,11,11,17,17,9,12,11,17,17,9,10,11,16,16,9,7,7,8,10,150,647,558,123,61,23,0,39,94,87,81,3,0,161,20,62,0.22,0.318,0.471,0.251,0.233,100,0.5,0,1,0,"$3,500,000 "
1B,Yasuhisa,Nakamura,-,R,17,11,16,12,11,15,12,17,13,12,15,11,15,12,11,14,1,1,2,1,61,305,278,62,33,16,1,12,43,28,21,2,1,42,10,29,0.223,0.275,0.417,0.194,0.218,87,0.1,0,0,0,Free agent
1B,Josh,Naylor,MIA,L,10,14,12,16,6,11,11,12,16,8,9,15,12,16,5,12,1,1,19,16,85,390,371,96,58,17,1,20,70,40,12,0,1,81,20,38,0.259,0.28,0.472,0.213,0.276,91,-0.1,0,0,0,"$6,900,000 "
1B,Nick,Pratto,BAL,L,8,15,13,13,12,11,13,12,11,11,11,16,14,14,12,11,8,13,12,15,156,676,609,191,118,28,2,43,119,121,65,0,0,126,12,73,0.314,0.379,0.578,0.264,0.335,143,5.7,2,1,66.7,"$6,875,000 "
1B,Luis,Ramirez,ATL,S,8,14,15,16,10,12,15,16,17,10,12,14,15,16,10,12,1,3,7,4,161,709,653,181,99,40,2,40,136,97,39,3,10,148,19,82,0.277,0.324,0.528,0.251,0.299,139,4.3,3,0,100,"$535,000 "
1B,Jomar,Reyes,PIT,R,10,11,12,13,9,10,12,13,14,9,10,11,12,13,9,9,1,8,5,14,49,304,278,62,34,17,1,10,38,32,17,2,4,77,13,28,0.223,0.274,0.399,0.176,0.267,80,0.4,0,0,0,"$800,000 "
1B,Anthony,Rizzo,TEX,L,11,11,14,14,14,10,9,13,13,13,8,12,15,15,14,10,2,7,13,7,146,681,585,133,63,40,3,27,81,91,75,8,16,147,7,70,0.227,0.33,0.444,0.217,0.256,96,1.6,1,0,100,"$15,000,000 "
1B,Joe,Rizzo,TB,L,10,14,10,20,8,10,12,9,18,7,9,15,11,20,8,10,5,8,10,17,121,536,491,150,74,24,2,50,119,94,33,13,7,96,14,76,0.305,0.354,0.668,0.363,0.286,176,5,2,1,66.7,"$15,781,250 "
1B,Miguel,Sano,HOU,R,8,10,13,17,13,4,11,14,18,14,4,10,12,16,13,4,1,8,13,14,130,564,510,107,52,26,2,27,82,63,48,3,3,210,12,55,0.21,0.28,0.427,0.218,0.29,80,-0.6,0,1,0,"$15,000,000 "
1B,Chris J.,Shaw,-,L,13,10,12,14,10,9,9,12,13,10,9,11,12,14,10,9,2,1,4,8,80,357,318,69,30,12,0,27,56,47,32,1,4,92,6,39,0.217,0.294,0.509,0.292,0.208,103,0.5,0,0,0,Free agent
1B,Dominic,Smith,TEX,L,8,14,11,12,10,12,12,10,11,9,11,14,11,13,10,13,1,1,9,12,123,514,466,132,77,30,0,25,66,57,41,2,4,110,19,55,0.283,0.345,0.509,0.225,0.321,137,3.6,0,1,0,"$15,500,000 "
1B,Tim,Korman,DET,S,5,16,17,15,14,13,14,15,13,12,12,17,18,15,14,13,1,6,1,5,156,700,612,186,95,47,3,41,149,108,72,11,7,98,12,91,0.304,0.379,0.592,0.288,0.301,138,4.7,0,0,0,"$535,000 "
1B,Triston,Casas,STL,L,14,14,15,15,10,8,13,14,14,9,8,15,15,15,10,8,1,8,10,10,91,408,379,74,46,16,0,12,39,37,24,0,2,112,4,28,0.195,0.246,0.332,0.137,0.241,56,-1,0,0,0,"$535,000 "
1B,Geoff,Salazar,NYM,L,3,12,12,13,10,13,11,10,11,8,12,12,13,14,11,14,1,6,5,5,78,342,300,75,50,14,0,11,39,42,21,2,18,58,9,25,0.25,0.334,0.407,0.157,0.275,112,1.1,0,0,0,"$535,000 "
1B,Pavin,Smith,WAS,L,11,14,15,12,14,11,13,14,12,12,11,14,15,12,14,11,1,8,5,10,160,674,588,147,96,32,1,18,71,79,83,5,2,135,17,51,0.25,0.345,0.4,0.15,0.297,111,2.5,0,1,0,"$2,000,000 "
1B,Trevor,Story,MIL,R,8,11,14,15,13,7,11,15,16,13,7,10,14,15,12,7,7,10,18,14,145,599,533,109,63,23,0,23,67,74,56,0,7,184,10,46,0.205,0.288,0.377,0.173,0.262,75,-0.8,10,2,83.3,"$6,990,000 "
1B,Roni,Tapia,PIT,R,8,11,11,13,14,8,13,12,18,15,10,10,11,12,13,7,1,14,14,16,48,203,181,45,30,9,0,6,25,19,19,0,1,57,4,15,0.249,0.32,0.398,0.149,0.325,105,0.4,6,2,75,"$535,000 "
1B,Ik-sung,Tark,STL,S,13,14,16,16,14,12,12,14,14,12,12,15,17,17,15,13,1,4,11,7,156,692,609,170,83,39,1,47,129,106,69,1,8,103,20,87,0.279,0.357,0.578,0.299,0.265,136,4.8,0,1,0,"$35,000,000 "
1B,Rowdy,Tellez,LV,L,8,13,11,16,12,10,11,11,15,11,9,13,12,16,13,10,3,4,6,11,158,685,602,178,90,41,1,46,99,100,69,1,9,153,17,88,0.296,0.375,0.596,0.301,0.325,176,6.6,0,0,0,"$28,220,000 "
1B,David,Thompson,MIA,R,8,12,14,14,13,11,13,15,15,14,11,12,14,14,13,11,4,3,14,11,140,618,511,124,67,33,0,24,84,80,89,5,13,116,11,57,0.243,0.366,0.448,0.205,0.267,112,2,1,2,33.3,"$5,100,000 "
1B,Bobby,Wernes,ARI,R,9,12,10,13,13,11,13,10,14,14,12,12,9,13,13,11,2,6,8,11,33,226,197,46,37,2,0,7,20,31,26,1,1,45,5,9,0.234,0.323,0.35,0.117,0.265,92,0.4,1,0,100,"$535,000 "
2B,John,Aiello,ARI,S,10,13,13,11,11,10,13,14,12,11,10,13,13,11,11,10,7,11,14,18,110,490,433,129,80,29,1,19,70,65,47,4,7,102,10,49,0.298,0.373,0.501,0.203,0.349,150,4.5,3,1,75,"$535,000 "
2B,Ozzie,Albies,MIN,S,8,11,10,6,11,13,12,11,7,12,13,11,10,6,11,13,10,17,19,20,135,552,512,124,95,19,3,7,35,57,35,1,3,100,15,29,0.242,0.295,0.332,0.09,0.289,66,-0.2,13,4,76.5,"$6,930,000 "
2B,Stephen,Alemais,PIT,R,12,12,10,5,7,13,13,10,6,8,14,12,10,5,7,13,9,10,16,13,65,315,298,77,63,12,1,1,22,26,14,0,2,53,6,14,0.258,0.295,0.315,0.057,0.31,71,0,6,1,85.7,"$535,000 "
2B,Ryne,Birk,BOS,L,13,11,10,8,13,12,9,10,6,12,12,11,10,8,13,12,8,9,13,14,146,581,504,129,93,22,1,13,71,75,70,1,2,89,17,36,0.256,0.348,0.381,0.125,0.287,93,0.9,4,1,80,"$2,100,000 "
2B,Xander,Bogaerts,TOR,R,8,14,14,11,13,11,15,15,12,14,12,14,14,11,13,11,8,6,15,11,154,692,592,154,98,41,0,15,71,96,84,0,9,128,25,56,0.26,0.358,0.405,0.145,0.306,104,3,2,1,66.7,"$33,190,000 "
2B,Alex,Bregman,HOU,R,12,16,13,12,15,13,17,14,13,16,14,16,13,12,15,12,8,9,17,15,155,748,653,191,115,35,2,39,83,125,87,0,1,111,16,76,0.292,0.376,0.531,0.239,0.301,132,6.5,11,0,100,"$17,000,000 "
2B,Bryson,Brigman,-,R,13,11,11,5,12,11,12,11,5,13,12,11,11,5,12,11,6,11,15,20,153,620,559,107,89,16,2,0,37,49,53,1,2,139,23,18,0.191,0.262,0.227,0.036,0.252,37,-3.6,6,6,50,Free agent
2B,Daniel,Brito,PHI,L,13,14,14,9,13,13,13,13,8,12,12,14,15,9,13,13,9,14,15,18,154,683,593,152,96,45,5,6,69,93,77,1,5,111,9,56,0.256,0.343,0.379,0.123,0.302,108,3.2,14,5,73.7,"$10,520,000 "
2B,Marcos,Brito,BAL,S,8,14,12,5,12,12,12,11,4,10,11,15,12,6,12,13,7,13,19,20,147,687,627,174,132,25,3,14,61,85,47,0,7,106,12,42,0.278,0.332,0.394,0.116,0.312,91,1.9,9,2,81.8,"$2,400,000 "
2B,Jasrado,Chisholm,ARI,L,10,12,14,11,10,8,10,13,10,8,7,13,15,12,11,9,9,15,20,16,141,601,546,135,86,34,2,13,58,75,46,5,6,147,6,49,0.247,0.312,0.388,0.141,0.314,94,2.4,24,8,75,"$1,400,000 "
2B,Allen,Cordoba,LAD,R,9,12,12,3,12,15,13,13,4,12,16,12,12,3,12,15,14,17,19,14,130,559,499,122,89,22,5,6,41,60,53,0,3,77,12,33,0.244,0.319,0.345,0.1,0.277,78,1.4,17,0,100,"$5,000,000 "
2B,Ricardo,De La Torre,CIN,R,9,11,13,4,12,10,12,14,5,13,12,11,13,3,12,10,9,17,20,17,156,636,551,136,106,23,3,4,51,84,55,5,24,124,4,30,0.247,0.339,0.321,0.074,0.309,88,3.1,35,6,85.4,"$1,265,000 "
2B,Luis V.,Garcia,POR,L,11,12,12,11,12,12,11,9,8,10,11,13,13,12,12,12,11,20,20,15,154,705,630,165,118,23,2,22,53,88,65,1,6,118,2,47,0.262,0.336,0.41,0.148,0.291,97,2.8,41,15,73.2,"$535,000 "
2B,Andres,Gimenez,CIN,L,13,13,12,4,12,14,12,11,4,11,13,13,12,4,12,14,9,18,19,20,154,736,661,171,125,37,6,3,72,92,66,1,5,111,6,46,0.259,0.33,0.346,0.088,0.307,93,3.3,35,12,74.5,"$5,400,000 "
2B,David,Hamilton,STL,L,12,11,13,5,11,10,9,11,4,9,10,12,14,5,12,11,7,14,16,15,136,586,520,152,103,36,4,9,61,58,59,1,4,120,7,49,0.292,0.368,0.429,0.137,0.364,131,4.3,19,8,70.4,"$535,000 "
2B,Dilson,Herrera,-,R,8,13,13,11,11,10,14,14,12,12,11,12,13,11,11,10,3,9,15,19,48,211,195,45,32,9,0,4,16,27,14,0,2,50,7,13,0.231,0.289,0.338,0.108,0.291,68,-0.7,0,0,0,Free agent
2B,Kevin,Jorenby,CLE,R,4,14,17,2,8,14,14,17,2,8,14,14,17,2,8,14,13,20,18,20,79,298,277,93,66,21,5,1,36,34,16,0,1,39,7,27,0.336,0.372,0.458,0.123,0.385,115,1.5,13,8,61.9,"$535,000 "
2B,Domingo,Leyba,SEA,S,8,12,12,8,12,13,13,12,9,12,13,12,12,8,12,13,9,10,17,17,115,515,483,119,81,23,2,13,53,50,27,0,2,98,14,38,0.246,0.288,0.383,0.137,0.283,88,1.4,2,3,40,"$5,600,000 "
2B,Jorge,Leyva,WAS,R,5,17,16,3,8,18,17,16,3,8,19,17,15,3,8,18,1,20,19,20,96,412,387,113,91,18,3,1,42,47,20,1,4,40,6,22,0.292,0.333,0.362,0.07,0.323,98,1.6,16,9,64,"$535,000 "
2B,Shedric,Long,CLE,L,12,13,12,11,11,10,11,11,10,10,10,13,13,11,11,10,1,10,18,17,93,392,364,104,59,22,6,17,62,55,23,0,3,87,9,45,0.286,0.332,0.519,0.234,0.332,117,2.1,9,2,81.8,"$3,800,000 "
2B,Chris,McCarter,ATL,L,5,13,16,13,10,13,11,11,9,7,11,14,18,14,12,14,6,16,18,20,145,660,590,171,97,42,3,29,99,117,50,3,4,93,9,74,0.29,0.344,0.519,0.229,0.297,140,5,22,6,78.6,"$535,000 "
2B,Kevin,Newman,CHC,R,10,13,12,5,13,16,13,12,5,14,16,13,12,5,13,15,2,9,16,15,137,621,544,150,114,30,2,4,43,80,70,0,4,66,26,36,0.276,0.362,0.36,0.085,0.307,112,2.2,16,4,80,"$9,540,000 "
2B,Rougned,Odor,TEX,L,8,12,15,14,7,11,11,14,13,7,10,13,15,14,7,11,12,8,17,12,146,628,577,161,96,30,6,29,84,75,34,6,11,126,9,65,0.279,0.329,0.503,0.224,0.31,107,2.3,3,2,60,"$15,400,000 "
2B,Amed,Rosario,SF,R,8,14,13,10,9,10,16,14,11,10,11,13,13,10,9,10,7,10,16,17,153,696,648,164,112,30,7,15,71,79,37,2,2,174,16,52,0.253,0.294,0.39,0.137,0.322,89,1.9,8,3,72.7,"$14,000,000 "
2B,Addison,Russell,LAA,R,8,14,14,13,13,11,14,14,14,14,11,13,13,13,13,11,6,3,18,20,156,710,608,181,108,35,3,35,98,102,74,4,12,146,19,73,0.298,0.381,0.538,0.24,0.337,131,6.4,3,2,60,"$17,260,000 "
2B,Corey,Seager,BAL,L,8,14,16,11,10,10,13,15,10,9,10,15,17,12,10,10,6,7,10,13,155,669,618,174,105,46,5,18,74,79,42,1,3,149,14,69,0.282,0.329,0.46,0.178,0.344,120,4,1,0,100,"$11,500,000 "
2B,Marcus,Semien,NYM,R,8,12,12,14,13,13,13,13,15,14,13,12,12,14,13,13,11,6,15,11,152,665,595,150,79,38,3,30,98,70,61,0,3,113,24,71,0.252,0.322,0.477,0.225,0.262,127,3.8,4,2,66.7,"$20,000,000 "
2B,Yunior,Severino,LV,S,8,13,13,12,12,11,9,12,8,8,8,15,14,13,14,12,8,10,15,19,149,631,558,151,82,35,1,33,94,93,62,6,9,132,9,69,0.271,0.352,0.514,0.244,0.299,142,5.4,3,3,50,"$6,250,000 "
2B,Trea,Turner,CWS,R,12,12,15,11,10,8,13,16,11,10,8,12,15,10,10,8,14,14,20,20,121,480,439,106,65,23,7,11,44,54,34,2,3,145,4,41,0.241,0.299,0.401,0.159,0.332,80,-0.3,7,2,77.8,"$21,000,000 "
2B,Chesny,Young,-,R,13,12,11,3,12,13,13,11,3,12,13,12,11,2,12,13,8,8,12,8,42,254,228,68,52,13,2,1,21,19,21,2,1,41,3,16,0.298,0.354,0.386,0.088,0.353,111,1.2,0,1,0,Free agent
3B,Luis,Almanzar,PHI,R,15,13,14,13,9,9,15,15,14,10,10,12,14,12,9,9,9,16,20,16,114,519,480,123,73,22,3,25,81,71,36,2,0,144,6,50,0.256,0.307,0.471,0.215,0.313,111,2.2,14,3,82.4,"$4,000,000 "
3B,Orlando,Arcia,ARI,R,8,16,14,9,10,16,17,14,10,10,17,15,13,9,10,15,5,11,16,18,152,713,649,192,134,38,4,16,70,99,54,6,2,99,11,58,0.296,0.35,0.441,0.145,0.327,121,4.7,11,4,73.3,"$26,960,000 "
3B,Nolan,Arenado,STL,R,8,14,14,16,11,13,15,15,17,12,13,14,14,16,11,13,2,6,5,7,153,695,617,169,90,37,3,39,115,98,65,4,7,127,26,79,0.274,0.347,0.533,0.259,0.284,143,5.3,0,1,0,"$31,040,000 "
3B,Christian,Arroyo,CIN,R,8,13,14,5,10,12,15,14,6,11,12,13,13,5,10,11,1,4,16,15,40,242,222,60,43,15,1,1,18,21,18,0,0,40,5,17,0.27,0.324,0.36,0.09,0.324,94,0.5,1,0,100,"$900,000 "
3B,Franklin,Barreto,MIA,R,8,15,16,9,10,11,15,16,10,10,12,14,16,9,10,11,12,17,17,20,138,615,573,139,92,30,4,13,71,69,31,3,7,136,18,47,0.243,0.288,0.377,0.134,0.295,82,0.5,12,7,63.2,"$6,500,000 "
3B,Kris,Bryant,MIA,R,8,12,14,17,14,5,13,15,18,14,5,12,14,17,14,4,3,6,16,12,159,692,596,145,69,30,1,45,126,91,78,5,10,232,14,76,0.243,0.337,0.523,0.28,0.306,140,4.7,5,0,100,"$13,753,000 "
3B,Jeimer,Candelario,WAS,S,8,12,15,12,12,12,11,14,10,11,11,13,16,12,12,12,3,7,7,12,144,615,533,135,83,28,6,18,71,77,65,2,6,101,10,52,0.253,0.336,0.43,0.176,0.276,115,3.2,1,1,50,"$16,000,000 "
3B,Matt,Chapman,SEA,R,14,9,12,17,12,4,9,12,18,14,5,8,12,17,12,4,3,6,14,16,155,643,578,137,77,14,1,45,91,82,61,0,4,225,13,60,0.237,0.314,0.498,0.261,0.299,110,2.9,1,2,33.3,"$8,130,000 "
3B,Kody,Clemens,COL,L,13,14,13,9,9,13,12,12,8,8,12,15,14,9,10,13,9,13,14,20,116,543,499,146,112,22,2,10,63,66,32,1,5,94,10,34,0.293,0.338,0.405,0.112,0.339,106,2.1,9,2,81.8,"$7,000,000 "
3B,Carlos,Correa,HOU,R,8,14,16,15,14,9,15,17,17,15,10,13,16,15,14,9,5,7,18,18,154,720,623,168,83,39,1,45,103,132,87,2,4,149,16,85,0.27,0.361,0.552,0.283,0.284,131,5,5,1,83.3,"$16,000,000 "
3B,Bobby,Dalbec,BOS,R,14,10,13,15,11,6,11,14,15,12,7,10,13,15,11,6,7,5,5,12,66,295,267,58,34,12,0,12,46,25,21,1,5,99,5,24,0.217,0.285,0.397,0.18,0.291,76,0,0,0,0,"$6,150,000 "
3B,Jose,Devers,SF,L,11,11,10,7,12,12,9,9,4,9,10,12,11,8,13,13,5,13,13,19,127,523,459,114,85,20,1,8,47,52,60,13,1,86,11,29,0.248,0.336,0.349,0.1,0.29,86,1.4,4,2,66.7,"$535,000 "
3B,Rafael,Devers,BOS,L,9,15,14,14,11,11,14,13,13,11,10,16,15,14,11,12,2,14,19,12,155,689,619,179,106,34,1,38,117,103,60,7,5,102,16,73,0.289,0.354,0.532,0.242,0.291,121,3.1,12,1,92.3,"$18,000,000 "
3B,Kole,Enright,BAL,S,12,12,13,12,11,11,11,12,10,10,10,13,13,13,11,11,7,13,17,18,116,465,424,99,66,16,0,17,51,60,34,1,3,93,7,33,0.233,0.293,0.392,0.158,0.259,77,-0.2,2,3,40,"$850,000 "
3B,Maikel,Franco,NYY,R,8,14,13,13,9,11,14,14,14,10,12,13,13,13,9,11,3,6,6,10,128,597,544,170,115,25,0,30,102,108,39,0,3,118,14,55,0.313,0.359,0.524,0.211,0.349,124,4.1,0,0,0,"$27,190,000 "
3B,Joey,Gallo,LV,L,8,10,12,20,11,3,9,11,18,10,2,10,12,20,12,3,2,5,5,8,98,452,415,97,35,19,1,42,76,69,31,0,5,188,4,62,0.234,0.294,0.588,0.354,0.296,144,3.6,0,0,0,"$14,000,000 "
3B,Nick,Gordon,MIN,L,8,15,13,7,9,14,14,13,6,9,13,15,14,7,9,14,12,16,15,20,146,687,631,185,134,32,7,12,74,97,30,0,9,110,10,51,0.293,0.331,0.423,0.13,0.335,93,2.4,18,10,64.3,"$14,000,000 "
3B,Gregory,Guerrero,PIT,R,8,12,12,11,12,10,14,13,12,13,11,12,12,10,12,10,8,5,19,17,126,538,478,116,73,28,0,15,58,55,52,1,4,115,18,43,0.243,0.32,0.395,0.153,0.287,103,2.3,2,0,100,"$3,730,000 "
3B,Ke'Bryan,Hayes,COL,R,8,13,12,11,9,11,14,12,11,10,12,13,11,11,9,11,5,8,14,13,150,605,553,145,101,26,3,15,84,76,42,1,4,140,14,44,0.262,0.316,0.401,0.139,0.323,87,1.5,2,0,100,"$7,000,000 "
3B,Kenny,Hernandez,NYM,L,9,11,13,8,13,9,10,11,7,12,8,12,14,9,13,9,11,16,18,19,142,612,522,119,82,23,2,12,50,78,69,2,18,153,5,37,0.228,0.337,0.349,0.121,0.297,101,2.1,11,5,68.8,"$1,300,000 "
3B,Andy,Ibanez,CWS,R,8,12,13,11,11,13,13,14,12,12,13,11,13,10,11,13,8,12,15,11,78,315,295,76,43,17,0,16,48,38,13,0,4,59,10,33,0.258,0.296,0.478,0.22,0.27,98,1,1,0,100,"$6,000,000 "
3B,Sean,Inzunza,LAA,S,5,13,17,14,15,13,11,12,10,11,11,14,19,15,17,14,2,10,17,19,145,600,511,127,67,33,1,26,71,76,74,3,11,105,11,60,0.249,0.353,0.47,0.221,0.263,113,2.3,3,1,75,"$535,000 "
3B,Bryan,Lizardo,BOS,S,11,11,10,9,10,10,10,9,8,9,9,12,10,10,10,11,4,10,12,16,74,322,301,87,65,15,1,6,34,39,15,0,6,57,13,22,0.289,0.335,0.405,0.116,0.34,95,0.6,5,1,83.3,"$535,000 "
3B,Joshua,Lowe,ATL,L,8,13,13,14,12,8,12,11,13,11,8,13,13,14,12,8,9,16,16,16,157,671,601,154,95,24,5,30,89,87,67,4,1,173,6,59,0.256,0.331,0.463,0.206,0.31,123,4.2,19,10,65.5,"$535,000 "
3B,Manny,Machado,TEX,R,8,14,13,15,13,11,15,15,16,13,11,13,13,15,12,11,1,2,14,9,151,680,597,152,97,21,0,34,97,86,69,3,7,143,17,55,0.255,0.335,0.461,0.206,0.276,104,2.9,0,2,0,"$36,500,000 "
3B,Josh,Morgan,MIL,R,8,14,11,6,11,14,14,11,6,12,15,13,11,6,11,14,1,2,18,16,124,516,464,128,104,15,2,7,51,59,43,0,6,59,21,24,0.276,0.344,0.362,0.086,0.302,89,0.7,0,0,0,"$3,600,000 "
3B,James,Nelson,TOR,R,8,13,11,9,12,12,13,13,9,12,12,12,11,9,11,12,7,11,19,13,55,243,224,63,45,9,0,9,31,35,14,0,3,44,5,18,0.281,0.329,0.442,0.161,0.312,101,0.8,6,0,100,"$535,000 "
3B,Jorge,Polanco,LV,S,8,12,13,9,11,13,13,14,10,12,14,11,13,8,11,13,9,9,16,14,129,587,532,137,90,32,5,10,58,63,50,2,2,102,10,47,0.258,0.324,0.393,0.135,0.302,104,2.5,3,4,42.9,"$3,800,000 "
3B,Austin,Riley,MIL,R,12,11,13,15,11,6,12,14,15,11,6,11,13,14,11,6,2,8,11,15,127,556,520,137,76,29,1,31,80,76,29,1,0,172,20,61,0.263,0.301,0.502,0.238,0.331,102,1.7,2,1,66.7,"$4,000,000 "
3B,Nick,Senzel,TOR,R,11,13,15,12,14,9,15,16,13,14,9,13,15,12,13,9,7,10,18,17,151,657,583,154,102,30,4,18,76,76,65,0,5,159,16,52,0.264,0.341,0.422,0.158,0.332,120,3.3,19,9,67.9,"$11,550,000 "
3B,Fernando,Tatis Jr.,POR,R,13,13,13,14,10,9,14,14,15,11,10,12,13,13,10,9,10,15,18,19,151,631,557,137,80,30,4,23,77,77,60,2,8,136,12,57,0.246,0.326,0.438,0.192,0.284,98,2.7,18,4,81.8,"$5,070,000 "
3B,Anderson A.,Tejeda,LAD,L,13,11,14,13,8,8,10,13,12,7,7,11,14,13,8,8,9,12,19,13,126,503,457,116,68,28,2,18,74,51,36,3,6,148,8,48,0.254,0.315,0.442,0.188,0.333,111,2.4,8,2,80,"$8,645,000 "
SS,Willy,Adames,MIN,R,8,12,14,11,14,8,13,14,13,15,8,11,14,11,14,8,6,8,16,13,140,594,533,127,86,29,1,11,55,61,53,2,4,166,13,41,0.238,0.31,0.358,0.12,0.323,88,1.3,5,1,83.3,"$12,410,000 "
SS,Aramis,Ademan,CAR,L,11,12,12,9,12,11,11,11,8,12,11,13,13,9,12,12,7,16,18,18,143,627,571,138,85,40,1,12,65,59,50,4,2,120,7,53,0.242,0.304,0.378,0.137,0.285,91,2.7,21,9,70,"$4,500,000 "
SS,Jonathan,Arauz,CWS,S,12,12,13,9,12,10,11,11,8,11,9,13,13,10,13,11,9,14,15,20,91,448,399,98,74,16,3,5,35,46,43,1,3,103,8,24,0.246,0.323,0.338,0.093,0.318,83,1.3,10,4,71.4,"$1,890,000 "
SS,Tristan,Capocci,TB,R,8,12,8,4,11,14,13,9,4,11,14,12,8,4,11,14,7,10,16,15,134,493,449,99,85,10,2,2,25,46,38,0,2,83,15,14,0.22,0.283,0.265,0.045,0.265,51,-0.6,8,0,100,"$535,000 "
SS,Cash,Case,MIL,S,12,12,11,8,13,11,12,11,8,12,11,12,11,8,13,11,9,17,18,19,72,296,259,64,47,12,0,5,25,39,30,0,3,46,6,17,0.247,0.328,0.351,0.104,0.278,83,0.5,10,4,71.4,"$535,000 "
SS,Willi,Castro,NYY,S,11,12,13,10,8,12,11,13,9,8,11,13,13,10,9,12,3,13,18,20,125,534,495,129,78,28,2,21,77,61,28,0,7,102,15,51,0.261,0.307,0.453,0.192,0.287,113,3.4,7,2,77.8,"$5,060,000 "
SS,J.P.,Crawford,ARI,L,13,12,13,8,16,15,10,12,7,15,15,12,13,8,17,15,7,12,19,20,152,703,619,160,112,38,4,6,55,88,76,1,3,75,6,48,0.258,0.341,0.362,0.103,0.285,103,3.5,20,3,87,"$13,000,000 "
SS,Michael,De Leon,LAD,S,11,12,12,5,8,13,13,13,6,8,13,11,12,4,8,13,5,9,17,16,158,562,522,120,93,19,2,6,25,49,35,1,2,106,15,27,0.23,0.28,0.308,0.079,0.277,56,-0.9,3,0,100,"$1,200,000 "
SS,Isan,Diaz,LAA,L,11,13,16,14,14,9,12,15,13,13,8,13,16,14,14,9,11,11,15,16,150,670,587,153,80,38,2,33,106,97,73,2,5,158,8,73,0.261,0.346,0.501,0.24,0.302,116,4.3,8,5,61.5,"$27,000,000 "
SS,Xavier,Edwards,DET,S,16,14,10,5,15,13,13,10,5,14,12,14,10,5,15,13,12,19,19,16,148,659,573,166,130,30,1,5,53,102,77,3,5,79,11,36,0.29,0.378,0.372,0.082,0.329,100,4,35,14,71.4,"$535,000 "
SS,Wilkerman,Garcia,PHI,S,8,13,14,7,12,13,12,12,7,11,12,14,14,7,12,13,9,17,19,19,156,719,631,179,120,46,0,13,80,115,78,1,4,103,11,59,0.284,0.365,0.418,0.135,0.32,127,4.9,24,9,72.7,"$13,280,000 "
SS,Juan,Gil,CAR,S,14,11,11,4,11,11,8,9,3,10,8,12,12,5,12,11,6,20,17,20,97,452,402,103,72,26,3,2,35,49,38,1,9,78,6,31,0.256,0.333,0.351,0.095,0.313,98,2,16,7,69.6,"$535,000 "
SS,Luis R.,Guzman,POR,R,8,11,8,16,11,12,15,11,20,15,14,10,7,14,10,11,3,12,13,14,139,573,517,124,82,9,1,32,75,74,49,3,1,105,10,42,0.24,0.304,0.447,0.207,0.239,92,2.4,7,4,63.6,"$6,200,000 "
SS,Wander,Javier,MIA,R,10,11,13,9,11,9,12,14,9,11,10,11,13,8,11,9,8,15,18,17,110,421,375,76,54,18,0,4,34,37,35,3,3,107,6,22,0.203,0.274,0.283,0.08,0.27,47,-1.1,4,2,66.7,"$850,000 "
SS,Royce,Lewis,DET,R,15,15,14,10,13,12,16,15,11,13,12,14,14,10,12,12,8,18,20,20,148,693,612,168,110,49,1,8,61,100,69,2,5,114,20,58,0.275,0.351,0.397,0.123,0.325,97,3.3,25,3,89.3,"$11,250,000 "
SS,Francisco,Lindor,SEA,S,8,13,9,8,8,12,13,10,8,8,13,12,9,8,8,12,8,8,18,19,149,576,540,131,86,21,4,20,61,56,29,0,1,105,9,45,0.243,0.28,0.407,0.165,0.264,78,1.4,6,1,85.7,"$4,000,000 "
SS,Gavin,Lux,WAS,L,10,15,13,9,14,12,13,12,8,13,11,15,13,9,14,13,6,15,17,18,154,695,622,187,126,35,6,20,91,85,60,1,4,105,6,61,0.301,0.364,0.473,0.172,0.333,140,5.7,26,13,66.7,"$16,125,000 "
SS,Jelfry,Marte,PIT,S,15,11,11,7,10,11,12,12,9,12,12,10,11,6,10,11,11,19,20,19,156,684,619,155,120,28,2,5,35,77,47,0,11,130,4,35,0.25,0.312,0.326,0.076,0.307,82,2.8,1,0,100,"$1,020,000 "
SS,Richie,Martin,TEX,R,12,10,10,5,11,9,11,10,5,11,10,10,10,5,11,9,11,15,13,18,125,493,431,99,71,18,4,6,44,51,39,1,12,122,10,28,0.23,0.309,0.332,0.102,0.304,69,0.7,7,5,58.3,"$1,400,000 "
SS,Sean,Mendoza,STL,S,15,11,10,3,12,12,12,10,4,12,12,10,10,2,12,12,9,20,16,20,68,277,240,53,41,7,2,3,16,28,33,5,2,35,5,12,0.221,0.319,0.304,0.083,0.246,71,0.4,10,7,58.8,"$800,000 "
SS,Luis,Paez,BOS,R,12,12,13,9,9,11,13,13,12,11,12,11,12,8,8,10,9,16,19,20,154,621,569,157,99,32,5,21,79,85,37,0,9,161,8,58,0.276,0.328,0.46,0.185,0.349,102,3.5,10,6,62.5,"$535,000 "
SS,Delvin,Perez,CIN,R,9,12,14,5,11,12,13,14,6,11,13,12,13,5,10,12,9,20,20,17,156,617,559,150,108,32,3,7,70,60,51,4,1,122,15,42,0.268,0.328,0.374,0.106,0.329,96,4.4,24,6,80,"$7,500,000 "
SS,Wenceel,Perez,CWS,S,14,13,12,4,11,12,13,14,4,11,13,13,12,3,10,12,10,18,20,20,134,588,535,130,98,25,0,7,45,57,44,0,5,120,6,32,0.243,0.305,0.329,0.086,0.3,70,0.6,14,3,82.4,"$850,000 "
SS,Zack,Prajzner,STL,R,8,11,9,5,13,11,11,9,5,14,11,11,9,5,13,11,10,17,20,20,140,567,499,130,106,12,3,9,46,68,53,4,7,115,11,24,0.261,0.337,0.351,0.09,0.318,95,2.9,28,8,77.8,"$535,000 "
SS,Sergio,Reguera,BAL,R,4,14,16,15,12,15,14,16,14,12,15,14,16,15,12,15,15,17,18,14,157,690,608,155,79,39,3,34,105,100,58,1,16,128,23,76,0.255,0.332,0.497,0.242,0.267,111,4.5,16,1,94.1,"$535,000 "
SS,Brendan,Rodgers,HOU,R,14,15,13,13,10,12,16,14,13,11,12,15,13,13,10,12,5,15,20,19,156,702,614,186,108,30,4,44,118,118,60,1,21,125,23,78,0.303,0.38,0.58,0.277,0.314,144,7,19,1,95,"$16,000,000 "
SS,Kendall,Simmons,LV,R,8,12,10,9,10,10,13,11,10,11,10,12,10,9,10,10,9,20,20,17,152,640,588,131,88,31,3,9,45,61,37,5,12,167,11,43,0.223,0.282,0.332,0.109,0.295,65,1.5,26,5,83.9,"$750,000 "
SS,Kevin,Smith,SF,R,11,12,12,10,10,10,13,12,10,11,10,12,12,9,10,10,6,12,14,16,153,631,571,126,80,29,4,13,59,57,47,1,11,167,16,46,0.221,0.292,0.354,0.133,0.288,82,1.4,5,2,71.4,"$535,000 "
SS,Dansby,Swanson,LAD,R,13,16,15,11,14,12,17,16,12,14,12,15,15,11,13,12,6,12,18,20,155,704,630,184,129,33,5,17,69,101,65,0,7,132,8,55,0.292,0.364,0.441,0.149,0.346,133,6.1,12,2,85.7,"$18,510,000 "
SS,Gleyber,Torres,ATL,R,8,13,10,12,9,12,14,10,13,10,12,13,10,12,9,12,6,16,19,15,156,655,601,165,118,20,2,25,80,74,42,0,7,117,11,47,0.275,0.329,0.439,0.165,0.304,99,2.9,23,5,82.1,"$27,500,000 "
SS,Brice,Turang,ATL,L,8,15,11,3,12,13,12,9,2,11,11,15,11,3,12,13,4,13,18,20,42,204,186,49,40,8,1,0,21,21,15,2,2,34,5,9,0.263,0.324,0.317,0.054,0.32,79,0,2,4,33.3,"$535,000 "
SS,Richard,Urena,TOR,S,8,13,14,12,8,11,12,14,11,8,10,13,14,12,8,11,12,11,16,20,156,641,587,153,90,29,7,27,92,83,48,1,1,128,9,63,0.261,0.316,0.472,0.211,0.29,102,2.9,9,1,90,"$14,310,000 "
SS,Ildemaro,Vargas,MIN,S,8,12,11,5,10,17,12,12,6,11,17,12,11,5,10,17,11,9,20,13,58,235,217,60,43,10,1,6,27,25,14,1,1,21,9,17,0.276,0.322,0.415,0.138,0.283,89,0.3,4,0,100,"$1,320,000 "
SS,Imani,Willis,NYM,R,10,12,11,7,13,12,12,12,7,13,13,12,11,7,13,12,6,12,16,15,141,646,588,151,111,29,2,9,48,76,45,0,8,134,16,40,0.257,0.318,0.359,0.102,0.318,93,1,15,3,83.3,"$535,000 "
LF,Juan Carlos,Abreu,BOS,R,8,10,8,6,9,12,10,9,7,10,12,9,8,6,9,12,10,20,17,15,118,509,462,112,84,19,3,6,27,65,40,0,5,85,13,28,0.242,0.309,0.335,0.093,0.285,72,-0.1,19,3,86.4,"$535,000 "
LF,Ronald,Acuna,POR,R,8,14,11,12,12,13,15,12,13,13,13,13,11,12,12,13,8,13,20,20,136,574,519,115,82,16,0,17,59,76,45,3,8,110,12,33,0.222,0.293,0.351,0.129,0.249,79,0.2,15,6,71.4,"$8,925,000 "
LF,Tim,Anderson,PHI,R,8,14,15,11,6,9,15,15,12,6,10,13,15,11,6,9,11,13,17,17,40,207,193,62,38,15,2,7,39,34,9,1,3,45,5,24,0.321,0.359,0.528,0.207,0.387,151,2,7,2,77.8,"$2,080,000 "
LF,Jake,Bauers,SF,L,13,15,13,12,14,13,13,11,10,13,12,16,13,12,14,13,1,10,18,17,155,685,600,184,133,25,3,23,78,89,77,2,0,122,14,51,0.307,0.381,0.473,0.167,0.348,149,4.9,7,0,100,"$19,020,000 "
LF,Josh,Bell,CLE,S,8,14,15,14,15,12,12,13,13,13,10,15,15,14,16,12,3,3,11,12,149,653,563,132,65,34,6,27,81,73,80,7,4,98,16,67,0.234,0.331,0.46,0.226,0.236,121,2.8,1,0,100,"$6,900,000 "
LF,Keenan,Bell,STL,L,16,12,12,14,10,8,10,10,12,9,7,13,13,14,11,9,9,8,11,13,143,626,575,156,94,28,4,30,81,73,44,2,5,168,15,62,0.271,0.327,0.49,0.219,0.332,131,4,3,6,33.3,"$535,000 "
LF,Andrew,Benintendi,MIA,L,10,16,17,13,14,16,15,16,13,14,15,16,18,13,14,16,8,8,16,15,148,697,615,172,86,47,6,33,106,104,68,3,5,98,18,86,0.28,0.354,0.537,0.257,0.284,123,3.7,3,3,50,"$23,000,000 "
LF,Lewis,Brinson,MIN,R,8,10,15,14,10,6,12,16,15,11,8,10,15,14,10,6,6,11,15,14,48,289,259,61,32,13,2,14,34,40,27,2,1,96,3,29,0.236,0.308,0.463,0.228,0.311,114,1.1,0,0,0,"$4,000,000 "
LF,Byron,Buxton,BAL,R,8,12,16,13,12,8,13,16,14,13,9,11,16,13,12,8,6,8,19,18,149,664,600,127,57,36,10,24,48,83,51,3,10,202,13,70,0.212,0.284,0.425,0.213,0.275,93,0.5,8,3,72.7,"$17,955,000 "
LF,Elliott,Cary,-,L,14,11,12,7,12,11,11,11,7,11,10,12,12,7,12,11,6,8,14,12,70,333,298,86,59,19,1,7,27,48,33,0,0,47,7,27,0.289,0.358,0.43,0.141,0.322,106,0.7,2,1,66.7,Free agent
LF,Estevan,Florial,NYY,L,16,10,13,14,13,5,10,12,13,12,5,10,13,14,13,5,6,17,20,15,145,594,508,105,60,17,4,24,71,77,75,3,7,188,1,45,0.207,0.316,0.398,0.191,0.273,86,0.4,24,1,96,"$1,100,000 "
LF,Keith,Holcombe,-,L,11,11,12,13,8,7,9,12,13,7,6,12,13,14,8,8,4,14,16,14,50,230,214,52,34,8,0,10,21,24,9,0,6,64,2,18,0.243,0.291,0.421,0.178,0.298,86,0,1,0,100,Free agent
LF,Jarred,Kelenic,POR,L,11,13,16,9,12,9,10,14,8,11,8,13,17,9,13,10,6,10,15,17,136,567,493,111,67,30,2,12,57,61,59,2,11,127,15,44,0.225,0.32,0.367,0.142,0.278,83,-0.6,4,1,80,"$535,000 "
LF,Austin,Langworthy,COL,L,11,14,16,6,13,12,13,15,5,10,10,14,16,6,13,12,9,11,18,16,64,286,255,73,45,19,2,7,42,45,26,1,1,66,3,28,0.286,0.351,0.459,0.173,0.357,124,1,5,1,83.3,"$535,000 "
LF,Khalil,Lee,LV,L,13,12,13,11,13,9,10,12,11,12,7,13,13,12,13,9,8,12,18,18,150,612,535,142,91,28,3,20,75,65,68,4,8,152,6,51,0.265,0.356,0.441,0.176,0.335,127,3.1,7,2,77.8,"$2,600,000 "
LF,Austin,Meadows,ARI,L,8,14,17,11,11,11,13,16,11,10,10,15,17,11,11,11,10,18,19,17,155,695,637,183,111,42,6,24,99,91,53,0,0,138,8,72,0.287,0.34,0.485,0.198,0.332,135,6.6,27,11,71.1,"$20,000,000 "
LF,Yoan,Moncada,LAD,S,8,15,17,15,15,8,13,16,14,14,7,15,18,15,15,8,11,17,20,19,156,677,576,152,80,39,6,27,86,91,82,3,13,159,14,72,0.264,0.365,0.493,0.229,0.316,146,5.1,29,9,76.3,"$20,430,000 "
LF,Jorge,Nava,HOU,L,12,13,15,17,12,13,9,12,13,9,11,14,16,19,13,13,2,2,8,13,113,516,442,123,68,20,0,35,103,68,60,2,10,66,16,55,0.278,0.374,0.561,0.283,0.255,137,3.3,1,0,100,"$33,000,000 "
LF,Mike,Nielsen,TB,R,5,14,14,2,8,18,14,14,2,8,18,14,14,2,7,18,10,18,13,16,80,340,326,96,71,23,0,2,31,29,7,0,2,33,12,25,0.294,0.31,0.383,0.089,0.319,81,-0.2,2,6,25,"$535,000 "
LF,Tyler,O'Neill,SEA,R,8,10,14,17,12,5,11,14,18,12,5,10,14,16,11,5,1,11,19,12,130,573,516,120,61,25,0,34,85,77,46,0,2,211,12,59,0.233,0.293,0.479,0.246,0.307,97,1,6,2,75,"$2,500,000 "
LF,Joc,Pederson,TEX,L,8,9,12,16,16,6,8,11,14,15,5,9,12,16,16,6,1,9,14,12,54,303,249,53,25,14,0,14,29,38,50,3,1,95,7,28,0.213,0.347,0.438,0.225,0.279,100,0.5,2,1,66.7,"$16,300,000 "
LF,Gregory,Polanco,CHC,L,8,12,12,11,13,10,10,11,10,12,10,13,12,12,13,10,8,7,14,15,97,429,377,95,68,14,1,12,39,44,50,1,0,97,7,27,0.252,0.34,0.39,0.138,0.31,94,0.8,1,0,100,"$2,800,000 "
LF,Jurickson,Profar,LAA,S,8,12,10,9,14,12,12,11,10,15,12,12,10,8,14,12,1,7,16,11,42,207,173,47,32,9,0,6,21,31,29,0,2,37,4,15,0.272,0.379,0.428,0.156,0.311,112,0.7,3,1,75,"$9,450,000 "
LF,Blake,Rutherford,LAA,L,13,15,15,13,12,9,13,13,12,11,9,16,15,14,12,10,8,15,20,17,130,606,528,141,88,23,3,27,81,92,63,1,10,143,10,53,0.267,0.353,0.475,0.208,0.314,114,2.1,17,4,81,"$26,000,000 "
LF,Anthony,Santander,-,S,8,12,11,14,11,9,11,11,13,11,7,12,12,14,11,9,9,6,15,10,100,464,417,96,49,27,0,20,67,55,38,1,6,124,13,47,0.23,0.302,0.439,0.209,0.275,108,1.3,0,1,0,Free agent
LF,Luis,Serrano,PHI,L,7,16,14,20,20,14,12,11,16,16,13,18,15,20,20,15,4,13,10,4,153,719,564,172,88,24,2,58,163,145,147,10,0,75,11,84,0.305,0.444,0.663,0.358,0.26,211,9.6,6,5,54.5,"$10,250,000 "
LF,Mallex,Smith,NYM,L,8,10,11,4,12,10,9,10,3,11,9,10,12,5,13,10,14,20,20,16,85,385,345,84,65,16,2,1,35,34,31,1,3,82,1,19,0.243,0.308,0.31,0.067,0.312,74,0.7,19,10,65.5,"$14,500,000 "
LF,Taylor,Trammell,CIN,L,15,13,12,12,11,11,11,11,10,10,10,13,13,12,11,11,3,18,20,14,138,627,575,164,112,18,4,30,74,100,41,0,3,134,5,52,0.285,0.335,0.487,0.202,0.325,131,4.4,34,5,87.2,"$7,192,500 "
LF,Jiandido,Tromp,PHI,R,8,11,12,16,16,7,12,13,17,17,7,10,12,15,15,7,6,7,12,12,84,435,359,72,39,15,0,18,62,62,65,4,5,121,12,33,0.201,0.327,0.393,0.192,0.24,102,0.7,2,0,100,"$15,000,000 "
LF,Alex,Verdugo,MIL,L,13,15,15,12,9,13,13,14,11,9,12,16,15,12,10,14,1,8,16,16,154,704,654,199,113,52,1,33,104,99,41,0,4,96,17,86,0.304,0.348,0.538,0.234,0.315,126,5.1,13,4,76.5,"$12,160,000 "
LF,T.J.,Wooten,DET,R,5,15,15,13,12,13,15,15,14,12,14,14,15,13,12,13,6,17,18,16,153,646,585,151,91,30,6,24,72,74,48,6,10,103,17,60,0.258,0.324,0.453,0.195,0.276,116,3.1,9,3,75,"$535,000 "
LF,Christian,Yelich,ATL,L,8,20,13,18,13,13,18,11,16,12,12,20,14,19,13,13,6,5,18,14,157,716,630,238,145,34,1,58,152,117,76,7,2,127,15,93,0.378,0.442,0.711,0.333,0.398,184,9.9,10,1,90.9,"$30,230,000 "
LF,Bradley,Zimmer,NYY,L,8,11,15,13,14,5,10,14,13,14,5,11,15,14,14,5,9,14,19,13,123,586,499,111,56,31,2,22,59,96,66,0,17,181,4,55,0.222,0.332,0.425,0.202,0.299,100,1.8,22,4,84.6,"$9,000,000 "
LF,Jeff,Howell,TB,L,5,12,15,19,9,9,10,12,15,7,8,12,16,20,10,9,1,11,20,17,146,609,563,148,70,27,3,48,114,87,39,3,5,147,15,78,0.263,0.315,0.577,0.314,0.27,123,2.5,6,3,66.7,"$535,000 "
LF,Jorge,Vela,WAS,L,7,17,18,12,12,18,14,14,10,9,16,18,19,13,13,18,12,20,20,20,157,712,627,205,130,33,7,35,118,110,75,8,3,63,6,75,0.327,0.397,0.569,0.242,0.317,173,7.7,29,11,72.5,"$535,000 "
LF,Anderson,Cosma,CWS,L,12,14,13,10,12,12,10,11,7,10,10,16,14,12,13,13,10,18,17,20,138,629,557,161,114,27,5,15,74,106,61,2,3,93,9,47,0.289,0.359,0.436,0.147,0.322,107,1.8,18,9,66.7,"$5,500,000 "
CF,Greg,Allen,DET,S,11,11,10,5,12,13,10,9,3,12,13,11,10,5,13,13,13,14,19,17,81,367,324,88,70,10,3,5,27,48,30,0,13,56,5,18,0.272,0.357,0.367,0.096,0.316,95,1.1,4,0,100,"$2,970,000 "
CF,Jacob,Allred,BAL,L,12,13,13,10,13,11,11,11,8,12,10,14,13,10,13,11,9,16,18,19,151,664,598,166,117,34,3,12,69,88,51,0,9,127,6,49,0.278,0.341,0.405,0.127,0.332,96,1.5,9,2,81.8,"$3,360,000 "
CF,Albert,Almora,CHC,R,8,12,14,9,8,13,14,16,9,9,14,12,14,9,8,13,4,9,17,20,116,465,433,110,76,20,3,11,50,42,26,5,1,84,8,34,0.254,0.295,0.39,0.136,0.289,84,-0.1,1,0,100,"$1,400,000 "
CF,Akil,Baddoo,STL,L,12,11,13,11,12,8,9,12,10,11,7,11,14,11,12,8,7,17,20,15,160,726,630,144,94,34,1,15,66,81,79,4,10,180,5,50,0.229,0.322,0.357,0.129,0.293,92,2.6,34,8,81,"$4,200,000 "
CF,Luis,Bautista,CWS,R,6,10,14,12,15,10,10,14,12,16,10,10,14,11,15,10,11,20,18,15,56,243,211,40,27,7,1,5,15,23,25,0,3,56,3,13,0.19,0.282,0.303,0.114,0.23,58,-0.4,5,1,83.3,"$535,000 "
CF,Cole,Brannen,ARI,L,8,14,13,10,10,12,12,12,10,9,11,15,14,11,11,12,8,17,19,20,154,673,609,169,119,26,6,18,79,92,48,2,10,108,7,50,0.278,0.339,0.429,0.151,0.311,118,3.8,36,13,73.5,"$8,910,000 "
CF,Ricardo,Cespedes,CLE,L,12,13,13,10,10,10,12,12,9,10,10,14,13,10,11,11,3,18,20,20,56,287,269,63,44,12,2,5,32,26,13,0,0,67,3,19,0.234,0.267,0.349,0.115,0.29,66,0.1,13,0,100,"$800,000 "
CF,Trent,Clark,TB,L,13,10,13,13,13,6,8,12,12,12,4,11,13,13,13,6,10,18,19,19,154,682,598,147,86,35,2,24,70,96,66,4,12,196,5,61,0.246,0.332,0.431,0.186,0.325,98,2.5,26,13,66.7,"$10,030,000 "
CF,David,Dahl,WAS,L,8,16,13,13,11,12,15,13,13,11,12,16,13,13,12,12,8,14,18,20,157,699,643,186,124,30,3,29,111,95,49,0,2,123,13,62,0.289,0.339,0.481,0.191,0.317,132,6.4,18,6,75,"$16,970,000 "
CF,Ben,Detiege,DET,L,3,14,15,9,5,16,13,13,8,5,15,15,15,9,6,17,17,19,20,20,152,657,613,188,113,44,8,23,79,98,35,1,5,75,6,75,0.307,0.349,0.517,0.21,0.32,120,5.1,27,12,69.2,"$535,000 "
CF,Yusniel,Diaz,LAD,R,12,13,13,12,13,11,14,14,13,13,12,13,13,11,12,11,11,19,20,19,88,442,402,95,60,15,8,12,45,51,35,3,0,93,7,35,0.236,0.295,0.403,0.167,0.276,91,1.1,15,7,68.2,"$5,000,000 "
CF,Juan,Farinas,ATL,R,7,16,16,2,8,18,16,17,2,8,18,15,16,2,7,17,11,20,20,20,156,730,671,217,157,49,6,5,76,119,41,3,9,71,6,60,0.323,0.367,0.437,0.113,0.352,130,6,48,14,77.4,"$535,000 "
CF,Arturo,Flores,TEX,R,10,10,11,9,9,12,10,11,9,9,12,10,11,9,9,12,11,14,20,20,158,587,530,133,88,29,2,14,54,62,47,0,7,109,15,45,0.251,0.32,0.392,0.142,0.292,87,1.6,6,1,85.7,"$535,000 "
CF,Clint,Frazier,NYY,R,8,10,11,16,12,4,11,12,16,13,6,10,11,16,12,4,5,12,18,16,128,526,470,95,47,15,0,33,78,62,45,0,4,193,9,48,0.202,0.276,0.445,0.243,0.251,84,-0.5,4,0,100,"$9,500,000 "
CF,Michael,Gigliotti,CAR,L,8,12,14,4,9,12,11,13,3,9,10,13,14,4,9,12,5,10,20,18,149,597,556,147,98,42,5,2,51,64,32,2,3,118,8,49,0.264,0.306,0.369,0.104,0.33,89,1.1,21,2,91.3,"$1,050,000 "
CF,Quentin,Holmes,PIT,R,14,12,16,6,11,12,13,16,8,11,12,11,16,6,10,12,8,18,20,19,66,272,248,59,36,20,1,2,17,29,20,0,2,53,6,23,0.238,0.3,0.351,0.113,0.295,82,0.2,6,4,60,"$535,000 "
CF,Todd,Isaacs,MIA,R,8,11,9,3,11,13,12,10,4,11,14,11,9,3,11,13,12,13,18,20,97,391,356,98,82,15,1,0,24,35,22,3,12,63,8,16,0.275,0.338,0.323,0.048,0.333,89,1.5,4,0,100,"$535,000 "
CF,Billy,Lasley,SEA,L,3,14,15,7,8,15,13,12,6,6,14,15,16,7,8,16,5,19,20,20,143,652,612,173,113,45,9,6,55,81,31,0,8,95,4,60,0.283,0.325,0.415,0.132,0.326,95,3.3,30,9,76.9,"$535,000 "
CF,Alfredo,Lazos,HOU,R,6,10,14,12,11,15,10,14,12,11,15,10,14,12,11,15,3,15,14,10,53,216,191,50,22,13,2,13,41,36,18,1,1,29,2,28,0.262,0.321,0.555,0.293,0.24,116,1.1,2,0,100,"$4,500,000 "
CF,Manuel,Margot,LAA,R,8,13,15,9,10,14,15,15,10,11,14,13,15,8,10,14,7,17,19,18,153,692,633,168,107,38,8,15,58,98,46,0,9,123,8,61,0.265,0.323,0.422,0.156,0.308,95,3.2,27,6,81.8,"$16,000,000 "
CF,Mickey,Moniak,PHI,L,8,16,15,11,13,12,15,15,10,12,11,17,16,11,13,12,5,18,20,16,155,761,661,174,115,42,4,13,77,121,87,13,8,144,10,59,0.263,0.353,0.398,0.135,0.316,109,5.2,47,3,94,"$14,000,000 "
CF,Daniel,Montano,HOU,L,8,13,14,9,11,10,11,12,8,11,8,14,14,9,12,11,7,13,15,18,114,452,400,90,64,18,0,8,35,45,40,0,5,83,6,26,0.225,0.301,0.33,0.105,0.262,69,0.5,5,2,71.4,"$850,000 "
CF,Esteban,Pineda,SF,L,7,15,16,2,5,17,12,12,2,4,15,15,17,2,5,17,8,20,20,17,138,560,529,141,104,32,4,1,47,45,26,3,0,79,10,37,0.267,0.299,0.348,0.081,0.309,78,2.2,26,10,72.2,"$535,000 "
CF,Daniel,Quiceno,PIT,L,13,13,13,3,10,14,8,10,3,7,9,15,14,3,11,16,9,19,18,15,155,682,628,174,126,38,2,8,57,80,44,5,0,100,7,48,0.277,0.322,0.382,0.105,0.316,94,2.8,30,11,73.2,"$3,360,000 "
CF,Luis,Robert,MIN,R,8,13,13,11,13,10,14,14,12,14,11,13,13,11,13,10,6,16,17,13,152,724,646,193,117,39,4,33,81,124,72,5,3,153,6,76,0.299,0.371,0.525,0.226,0.347,127,4.4,15,5,75,"$8,125,000 "
CF,Magneuris,Sierra,-,L,8,13,14,4,8,12,12,13,3,8,11,13,14,4,9,12,3,14,16,20,68,321,292,75,42,25,2,6,27,42,24,1,3,60,7,33,0.257,0.319,0.418,0.161,0.304,106,1.4,7,3,70,Free agent
CF,Jean,Soto,NYM,L,13,12,11,5,12,10,8,8,4,8,8,14,12,6,14,11,7,17,18,20,136,618,532,146,98,41,2,5,42,72,63,1,19,128,10,48,0.274,0.37,0.387,0.113,0.351,124,3.8,19,9,67.9,"$3,200,000 "
CF,Jim,Stewart,ATL,L,4,13,14,11,12,14,12,13,10,10,14,14,15,11,12,15,11,18,13,11,154,647,588,178,106,29,9,34,95,94,49,4,4,112,9,72,0.303,0.359,0.556,0.253,0.324,152,5.3,11,6,64.7,"$535,000 "
CF,Leodys,Taveras,CWS,S,9,13,10,8,11,12,15,12,11,13,12,12,9,8,11,11,7,18,18,20,85,355,326,79,59,13,0,7,29,38,27,1,1,75,3,20,0.242,0.302,0.347,0.104,0.295,72,-0.3,6,1,85.7,"$950,000 "
CF,Mike,Trout,TOR,R,8,15,16,17,17,8,16,16,17,18,8,14,15,17,17,8,12,10,16,18,154,703,559,172,85,32,2,53,134,143,119,9,17,172,13,87,0.308,0.438,0.657,0.349,0.348,169,10.1,11,1,91.7,"$33,260,000 "
CF,Luis,Soto,CLE,L,8,13,12,10,10,14,12,9,7,8,13,14,13,11,10,14,10,19,19,19,150,675,610,188,128,34,3,23,107,106,39,0,11,94,8,60,0.308,0.358,0.487,0.179,0.331,116,4.5,37,14,72.5,"$535,000 "
RF,Luis,Aldaz,LAD,R,8,14,14,3,9,17,15,15,3,10,17,14,14,3,9,16,7,17,20,20,89,422,376,101,70,27,1,3,48,58,29,0,11,44,6,31,0.269,0.335,0.37,0.101,0.293,103,1.3,27,2,93.1,"$535,000 "
RF,Austin,Beck,SF,R,8,14,14,12,12,11,15,16,13,12,12,14,14,12,11,11,10,15,20,16,155,702,646,191,122,34,6,29,99,101,43,0,9,127,16,69,0.296,0.347,0.502,0.206,0.329,118,4.9,14,3,82.4,"$7,245,000 "
RF,Seth,Beer,MIL,L,12,14,12,15,14,11,12,11,13,13,10,14,12,15,14,11,4,14,17,16,152,703,602,182,109,22,4,47,108,107,85,3,11,121,6,73,0.302,0.396,0.586,0.284,0.308,148,5.9,9,8,52.9,"$16,000,000 "
RF,Will,Benson,MIA,L,11,11,14,15,12,5,9,12,14,11,5,11,15,15,12,5,6,14,20,16,123,563,502,101,52,20,5,24,68,60,52,4,6,207,5,49,0.201,0.282,0.404,0.203,0.281,88,1.1,12,3,80,"$830,000 "
RF,Brandon,Boissiere,TOR,L,13,14,10,5,12,14,12,9,4,11,13,15,10,5,12,14,4,16,18,17,50,244,214,55,39,12,0,4,16,39,21,0,6,44,2,16,0.257,0.336,0.369,0.112,0.302,90,0.4,10,2,83.3,"$535,000 "
RF,Grant,Burton,ATL,R,11,14,15,12,14,11,11,13,11,12,9,14,15,13,14,12,7,15,19,14,156,669,582,173,100,44,6,23,92,92,79,1,1,122,11,73,0.297,0.379,0.512,0.215,0.339,157,5.5,18,6,75,"$535,000 "
RF,Yoenis,Cespedes,COL,R,8,12,12,15,10,9,13,13,16,11,10,11,12,14,9,9,6,6,12,13,27,213,192,39,22,8,0,9,23,24,19,1,0,56,5,17,0.203,0.272,0.385,0.182,0.233,77,-0.2,0,1,0,"$1,600,000 "
RF,Griffin,Conine,BOS,L,8,11,13,12,7,9,10,11,10,7,8,11,13,12,7,9,4,12,15,17,58,237,224,57,23,19,6,9,29,29,11,0,0,65,5,34,0.254,0.288,0.513,0.259,0.318,100,0.1,0,0,0,"$535,000 "
RF,Mike,Galloway,TOR,L,4,9,10,15,11,8,7,7,11,8,6,10,11,17,12,8,1,16,18,20,98,446,393,105,45,20,2,38,93,75,43,2,6,111,2,60,0.267,0.347,0.618,0.351,0.272,140,2.9,8,4,66.7,"$535,000 "
RF,Jose Adolis,Garcia,PIT,R,8,10,14,13,8,7,11,14,14,8,8,10,13,13,8,7,9,9,13,15,113,487,454,103,60,26,0,17,60,47,26,0,2,133,15,43,0.227,0.269,0.396,0.17,0.278,82,-0.5,4,3,57.1,"$802,500 "
RF,Ian,Happ,ARI,S,10,12,14,11,14,9,13,15,12,15,9,12,14,11,14,8,8,8,19,15,141,609,533,141,91,30,3,17,72,79,69,2,2,157,14,50,0.265,0.348,0.428,0.163,0.341,122,3.2,6,3,66.7,"$12,000,000 "
RF,Bryce,Harper,NYY,L,8,15,12,18,18,9,13,12,17,17,8,15,13,19,19,9,2,9,17,13,154,704,574,179,88,37,0,54,142,109,124,2,3,162,8,91,0.312,0.435,0.659,0.347,0.346,173,8,7,4,63.6,"$22,600,000 "
RF,Toyoo,Hashimoto,STL,L,10,15,16,7,17,16,13,14,6,15,15,15,17,7,18,17,1,16,18,15,153,726,607,168,100,47,9,12,68,126,105,8,8,73,10,68,0.277,0.388,0.443,0.166,0.297,133,4.9,45,14,76.3,"$17,100,000 "
RF,Austin,Hays,NYM,R,10,11,15,10,11,9,12,15,12,11,9,10,14,10,10,9,11,14,16,15,91,373,345,84,47,26,3,8,43,35,20,1,3,100,8,37,0.243,0.287,0.406,0.162,0.314,91,0.8,3,1,75,"$535,000 "
RF,Eloy,Jimenez,LAD,R,8,14,16,12,7,11,14,16,12,7,11,14,16,12,7,11,1,8,15,13,62,303,283,69,46,14,2,7,32,28,15,1,3,74,7,23,0.244,0.288,0.382,0.138,0.305,85,0.2,1,0,100,"$1,100,000 "
RF,Jahmai,Jones,CIN,R,9,13,13,11,12,11,14,13,11,13,12,12,13,10,12,11,10,18,20,20,156,665,594,146,107,23,3,13,66,88,63,7,1,140,11,39,0.246,0.318,0.36,0.114,0.3,86,1.6,31,10,75.6,"$9,975,000 "
RF,Max,Kepler,MIA,L,8,13,15,13,14,12,12,14,12,13,11,14,15,13,14,12,5,6,16,15,150,665,588,180,117,31,5,27,98,77,69,2,2,108,18,63,0.306,0.377,0.514,0.207,0.333,128,3.9,6,2,75,"$8,000,000 "
RF,Rahim,Kidd,DET,L,11,14,12,14,14,10,12,10,11,11,9,14,13,15,14,10,3,8,15,19,151,617,543,145,97,21,1,26,77,81,69,5,0,141,10,48,0.267,0.347,0.453,0.186,0.313,105,1.9,6,1,85.7,"$535,000 "
RF,Kwang-Min,Kwon,MIL,L,11,12,12,8,12,10,9,10,7,10,8,13,13,9,12,11,10,14,18,16,152,595,529,145,102,22,6,15,64,77,51,1,7,118,5,43,0.274,0.343,0.423,0.149,0.324,99,2.4,14,4,77.8,"$6,000,000 "
RF,Ramon,Laureano,CHC,R,8,11,13,9,13,8,12,14,9,13,8,11,13,8,13,8,9,17,20,12,100,458,399,103,72,19,2,10,52,64,45,0,9,111,6,31,0.258,0.346,0.391,0.133,0.333,96,0.8,21,6,77.8,"$2,100,000 "
RF,Desmond,Lindsay,LAA,R,11,11,14,12,11,10,12,15,12,11,10,11,14,11,11,10,7,11,16,12,84,365,325,92,60,21,1,10,32,49,33,0,4,82,3,32,0.283,0.355,0.446,0.163,0.35,110,0.7,1,7,12.5,"$1,300,000 "
RF,Brandon,Marsh,LAA,L,12,12,14,11,10,9,10,13,10,9,8,13,15,11,11,10,12,20,20,17,47,215,196,55,38,9,0,8,23,35,15,0,1,42,1,17,0.281,0.332,0.449,0.168,0.318,103,0.7,11,2,84.6,"$535,000 "
RF,Tate,Matheny,BOS,R,10,12,14,12,14,10,13,15,13,14,11,12,14,12,14,10,4,8,9,11,97,444,387,100,55,21,2,22,60,64,54,5,1,85,10,45,0.258,0.35,0.494,0.235,0.278,112,1.3,1,0,100,"$2,200,000 "
RF,Seuly,Matias,LV,R,8,11,12,19,17,5,12,13,20,18,6,10,11,19,16,5,4,14,19,18,156,680,590,125,47,25,3,50,107,103,88,2,1,237,10,78,0.212,0.315,0.519,0.307,0.247,132,4.6,12,3,80,"$11,875,000 "
RF,Nomar,Mazara,TEX,L,8,15,15,14,6,9,14,14,14,6,9,16,15,15,7,10,1,5,12,13,156,674,624,166,96,28,8,34,92,83,35,6,11,165,16,70,0.266,0.315,0.5,0.234,0.308,103,0.9,0,0,0,"$15,510,000 "
RF,Calvin,Mitchell,PHI,L,14,15,15,13,11,11,13,15,13,10,11,16,15,14,11,12,2,8,15,19,88,427,387,105,55,28,0,22,77,56,35,1,2,84,9,50,0.271,0.333,0.514,0.243,0.292,139,2.6,0,1,0,"$4,410,000 "
RF,Garrett,Mitchell,CLE,L,8,14,14,13,12,9,13,13,12,11,9,14,14,14,12,9,9,18,20,16,155,727,664,171,100,30,6,35,103,121,52,3,4,175,4,71,0.258,0.313,0.479,0.221,0.296,101,3.3,30,4,88.2,"$5,500,000 "
RF,Stephen,Piscotty,COL,R,8,11,15,12,12,10,12,16,12,13,10,11,15,12,12,10,4,6,12,13,59,306,264,55,30,16,1,8,36,34,33,0,6,63,9,25,0.208,0.307,0.367,0.159,0.24,87,0.4,2,1,66.7,"$17,470,000 "
RF,Corey D.,Ray,WAS,L,13,12,15,14,12,8,11,14,13,11,7,13,15,14,12,8,5,10,18,19,136,625,537,129,81,27,0,21,70,91,79,0,3,151,8,48,0.24,0.339,0.408,0.168,0.293,114,2.2,7,1,87.5,"$11,000,000 "
RF,Victor,Reyes,LV,S,8,12,11,9,9,12,11,11,8,9,11,12,11,9,10,12,1,9,15,12,134,563,528,137,96,22,6,13,54,58,29,1,3,83,12,41,0.259,0.301,0.398,0.138,0.286,96,0.9,6,1,85.7,"$800,000 "
RF,Victor,Robles,TB,R,8,15,12,11,11,12,16,13,12,11,13,14,12,11,10,11,12,14,18,20,153,684,592,159,106,27,2,24,109,77,53,2,30,132,15,53,0.269,0.354,0.443,0.174,0.303,128,3.7,26,13,66.7,"$8,925,000 "
RF,Jeison,Rosario,POR,L,11,13,15,10,10,11,12,14,9,10,10,14,15,11,11,11,8,14,20,17,150,606,557,148,94,27,4,23,80,71,37,3,5,114,10,54,0.266,0.316,0.452,0.187,0.296,96,1,16,7,69.6,"$2,880,000 "
RF,Mike,Siani,LAD,L,8,14,14,9,12,11,12,13,8,11,10,14,15,9,12,12,4,15,17,16,95,414,369,98,63,17,4,14,52,56,38,2,4,87,2,35,0.266,0.338,0.447,0.182,0.31,123,2.1,14,3,82.4,"$535,000 "
RF,Jonathan,Sierra,CHC,L,9,12,13,13,11,8,10,12,12,11,8,12,14,14,11,8,2,8,11,15,157,643,581,121,66,31,1,23,66,63,49,4,6,175,13,55,0.208,0.275,0.384,0.176,0.253,78,0.1,1,2,33.3,"$535,000 "
RF,Jorge,Soler,BAL,R,8,10,14,14,13,6,11,14,14,14,7,10,13,13,13,6,7,9,10,11,149,599,530,130,77,27,1,25,86,85,59,1,4,177,10,53,0.245,0.323,0.442,0.196,0.315,97,1.2,1,1,50,"$15,000,000 "
RF,Edwin,Ventura,CWS,R,8,12,10,13,14,11,13,11,15,14,12,12,10,13,13,11,5,10,14,13,135,589,517,135,83,21,2,29,86,77,63,0,1,110,14,52,0.261,0.34,0.478,0.217,0.277,110,2,0,0,0,"$535,000 "
RF,Darryl,Wilson,-,L,10,11,13,10,10,10,10,13,9,10,9,11,14,11,11,10,6,15,20,12,71,367,343,76,46,19,2,9,32,38,21,1,2,79,5,30,0.222,0.27,0.367,0.146,0.262,74,0.3,6,2,75,Free agent
RF,Yorinobu,Yano,TOR,R,12,15,14,14,14,16,16,15,15,15,16,15,14,14,13,15,1,12,12,7,153,684,575,178,101,27,9,41,142,120,89,6,9,77,25,77,0.31,0.404,0.602,0.292,0.293,151,6.4,2,2,50,"$33,000,000 "
DH,Jose,Altuve,TEX,R,8,13,11,8,8,14,16,11,8,10,14,13,10,7,8,14,2,7,17,11,144,636,592,153,97,43,0,13,83,71,31,1,8,104,24,56,0.258,0.302,0.397,0.139,0.292,81,-1,2,0,100,"$1,044,500 "
DH,Michael,Conforto,MIN,L,17,12,14,14,14,8,10,14,12,13,7,12,15,14,15,8,5,6,13,14,124,559,469,123,59,30,3,31,88,81,78,4,7,136,8,64,0.262,0.373,0.537,0.275,0.301,129,3.8,2,0,100,"$20,000,000 "
DH,Arturo,Meza,CLE,S,7,14,17,15,12,12,11,12,11,10,11,15,18,17,13,13,1,6,11,1,104,493,432,128,67,29,1,31,88,80,51,3,7,75,7,61,0.296,0.377,0.583,0.287,0.295,142,3.4,1,0,100,"$535,000 "
DH,Kyle,Schwarber,MIL,L,14,10,13,16,14,5,9,12,16,13,4,10,13,16,14,5,3,3,9,14,123,552,477,117,54,22,4,37,77,78,62,6,6,183,7,63,0.245,0.337,0.541,0.296,0.307,117,1.7,0,0,0,"$16,000,000 "
DH,Jose C.,Urena,NYY,R,8,11,10,18,8,13,12,10,19,9,14,11,10,18,7,13,2,5,10,11,135,557,524,142,88,16,1,37,114,68,25,0,3,89,27,54,0.271,0.306,0.517,0.246,0.261,110,0.8,0,0,0,"$3,060,000 "
DH,Kol-in-sen,Yao,TB,L,9,12,15,15,17,13,10,12,12,13,12,13,16,16,18,13,1,1,5,6,156,654,530,142,76,32,2,32,105,76,113,8,4,98,18,66,0.268,0.396,0.517,0.249,0.27,159,4.4,1,1,50,"$20,559,000 "
"Sunday, September 30th, 2018 - OOTP Baseball 19.8 Build 79",,,,,,,,,,,,,,,,,,,,,,,,,,,,,,,,,,,,,,,,,,,,,,,,,,,
