POS,First Name,Last Name,TM,T,STU,MOV,CON,STU vL,MOV vL,CON vL,STU vR,MOV vR,CON vR,FB,CH,CB,SL,SI,SP,CT,CC,SC,KC,STM,GS,W,L,IP,BF,HA,1B,2B,3B,HR,ER,BB,IBB,K,ERA,AVG,OBP,SLG,OPS,BABIP,WHIP,GB,FB,ERA+,FIP,WAR,SLR
SP,Riley,Pint,HOU,R,20,13,15,20,12,15,20,14,15,19,19,-,20,-,-,-,-,-,-,12,32,16,6,184,732,135,85,21,2,27,54,41,2,253,2.64,0.199,0.249,0.354,0.603,0.269,0.96,159,124,167,3.14,5.4,"$22,000,000 "
SP,Omari,Hillmon,PHI,R,20,13,14,20,12,14,20,14,15,20,20,-,20,-,-,-,-,-,-,14,33,18,3,233.1,890,140,92,26,2,20,50,63,0,294,1.93,0.172,0.233,0.283,0.516,0.24,0.87,197,182,229,2.7,8.4,"$9,920,000 "
RP,Ken,Giles,HOU,R,20,12,13,20,11,13,20,14,14,19,-,-,20,-,-,-,-,-,-,5,0,8,9,69.2,289,53,34,10,0,9,30,27,3,93,3.88,0.205,0.281,0.349,0.63,0.278,1.15,55,56,114,3.35,1.5,"$10,500,000 "
CL,Luis,AlArez,TEX,R,20,14,15,18,11,14,20,16,16,17,-,-,20,-,-,-,-,-,-,8,0,9,7,71,331,87,57,17,3,10,51,27,2,99,6.46,0.296,0.36,0.476,0.836,0.414,1.61,65,45,69,3.49,1.3,"$16,330,000 "
SP,J.B.,Bukauskas,SF,R,19,12,14,17,11,14,20,13,15,18,13,-,20,-,-,-,-,-,-,16,32,9,16,185.2,801,188,118,43,5,22,112,57,2,185,5.43,0.261,0.321,0.426,0.747,0.319,1.32,197,159,80,3.87,3.6,"$6,500,000 "
CL,Edwin,Diaz,DET,R,20,13,14,20,12,14,20,15,15,19,-,-,20,-,-,-,-,-,-,5,0,4,3,71,286,55,40,7,1,7,18,18,2,109,2.28,0.208,0.263,0.322,0.585,0.322,1.03,49,52,195,2.24,2.9,"$18,000,000 "
CL,Kyle,Barraclough,CIN,R,20,17,8,20,16,8,20,18,8,18,17,-,20,-,-,-,-,-,-,2,0,4,5,63.1,278,37,26,7,1,3,15,55,3,72,2.13,0.17,0.337,0.252,0.589,0.234,1.45,60,50,209,4.12,0.7,"$8,120,000 "
CL,Drew,Steckenrider,LAD,R,20,15,14,20,14,14,20,16,14,17,20,-,20,-,-,-,-,-,-,2,0,5,6,59.1,236,43,28,9,0,6,20,14,1,87,3.03,0.195,0.25,0.318,0.568,0.291,0.96,38,50,144,2.41,2.1,"$12,000,000 "
CL,Jimmie,Sherfy,ARI,R,20,13,10,18,12,9,20,15,10,18,-,-,19,-,-,-,-,-,-,4,0,8,4,72,301,56,34,14,0,8,27,34,2,94,3.38,0.215,0.316,0.362,0.677,0.3,1.25,65,47,131,3.64,1.1,"$10,000,000 "
SP,Matt,Ruppenthal,ARI,R,20,11,11,19,10,11,20,11,11,13,20,-,19,-,-,-,-,-,-,16,32,14,5,184,743,121,75,23,1,22,69,79,0,227,3.38,0.189,0.287,0.331,0.618,0.249,1.09,166,132,131,3.82,3.8,"$5,000,000 "
RP,Joe,Jimenez,ARI,R,20,9,15,18,8,15,20,10,16,17,10,-,19,-,-,-,-,-,-,2,0,0,2,28,114,22,15,2,1,4,13,7,0,30,4.18,0.214,0.274,0.369,0.643,0.257,1.04,27,24,106,3.95,0.4,"$5,500,000 "
SP,Francisco A.,Morales,COL,R,17,12,11,15,11,11,18,13,11,17,12,-,19,-,-,-,-,-,-,13,0,4,8,76,363,86,56,16,1,13,56,51,8,104,6.63,0.281,0.391,0.467,0.859,0.384,1.8,60,57,70,4.65,0.3,"$535,000 "
RP,Cam,Bedrosian,ARI,R,19,15,11,18,13,11,20,16,12,17,-,-,19,-,-,13,-,-,-,4,0,2,4,62.1,272,59,36,11,1,11,44,27,1,71,6.35,0.25,0.336,0.445,0.781,0.31,1.38,64,46,69,4.73,-0.1,"$11,000,000 "
RP,Nick,Goody,CLE,R,20,11,13,17,10,13,20,12,14,16,-,-,19,-,-,-,-,-,-,4,0,8,3,59.1,242,47,34,8,0,5,18,19,0,76,2.73,0.217,0.298,0.323,0.62,0.309,1.11,49,45,162,3.07,1.4,"$3,300,000 "
RP,Jose,Alvarado,TEX,L,20,11,10,20,13,10,20,11,10,18,7,-,19,-,-,-,-,-,-,5,0,7,1,73.2,319,65,43,10,0,12,33,40,1,105,4.03,0.235,0.33,0.401,0.731,0.329,1.43,55,53,111,4.12,0.5,"$950,000 "
RP,Ian,Anderson,BAL,R,18,13,10,17,12,10,19,14,10,16,14,-,19,-,-,-,-,-,-,4,3,3,7,43.2,219,60,31,15,1,13,45,32,0,51,9.27,0.323,0.425,0.624,1.048,0.385,2.11,37,37,48,7.07,-1.2,"$535,000 "
RP,Zack,Burdi,WAS,R,20,14,11,20,13,10,20,15,11,18,15,-,19,-,-,-,-,-,-,4,0,3,1,76.2,298,52,38,10,1,3,17,32,5,95,2,0.195,0.282,0.274,0.556,0.292,1.1,70,49,224,2.36,2.6,"$15,000,000 "
SP,Robbie,Ray,NYY,L,17,11,10,18,12,11,16,11,10,16,11,12,19,-,-,-,-,-,-,14,31,13,8,166.2,712,164,101,26,6,31,85,71,2,179,4.59,0.259,0.338,0.466,0.804,0.313,1.41,162,125,96,4.87,1.4,"$13,340,000 "
CL,Damião,Carreira,CIN,R,20,12,14,20,11,13,20,13,14,20,-,-,19,-,-,-,-,-,-,4,0,8,8,68.2,299,58,35,8,1,14,44,36,3,101,5.77,0.228,0.334,0.433,0.768,0.314,1.37,52,46,77,4.64,0.1,"$16,062,500 "
CL,Jose,Ruiz,NYY,R,19,11,11,18,10,10,20,12,11,17,7,-,19,-,-,-,-,-,-,4,0,8,5,63,276,58,35,12,0,11,36,33,4,75,5.14,0.241,0.335,0.427,0.762,0.303,1.44,54,52,86,4.59,0.1,"$6,000,000 "
RP,Reyes,Moronta,PHI,R,20,11,11,20,10,11,20,13,12,19,4,-,18,-,-,-,-,-,-,1,0,4,0,50.2,204,37,21,6,0,10,24,20,0,71,4.26,0.209,0.303,0.412,0.716,0.281,1.13,39,33,104,4.45,0.2,"$3,600,000 "
SP,Alec,Hansen,ARI,R,18,10,11,17,9,11,19,11,11,17,16,13,18,-,-,-,-,-,-,12,32,11,9,176.2,751,149,90,34,3,22,89,72,3,175,4.53,0.225,0.305,0.385,0.69,0.271,1.25,153,189,97,4.18,2.8,"$3,800,000 "
RP,Phil,Maton,BAL,R,20,10,14,18,9,14,20,11,15,15,-,-,18,-,-,-,-,-,-,3,0,3,4,41,173,35,21,6,1,7,19,17,2,50,4.17,0.227,0.304,0.416,0.72,0.289,1.27,34,36,107,4.15,0.4,"$1,233,175 "
SP,Jon,Gray,POR,R,16,11,15,15,10,15,17,11,15,18,11,-,18,-,-,-,-,-,-,17,5,2,6,102.2,403,70,42,12,1,15,34,28,0,130,2.98,0.192,0.254,0.354,0.609,0.246,0.95,76,93,146,3.57,1.5,"$7,750,000 "
RP,Michel,Baez,POR,R,17,12,10,16,11,10,18,12,11,15,13,-,18,-,-,-,-,-,-,3,0,1,6,71.2,326,66,46,10,1,9,35,42,2,73,4.4,0.244,0.363,0.387,0.751,0.298,1.51,65,65,100,4.96,-0.3,"$830,000 "
RP,Rodolfo,Sanchez,LAD,R,20,10,14,20,9,14,20,11,14,-,-,-,18,15,-,13,-,-,-,9,0,0,0,31,143,38,23,6,3,6,20,13,0,49,5.81,0.299,0.366,0.535,0.902,0.438,1.65,25,16,75,3.98,0.3,"$535,000 "
SP,Noah,Syndergaard,LAD,R,20,14,18,20,13,18,20,14,19,19,11,19,18,-,-,-,-,-,-,15,30,16,8,191.2,767,164,100,40,2,22,75,31,1,218,3.52,0.226,0.259,0.378,0.636,0.29,1.02,164,178,124,2.99,6,"$23,100,000 "
RP,Josh,Hader,ARI,L,18,9,12,20,10,12,18,9,11,17,16,-,18,-,-,-,-,-,-,16,0,7,3,90,382,64,37,15,1,11,31,49,5,122,3.1,0.197,0.308,0.351,0.659,0.273,1.26,65,73,142,3.75,1.1,"$7,000,000 "
RP,Jandel,Gustave,HOU,R,20,14,12,17,13,11,20,15,12,18,-,-,18,-,-,-,-,-,-,6,0,7,0,83.2,335,49,35,10,1,3,17,41,0,118,1.83,0.171,0.28,0.244,0.524,0.275,1.08,59,64,241,2.49,2.5,"$3,000,000 "
RP,Hansel,Robles,TOR,R,18,12,12,17,11,12,19,12,12,16,14,-,18,-,-,-,-,-,-,3,0,6,2,61,257,48,25,8,0,15,31,27,1,77,4.57,0.212,0.292,0.447,0.739,0.239,1.23,38,65,96,5.22,-0.4,"$4,850,000 "
SP,Carlos,Rodon,MIL,L,17,11,15,17,11,14,17,11,15,17,16,-,18,-,-,14,-,-,-,14,22,9,11,155.1,658,149,88,29,0,32,85,52,5,176,4.92,0.248,0.312,0.457,0.769,0.298,1.29,133,137,90,4.67,1.3,"$14,000,000 "
RP,Koda,Glover,TEX,R,18,12,16,16,12,16,19,13,17,17,-,-,18,-,-,11,-,-,-,7,0,3,10,79,332,71,40,13,0,18,41,24,3,92,4.67,0.236,0.305,0.458,0.764,0.277,1.2,67,71,95,4.93,-0.2,"$5,500,000 "
CL,Michael,Feliz,HOU,R,20,14,13,20,13,13,20,14,13,20,20,-,18,-,-,-,-,-,-,4,0,2,4,58.1,255,47,27,13,2,5,18,30,1,91,2.78,0.211,0.31,0.354,0.664,0.331,1.32,39,43,159,2.86,1.9,"$14,000,000 "
RP,A.J.,Minter,ATL,L,20,10,12,20,12,13,20,9,12,19,-,-,18,-,-,-,-,-,-,5,0,9,2,69,265,45,26,10,0,9,19,19,1,103,2.48,0.185,0.246,0.337,0.584,0.273,0.93,47,49,177,2.8,1.9,"$2,601,500 "
RP,Tayron,Guerrero,NYM,R,20,10,10,18,9,9,20,11,10,19,-,-,18,-,-,-,-,-,-,2,1,5,5,60,274,54,39,13,0,2,24,45,3,62,3.6,0.242,0.376,0.327,0.703,0.323,1.65,43,65,121,3.94,0.7,"$1,800,000 "
RP,Jacob,Rhame,MIA,R,20,9,17,20,8,17,20,10,18,19,13,-,18,-,-,-,-,-,-,5,0,8,6,82.2,321,66,47,7,2,10,24,12,3,109,2.61,0.216,0.252,0.35,0.602,0.299,0.94,57,71,168,2.64,2.6,"$5,400,000 "
RP,Alex,Faedo,SF,R,18,12,13,17,11,13,19,13,14,17,8,-,18,-,-,-,-,-,-,15,32,12,8,198,803,175,115,37,3,20,69,46,0,180,3.14,0.235,0.285,0.374,0.658,0.283,1.12,176,212,139,3.57,4.6,"$2,000,000 "
SP,Blake,Snell,HOU,L,16,11,11,18,12,11,16,11,11,16,17,-,18,-,-,-,-,-,-,16,31,14,5,185,770,154,98,21,2,33,80,73,0,204,3.89,0.223,0.297,0.402,0.699,0.265,1.23,155,177,113,4.58,2.1,"$9,000,000 "
SP,Erick,Fedde,NYY,R,14,12,15,13,11,15,15,12,15,14,12,-,18,-,-,-,-,-,-,14,22,7,7,132.1,583,139,86,27,1,25,93,50,2,122,6.32,0.268,0.337,0.469,0.806,0.302,1.43,131,128,70,5.13,0.6,"$11,500,000 "
RP,Keegan,Akin,CIN,L,17,11,14,20,13,15,16,11,14,16,8,-,17,-,-,-,-,-,-,7,0,3,2,51,208,41,26,9,0,6,18,20,3,63,3.18,0.225,0.299,0.374,0.673,0.304,1.2,44,39,140,3.33,0.8,"$1,375,000 "
SP,Sean,Manaea,CLE,L,15,12,14,16,14,14,14,12,14,16,14,-,17,-,-,-,-,-,-,16,29,13,9,171.1,726,168,100,32,4,32,86,55,3,162,4.52,0.252,0.311,0.456,0.768,0.287,1.3,164,165,98,4.77,1.6,"$13,000,000 "
RP,Jake,Bamrick,ATL,L,18,12,13,20,14,14,17,11,13,18,1,-,17,-,-,-,-,-,-,20,0,5,4,81.2,329,65,40,13,0,12,31,28,2,104,3.42,0.221,0.285,0.388,0.673,0.291,1.14,70,58,129,3.59,1.1,"$535,000 "
RP,Trevor,Rogers,ATL,L,18,13,12,20,15,13,17,12,12,17,3,-,17,-,-,-,-,-,-,12,2,5,3,88.1,405,83,53,17,2,11,46,51,7,88,4.69,0.241,0.351,0.398,0.749,0.291,1.52,87,80,94,4.66,0.1,"$1,100,000 "
RP,Caleb,Dirks,CAR,R,17,13,11,15,12,10,18,13,11,13,13,-,17,-,-,-,-,-,-,4,0,4,5,59,244,41,25,9,1,6,23,29,4,59,3.51,0.192,0.292,0.329,0.621,0.236,1.19,67,45,123,3.91,0.6,"$950,000 "
SP,Tanner,Houck,CAR,R,14,15,13,13,13,12,15,16,13,-,14,-,17,16,-,-,-,-,-,16,33,7,12,186.1,782,152,105,32,4,11,62,80,6,145,2.99,0.227,0.321,0.336,0.658,0.272,1.25,213,173,144,3.91,3.4,"$8,125,000 "
RP,Sam,Dickey,SEA,L,18,13,11,20,15,11,18,13,10,17,4,-,17,-,-,-,-,-,-,8,0,6,3,67.2,288,50,37,7,2,4,25,40,2,77,3.33,0.211,0.334,0.308,0.643,0.287,1.33,66,48,132,3.71,0.8,"$535,000 "
SP,Brandon,Finnegan,TOR,L,15,11,14,17,12,14,15,11,14,17,16,-,17,-,-,-,-,-,-,13,32,10,11,181.2,761,183,121,36,6,20,78,44,0,164,3.86,0.263,0.317,0.418,0.734,0.317,1.25,172,178,114,3.82,3.7,"$14,500,000 "
RP,Jake,Barrett,COL,R,16,13,11,15,12,11,17,14,11,16,15,-,17,-,-,-,-,-,-,1,0,4,6,44,183,36,27,6,1,2,14,19,1,53,2.86,0.226,0.309,0.314,0.624,0.321,1.25,35,38,161,2.75,1.3,"$5,390,000 "
RP,Zach,Pop,CLE,R,16,15,12,14,13,12,17,16,13,16,4,-,17,-,-,-,-,-,-,6,0,3,3,47.1,196,46,31,8,0,7,21,9,0,44,3.99,0.254,0.297,0.414,0.711,0.3,1.16,48,46,111,4.03,0.4,"$1,000,000 "
CL,Derek,Law,BAL,R,16,17,14,14,14,13,18,19,14,-,-,-,17,16,-,-,-,-,-,1,0,0,2,46.2,207,49,31,10,1,7,28,20,2,56,5.4,0.263,0.333,0.441,0.774,0.339,1.48,51,29,82,3.98,0.6,"$8,550,000 "
SP,Yu,Darvish,WAS,R,16,11,16,15,10,16,16,11,16,13,9,14,17,-,12,13,-,-,-,15,33,17,9,206.1,843,183,120,35,3,25,74,47,0,205,3.23,0.236,0.287,0.385,0.672,0.287,1.11,208,185,138,3.69,4.7,"$17,500,000 "
RP,Ryan,Dull,TOR,R,15,12,19,14,11,18,16,13,19,15,10,-,17,-,-,-,-,-,-,4,0,3,6,65,291,90,61,13,1,15,50,8,0,52,6.92,0.33,0.36,0.549,0.909,0.361,1.51,73,59,63,5.31,-0.5,"$2,700,000 "
RP,Bobby,Wahl,ARI,R,20,11,12,18,10,12,20,12,13,19,5,-,16,-,-,-,-,-,-,1,0,2,3,54.2,249,51,28,16,0,7,25,33,4,63,4.12,0.245,0.354,0.423,0.777,0.314,1.54,41,55,107,4.38,0.2,"$7,000,000 "
RP,Austin,Ross,SF,R,16,9,16,15,8,15,17,9,16,15,18,-,16,-,-,-,-,-,-,6,0,7,4,69.2,298,74,45,18,2,9,36,22,1,66,4.65,0.274,0.332,0.456,0.788,0.328,1.38,66,65,94,4.09,0.5,"$970,000 "
RP,Leo,Jaime,LV,R,15,11,14,14,10,13,16,12,14,10,-,14,16,-,-,-,-,-,7,8,32,8,9,156,647,143,84,37,3,19,73,46,2,125,4.21,0.247,0.307,0.42,0.727,0.281,1.21,166,158,106,4.23,2.5,"$2,724,000 "
RP,Kodi,Medeiros,CAR,L,15,12,10,17,13,11,15,12,10,15,15,-,16,-,-,-,-,-,-,12,0,3,2,82.1,353,66,45,12,2,7,30,47,6,87,3.28,0.219,0.322,0.342,0.664,0.281,1.37,80,68,132,3.75,0.9,"$2,662,000 "
RP,Simon,Castro,PIT,R,14,10,15,13,9,15,16,12,16,14,-,-,16,-,-,-,-,-,-,1,0,2,2,59.2,264,57,41,6,3,7,33,28,13,65,4.98,0.25,0.346,0.395,0.741,0.318,1.42,59,47,88,3.67,0.8,"$1,000,000 "
RP,Michael,Lorenzen,CHC,R,20,13,9,19,12,9,20,13,9,15,19,-,16,-,-,-,-,-,-,4,0,4,3,58.2,252,46,28,8,0,10,27,30,0,76,4.14,0.22,0.327,0.402,0.729,0.279,1.3,48,45,106,4.73,0,"$2,820,000 "
CL,Mychal,Givens,MIL,R,15,15,11,14,14,11,16,16,11,14,14,-,16,-,-,-,-,-,-,1,0,2,4,52.1,228,49,34,8,1,6,24,22,0,50,4.13,0.241,0.314,0.379,0.693,0.291,1.36,64,40,107,4.11,0.5,"$7,000,000 "
SP,Griffin,Jax,POR,R,20,14,12,19,13,12,20,14,12,14,20,9,16,-,-,-,5,-,-,8,33,9,5,163.2,664,119,90,12,1,16,43,58,0,207,2.36,0.2,0.275,0.304,0.579,0.275,1.08,146,121,186,3.16,4.7,"$6,957,500 "
RP,Victor,Santos,TOR,R,20,12,15,18,10,14,20,13,15,19,-,-,16,-,-,-,-,-,-,5,0,5,8,63.1,257,47,30,8,0,9,22,18,2,72,3.13,0.201,0.263,0.35,0.613,0.247,1.03,49,66,140,3.7,1,"$2,110,000 "
RP,Carson,Smith,CIN,R,16,14,13,13,12,12,17,15,14,15,12,-,16,-,-,-,-,-,-,5,0,3,4,54,239,49,29,16,0,4,24,29,2,56,4,0.238,0.332,0.374,0.706,0.304,1.44,55,45,111,3.71,0.7,"$3,000,000 "
SP,Spencer,Adams,NYY,R,13,10,15,12,9,14,14,10,15,11,15,-,16,-,-,-,-,-,-,17,9,8,1,162.1,715,184,119,32,3,30,95,54,7,144,5.27,0.285,0.348,0.484,0.832,0.324,1.47,149,168,84,4.95,0,"$1,200,000 "
SP,Seth,Romero,LV,L,13,13,12,14,15,13,12,13,12,14,12,-,16,-,-,-,-,-,-,14,33,9,12,178.1,791,176,105,51,4,16,97,79,3,139,4.9,0.257,0.346,0.413,0.759,0.3,1.43,203,169,91,4.42,2.5,"$2,375,000 "
SP,Michael,Fulmer,TEX,R,14,13,14,14,12,14,15,14,14,13,15,9,16,-,-,-,-,-,-,15,33,12,9,192.2,817,191,125,37,5,24,90,61,0,169,4.2,0.257,0.316,0.418,0.734,0.3,1.31,187,190,106,4.18,3.2,"$15,980,000 "
RP,Shae,Simmons,CLE,R,16,14,11,14,12,11,17,15,11,17,9,-,16,-,-,-,-,-,-,3,0,4,4,46.2,209,46,31,7,1,7,27,23,1,46,5.21,0.251,0.337,0.415,0.752,0.298,1.48,48,42,85,4.73,0,"$4,000,000 "
RP,Tylor,Megill,LV,R,14,12,13,13,11,12,15,13,13,13,11,-,16,-,-,-,-,-,-,14,6,2,5,64,270,63,37,14,1,11,39,18,0,57,5.48,0.254,0.31,0.452,0.761,0.289,1.27,60,66,81,4.66,0.4,"$950,000 "
SP,Forrest,Whitley,LAD,R,16,12,13,15,11,13,16,12,14,17,10,16,16,-,-,-,-,-,-,11,32,9,11,174.1,735,172,109,34,6,23,75,58,0,167,3.87,0.259,0.321,0.433,0.754,0.313,1.32,187,141,113,4.13,2.8,"$7,500,000 "
RP,Miguel,Castro,PHI,R,16,13,15,16,13,15,17,13,15,15,12,-,16,-,-,-,-,10,-,4,0,5,2,65,286,57,36,12,2,7,23,31,11,75,3.18,0.231,0.324,0.381,0.705,0.299,1.35,63,52,145,3.47,1.2,"$4,000,000 "
SP,Justin,Hooper,BAL,L,16,12,10,17,14,10,16,12,10,17,16,16,16,-,-,-,-,-,-,16,24,9,5,127.1,552,131,84,27,3,17,67,46,0,125,4.74,0.263,0.325,0.432,0.757,0.317,1.39,125,116,94,4.17,2.1,"$535,000 "
RP,Corey,Taylor,CWS,R,14,13,16,13,12,15,15,14,16,15,8,-,16,-,-,-,-,-,-,5,0,3,4,65.2,279,75,40,17,1,17,36,15,2,62,4.93,0.287,0.33,0.556,0.885,0.317,1.37,61,59,90,5.43,-0.5,"$3,600,000 "
RP,Nick,Burdi,BOS,R,18,12,11,17,11,11,19,13,12,18,8,-,16,-,-,-,-,-,-,4,0,4,6,63.1,289,64,43,7,1,13,36,34,2,71,5.12,0.257,0.358,0.45,0.807,0.309,1.55,56,56,87,5.45,-0.6,"$1,155,000 "
RP,Brennan,Hanifee,PIT,R,17,9,11,15,8,10,17,9,11,16,18,-,16,-,-,-,-,-,-,14,0,1,0,29,113,19,15,2,0,2,4,15,3,32,1.24,0.196,0.301,0.278,0.579,0.266,1.17,22,25,354,3.2,0.5,"$535,000 "
RP,Hector,Rondon,CHC,R,15,11,19,14,10,18,16,11,19,15,10,-,16,-,-,13,-,-,-,5,0,1,5,62,253,56,35,12,1,8,20,16,0,52,2.9,0.242,0.302,0.407,0.709,0.279,1.16,66,56,152,4.24,0.5,"$2,900,000 "
SP,Chris,Sale,STL,L,16,14,18,17,15,18,15,14,18,13,17,-,16,-,15,-,-,-,-,20,33,12,8,220.2,903,215,154,36,4,21,74,35,0,226,3.02,0.253,0.291,0.379,0.67,0.319,1.13,227,182,148,3.11,6.7,"$36,060,000 "
SP,Bailey,Ober,ARI,R,17,11,14,16,11,14,17,12,14,15,17,17,16,-,-,-,-,-,-,12,30,11,10,163.1,704,171,103,40,2,26,97,49,2,164,5.34,0.271,0.331,0.464,0.796,0.326,1.35,184,123,84,4.38,2.3,"$8,800,000 "
SP,Ron,Harvey,LV,R,14,14,14,13,13,13,15,15,14,16,12,-,15,-,-,-,-,-,-,14,32,9,13,175.1,748,174,104,48,4,18,81,55,1,124,4.16,0.254,0.312,0.415,0.726,0.287,1.31,199,180,107,4.16,3,"$535,000 "
RP,Anthony,McIver,MIN,L,15,10,12,15,11,12,14,10,12,14,11,-,15,-,-,-,-,12,-,5,0,4,3,60,276,66,45,9,1,11,33,34,2,68,4.95,0.28,0.373,0.466,0.839,0.344,1.67,50,54,90,5.14,-0.3,"$535,000 "
SP,Joey,Denton,ATL,R,15,12,13,14,12,13,16,12,13,17,-,13,15,-,-,-,4,-,-,15,33,11,11,191.2,805,184,114,39,4,27,93,58,1,156,4.37,0.252,0.308,0.427,0.736,0.285,1.26,195,200,101,4.41,2.5,"$535,000 "
SP,Tyson,Ross,MIN,R,12,13,13,11,12,12,14,14,13,-,5,-,15,13,-,13,-,-,-,18,5,0,4,27,122,36,26,4,1,5,19,10,0,16,6.33,0.33,0.38,0.523,0.903,0.344,1.7,36,24,69,5.6,-0.1,"$6,400,000 "
RP,Nick,Travieso,STL,R,13,14,14,11,12,13,15,16,15,14,-,-,15,-,-,-,-,-,-,17,6,3,2,76.1,334,86,49,29,3,5,45,26,2,51,5.31,0.29,0.35,0.458,0.808,0.331,1.47,99,66,83,3.88,0.9,"$892,500 "
SP,Garett,King,MIA,R,14,13,18,13,12,18,15,14,19,12,7,13,15,-,-,-,-,-,14,12,32,9,12,192.1,801,184,122,33,3,26,78,35,7,166,3.65,0.246,0.288,0.402,0.69,0.282,1.14,216,185,126,3.91,4.1,"$5,750,000 "
RP,Rodolfo,Martinez,BAL,R,20,12,11,18,10,10,20,13,11,20,-,-,15,-,-,-,-,-,-,3,1,4,8,77.1,335,74,50,7,0,17,33,40,0,74,3.84,0.258,0.354,0.46,0.814,0.288,1.47,70,71,116,5.92,-1.1,"$2,000,000 "
RP,Edubray,Ramos,PHI,R,16,12,17,15,11,16,16,12,17,16,14,12,15,-,-,-,-,-,-,2,0,6,2,51.1,212,46,31,6,0,9,21,13,2,47,3.68,0.234,0.283,0.401,0.684,0.261,1.15,52,51,120,4.42,0.2,"$5,000,000 "
RP,Jamie,Blair,MIL,R,13,12,14,12,11,13,14,13,14,-,-,-,15,-,-,13,-,-,-,20,0,5,3,70.1,294,66,44,15,2,5,22,24,7,46,2.82,0.252,0.323,0.382,0.705,0.285,1.28,67,81,157,3.82,0.8,"$535,000 "
RP,Tyler,Lyons,TOR,L,13,14,16,15,16,16,13,14,15,11,11,-,15,-,-,-,-,-,-,4,0,3,2,67.2,267,53,36,9,1,7,20,15,1,65,2.66,0.214,0.267,0.343,0.61,0.261,1,68,60,165,3.45,1,"$3,550,000 "
RP,Edgar E.,Garcia,CHC,R,19,7,16,18,6,16,19,7,17,16,20,-,15,-,-,-,-,-,-,6,0,7,0,68.2,264,47,31,7,0,9,18,16,1,110,2.36,0.192,0.246,0.331,0.577,0.299,0.92,36,52,187,2.51,2.2,"$1,860,000 "
SP,Trevor,Bauer,DET,R,14,13,12,14,12,11,14,14,12,15,15,15,15,-,-,-,-,-,-,13,32,15,9,181.2,759,160,102,35,1,22,82,60,0,138,4.06,0.235,0.301,0.386,0.688,0.262,1.21,218,170,109,4.43,2.4,"$15,500,000 "
SP,Eduardo,Rodriguez,TOR,L,13,13,18,14,14,18,13,13,18,13,16,-,15,-,-,-,-,-,-,16,32,15,8,197.1,801,182,115,35,2,30,90,38,2,168,4.1,0.241,0.279,0.411,0.69,0.271,1.11,218,180,108,4.14,3.3,"$25,680,000 "
SP,Andrew,Heaney,MIN,L,11,11,17,13,13,18,11,11,16,13,7,-,15,-,-,-,-,-,-,17,16,4,9,89.1,407,119,74,28,1,16,63,23,10,53,6.35,0.318,0.355,0.527,0.882,0.332,1.59,90,113,69,4.88,0.7,"$535,000 "
RP,Zach,Britton,DET,L,14,17,14,17,20,14,13,16,13,-,9,-,15,15,-,-,-,-,-,4,0,7,2,89.2,345,66,47,16,1,2,22,20,7,113,2.21,0.205,0.25,0.28,0.53,0.306,0.96,86,59,199,1.47,3.7,"$18,000,000 "
RP,Jose,Dominguez,HOU,R,20,11,11,19,10,11,20,12,11,19,10,-,15,-,13,-,-,-,-,5,0,1,5,58,258,54,37,9,2,6,32,37,3,74,4.97,0.248,0.358,0.39,0.748,0.345,1.57,47,43,89,3.87,0.6,"$3,500,000 "
RP,Jesus,Colman,-,R,13,13,12,12,12,12,14,13,13,13,1,-,15,-,-,-,-,-,-,6,7,3,8,101.1,450,107,67,23,1,16,58,38,0,90,5.15,0.264,0.33,0.443,0.773,0.301,1.43,106,98,85,4.76,0.2,Free agent
SP,Shane,Baz,DET,R,18,14,11,18,14,11,18,15,11,-,15,15,15,16,-,17,-,-,-,13,33,12,9,186.2,800,167,112,30,5,20,95,76,6,208,4.58,0.238,0.323,0.381,0.704,0.308,1.3,191,135,101,3.78,4.3,"$5,000,000 "
RP,Alex,Claudio,MIA,L,12,17,18,12,18,19,11,16,18,10,19,-,15,-,-,-,-,-,-,6,13,2,10,115.2,517,150,103,39,1,7,61,17,0,98,4.75,0.311,0.344,0.439,0.783,0.374,1.44,127,111,94,3.06,3,"$5,000,000 "
SP,Jorge,Vargas,TB,R,13,14,12,12,13,11,14,15,12,16,14,-,15,-,-,-,-,-,-,16,11,3,5,60,267,63,36,17,1,9,40,33,1,42,6,0.275,0.365,0.476,0.841,0.298,1.6,71,54,73,5.47,0.1,"$535,000 "
SP,Ben,Bowden,DET,L,16,14,11,18,15,11,16,14,11,16,20,-,15,-,-,-,-,-,-,6,0,1,1,76.1,319,59,40,10,3,6,21,35,4,99,2.48,0.208,0.295,0.329,0.623,0.296,1.23,59,64,179,2.92,2,"$4,114,000 "
SP,Marcus,Stroman,ARI,R,15,15,17,14,14,17,15,16,17,14,15,11,15,-,-,14,-,-,-,19,33,15,9,227,932,209,144,49,2,14,68,50,2,192,2.7,0.24,0.281,0.349,0.63,0.292,1.14,278,185,164,3.01,7.1,"$15,580,000 "
SP,Peter,Solomon,BOS,R,14,12,12,13,11,11,14,12,12,13,16,11,15,-,-,-,-,-,-,14,28,7,10,165.2,729,182,114,34,4,30,96,67,0,114,5.22,0.281,0.354,0.485,0.84,0.299,1.5,163,189,86,5.62,0.1,"$850,000 "
RP,Kevin,Quackenbush,TB,R,13,14,16,12,12,16,14,14,17,14,13,-,15,-,-,-,-,-,-,3,0,3,3,37.1,162,46,30,6,0,10,26,7,1,27,6.27,0.301,0.329,0.536,0.865,0.308,1.42,43,37,69,5.79,-0.5,"$1,400,000 "
SP,Jose,De Leon,COL,R,16,9,13,15,8,13,17,9,13,16,19,-,14,-,-,-,-,-,-,16,23,1,11,87,391,88,47,19,1,21,57,49,0,81,5.9,0.262,0.355,0.512,0.867,0.282,1.57,84,84,74,6.3,-0.7,"$5,260,000 "
RP,James,Kaprielian,LAA,R,14,11,15,13,11,14,14,12,15,14,8,11,14,-,-,-,-,-,-,12,9,11,6,111.1,504,139,90,23,1,25,75,47,1,97,6.06,0.308,0.375,0.53,0.904,0.344,1.67,121,97,73,5.74,-0.9,"$535,000 "
SP,Clayton,Kershaw,ATL,L,17,16,19,17,17,19,17,15,18,15,16,18,14,-,-,-,-,-,-,20,33,23,2,232,907,179,121,41,2,15,57,38,5,263,2.21,0.21,0.25,0.315,0.565,0.284,0.94,222,188,199,2.39,9.4,"$14,000,000 "
SP,Kenta,Maeda,LAA,R,13,12,16,12,11,16,14,13,17,11,-,10,14,11,-,-,13,-,-,16,6,3,0,37,155,34,23,7,0,4,13,10,0,32,3.16,0.243,0.288,0.379,0.666,0.28,1.19,39,38,140,3.76,0.8,"$4,010,000 "
RP,Justin,Dunn,BAL,R,13,13,15,12,12,15,14,13,15,14,11,-,14,-,-,-,-,-,-,9,1,4,2,82.1,365,93,46,27,3,17,56,34,2,65,6.12,0.29,0.36,0.551,0.911,0.311,1.54,90,77,71,5.69,-1,"$535,000 "
SP,Sean,Reid-Foley,TOR,R,14,15,12,14,14,11,15,15,12,15,12,15,14,-,-,-,-,-,-,15,33,14,7,202.2,845,188,131,31,5,21,78,68,0,176,3.46,0.246,0.313,0.382,0.695,0.292,1.26,217,180,127,4,3.7,"$6,200,000 "
SP,Jake,Woodford,CAR,R,13,11,13,12,10,12,14,12,13,13,17,-,14,-,-,-,-,-,-,13,32,9,11,181,774,191,125,43,2,21,76,61,5,118,3.78,0.274,0.334,0.432,0.766,0.302,1.39,218,174,114,4.47,2.1,"$3,250,000 "
SP,Juan,Rivera,SF,R,14,13,15,13,12,15,15,14,16,16,1,11,14,-,-,-,-,-,-,20,5,2,1,32,134,28,20,5,0,3,11,12,0,33,3.09,0.239,0.315,0.359,0.674,0.309,1.25,30,29,141,3.64,0.7,"$535,000 "
CL,Jeurys,Familia,NYY,R,13,15,14,12,14,13,14,16,14,13,-,-,14,-,14,-,-,-,-,4,0,3,3,61.2,252,54,35,15,0,4,28,21,4,65,4.09,0.24,0.312,0.36,0.672,0.318,1.22,57,50,108,2.98,1.7,"$18,000,000 "
RP,Adys,Portillo,COL,R,18,12,11,18,11,11,19,13,11,15,19,12,14,-,-,-,-,-,-,13,32,6,13,170.1,759,177,107,42,4,24,106,82,5,166,5.6,0.27,0.358,0.456,0.815,0.326,1.52,178,141,82,4.68,2.1,"$15,000,000 "
SP,Joe,Musgrove,DET,R,13,12,15,12,11,15,13,13,15,15,14,-,14,-,-,-,-,-,-,16,25,14,4,152.1,626,145,94,26,5,20,71,39,0,99,4.19,0.251,0.3,0.418,0.718,0.271,1.21,178,157,106,4.5,1.9,"$8,000,000 "
RP,Chase,Johnson,SF,R,14,14,15,12,13,15,15,15,16,16,4,-,14,-,-,-,-,-,-,6,0,5,0,63,242,41,24,13,1,3,16,11,0,62,2.29,0.183,0.231,0.29,0.521,0.239,0.83,77,44,190,2.59,1.6,"$1,550,000 "
SP,Matt,Wisler,MIA,R,12,13,18,12,12,17,13,14,18,13,9,11,14,-,-,-,-,-,-,16,31,5,11,165.1,726,196,119,37,4,36,104,32,0,115,5.66,0.287,0.324,0.512,0.835,0.3,1.38,200,162,79,5.4,0.5,"$6,500,000 "
SP,Nick,Pauley,HOU,R,13,12,15,12,11,15,13,13,16,14,14,-,14,-,-,-,-,-,-,13,1,0,1,30.1,137,38,23,11,0,4,19,11,0,24,5.64,0.306,0.365,0.492,0.857,0.351,1.62,25,38,78,4.59,0.1,"$535,000 "
CL,Bryan,Verbitsky,MIL,R,13,11,16,13,10,15,14,11,16,14,15,-,14,-,-,-,-,-,-,4,0,5,10,79.2,317,61,35,9,1,16,34,18,1,78,3.84,0.213,0.274,0.42,0.693,0.231,0.99,76,76,114,4.83,-0.2,"$3,400,000 "
RP,Luis,Ysla,BOS,L,16,11,13,18,13,13,16,11,12,18,1,8,14,-,-,-,-,-,-,2,0,2,2,73.1,332,80,44,22,0,14,42,36,1,74,5.15,0.276,0.354,0.497,0.85,0.324,1.58,70,66,87,5.16,-0.3,"$1,900,000 "
RP,Zack,Trageton,COL,R,13,11,16,13,10,15,14,12,16,14,-,11,14,-,-,-,-,-,-,12,0,3,2,86.2,352,71,54,11,0,6,33,26,0,77,3.43,0.224,0.291,0.315,0.606,0.274,1.12,86,87,128,3.46,1.3,"$970,000 "
SP,Chris,Nichols,BAL,R,15,13,13,15,13,13,15,14,13,-,13,5,14,-,-,17,-,-,-,16,6,3,2,31.1,141,33,23,7,0,3,24,15,0,30,6.89,0.27,0.348,0.402,0.749,0.333,1.53,28,34,65,4.03,0.5,"$535,000 "
SP,Chris,Davidek,STL,R,12,14,8,11,12,8,12,15,9,13,3,12,14,-,-,-,-,-,-,18,27,9,13,171,703,134,92,27,2,13,61,75,0,112,3.21,0.22,0.309,0.334,0.644,0.247,1.22,218,154,137,4.37,2.3,"$535,000 "
RP,Josh,Jacob,TB,L,20,9,12,20,10,13,20,8,11,18,20,-,14,-,-,-,-,-,-,13,14,1,7,69.1,316,81,49,14,0,18,53,29,0,72,6.88,0.288,0.356,0.53,0.886,0.325,1.59,57,73,64,5.91,-0.2,"$535,000 "
SP,Shane,Bieber,CLE,R,12,11,16,11,11,15,12,12,16,12,15,-,13,-,-,-,-,-,-,14,23,10,11,156.2,645,156,94,33,1,28,79,34,0,99,4.54,0.257,0.298,0.454,0.752,0.266,1.21,185,161,97,5.02,0.8,"$935,000 "
SP,Luis,Ortiz,WAS,R,11,12,16,11,11,16,12,13,16,14,4,8,13,-,-,-,-,-,-,12,33,7,12,177.1,781,209,145,38,2,24,97,46,1,125,4.92,0.289,0.333,0.447,0.781,0.321,1.44,208,177,91,4.43,2.4,"$8,500,000 "
CL,Mike,Morin,MIN,R,18,10,18,17,10,18,19,11,19,14,20,-,13,-,-,-,-,-,-,2,0,5,2,48.2,212,57,36,11,1,9,26,7,1,55,4.81,0.281,0.311,0.478,0.789,0.345,1.32,37,52,93,3.91,0.6,"$5,500,000 "
CL,Nate,Foss,POR,R,20,13,12,20,12,12,20,13,12,-,-,-,13,-,13,20,-,-,-,5,0,5,1,65,270,42,25,10,1,6,16,31,0,91,2.22,0.182,0.292,0.312,0.604,0.269,1.12,54,45,198,3.33,1.1,"$535,000 "
SP,Griffin,Canning,CLE,R,13,14,14,12,13,14,13,15,15,12,13,14,13,-,-,-,-,-,-,15,29,8,8,167,735,202,137,39,3,23,86,44,0,124,4.63,0.298,0.349,0.466,0.815,0.336,1.47,190,156,95,4.54,1.9,"$850,000 "
CL,Addison,Reed,MIL,R,10,14,13,9,13,13,11,15,14,8,7,-,13,-,-,-,-,-,-,4,0,4,6,69,283,57,35,13,2,7,28,25,4,55,3.65,0.226,0.298,0.377,0.675,0.259,1.19,60,81,121,3.99,0.8,"$8,550,000 "
RP,Tristan,Beck,POR,R,14,13,17,13,12,17,15,13,17,12,17,-,13,-,-,-,-,-,-,6,0,3,8,98.1,403,84,48,19,0,17,40,30,3,86,3.66,0.229,0.289,0.42,0.708,0.251,1.16,94,105,120,4.65,0,"$535,000 "
RP,Brooks,Pounders,-,R,14,10,15,13,10,15,14,11,16,14,15,-,13,-,-,-,-,-,-,10,12,6,6,106.2,473,131,78,25,2,26,70,29,0,84,5.91,0.298,0.345,0.542,0.887,0.317,1.5,111,111,74,5.76,-0.8,Free agent
RP,Daniel,Ozoria,LAA,R,17,13,10,15,12,9,19,15,10,-,-,-,13,16,-,-,-,-,-,7,0,4,0,81,334,56,28,19,1,8,32,43,0,87,3.56,0.196,0.303,0.353,0.656,0.249,1.22,84,60,123,4.07,0.6,"$535,000 "
RP,Trevor,Rosenthal,TOR,R,18,13,12,17,12,12,19,13,12,17,-,-,13,-,-,-,18,-,-,3,0,3,2,67.1,290,63,38,12,3,10,36,29,3,74,4.81,0.245,0.325,0.432,0.757,0.305,1.37,57,63,92,4.25,0.4,"$2,900,000 "
RP,Donnie,Hart,CLE,L,12,13,15,13,14,16,12,13,15,12,14,-,13,-,-,-,-,-,-,3,0,4,2,40,170,44,33,9,0,2,10,11,2,38,2.25,0.282,0.325,0.378,0.704,0.356,1.38,41,35,196,2.69,1.1,"$5,200,000 "
RP,Wes,Parsons,-,R,12,11,14,10,10,14,13,12,15,-,11,-,13,11,-,-,-,-,-,12,0,1,0,54,237,61,41,7,1,12,29,21,0,49,4.83,0.29,0.352,0.505,0.856,0.32,1.52,55,48,91,5.57,-0.6,Free agent
SP,Jimmy,Nelson,NYY,R,13,15,12,11,13,11,14,16,12,-,10,6,13,15,-,-,-,-,-,16,33,18,7,195,835,204,135,41,2,26,97,66,0,155,4.48,0.271,0.335,0.434,0.769,0.308,1.38,224,171,98,4.57,2.2,"$8,500,000 "
SP,Alex,Reyes,LAD,R,17,12,11,17,12,11,17,13,11,16,18,14,12,-,-,-,-,-,-,12,31,8,10,157.1,675,137,77,31,4,25,77,62,0,173,4.4,0.232,0.313,0.425,0.739,0.282,1.26,156,126,99,4.51,1.8,"$15,000,000 "
RP,Liam,Hendriks,-,R,12,11,19,12,11,18,12,12,19,12,13,12,12,-,-,-,-,-,-,5,2,4,4,84,359,92,56,24,1,11,36,19,4,73,3.86,0.277,0.317,0.455,0.771,0.321,1.32,69,102,113,3.84,1,Free agent
RP,Ben,Taylor,-,R,14,10,11,13,9,11,15,10,12,13,17,-,12,-,-,-,-,-,-,5,1,3,3,95.1,448,110,60,22,5,23,66,63,4,81,6.23,0.289,0.391,0.554,0.944,0.312,1.81,91,100,72,6.63,-2,Free agent
RP,Yadier,Alvarez,LAD,R,15,13,10,14,12,10,16,14,11,15,-,11,12,-,-,-,-,-,-,12,0,5,7,74.1,312,60,45,9,2,4,25,35,1,76,3.03,0.224,0.324,0.317,0.641,0.296,1.28,75,58,144,3.5,1.1,"$535,000 "
SP,Jonathan,Cormier,CAR,L,16,11,14,16,11,14,16,11,14,-,-,12,12,-,13,15,13,-,15,20,6,2,1,33.2,150,40,28,6,0,6,23,12,1,26,6.15,0.292,0.349,0.467,0.816,0.324,1.54,40,31,70,5.02,0.2,"$535,000 "
RP,Jose,Urena,CIN,R,13,13,16,11,11,16,14,14,17,-,11,-,12,14,-,-,-,-,-,11,0,4,4,54,234,47,32,10,1,4,16,25,0,41,2.67,0.229,0.308,0.346,0.654,0.262,1.33,62,54,167,4.1,0.4,"$4,050,000 "
RP,Christopher,Bonilla,LAA,R,19,11,10,19,11,10,18,11,10,15,19,-,12,-,-,-,18,-,-,12,26,10,9,149.1,630,129,77,26,2,24,81,64,0,169,4.88,0.233,0.317,0.417,0.734,0.288,1.29,143,113,90,4.5,1.7,"$535,000 "
SP,Andrew,Summerville,BOS,L,13,11,14,14,12,14,13,11,13,13,15,11,12,-,-,-,-,-,-,12,31,7,11,167.1,753,203,126,48,2,27,107,51,0,122,5.75,0.298,0.354,0.493,0.847,0.328,1.52,180,182,78,5.02,1.2,"$535,000 "
SP,Zack,Wheeler,CIN,R,14,12,12,14,11,12,15,12,12,13,17,15,12,-,-,-,-,-,-,14,3,0,1,25.2,107,21,13,3,0,5,8,8,0,29,2.81,0.216,0.29,0.402,0.692,0.254,1.13,18,29,158,4.71,0.1,"$11,550,000 "
SP,Zaire,Cager,LV,R,13,12,11,12,11,11,13,13,11,14,9,-,12,-,14,-,-,-,-,15,0,4,6,67,292,64,39,16,3,6,24,33,2,59,3.22,0.253,0.346,0.411,0.757,0.309,1.45,78,54,138,4.19,0.6,"$535,000 "
RP,Cory,Taylor,MIA,R,14,12,17,13,11,16,16,13,18,-,6,-,12,15,-,-,-,-,-,12,2,3,3,54.1,243,60,32,13,0,15,41,24,0,43,6.79,0.279,0.354,0.549,0.903,0.283,1.55,58,56,66,6.71,-1.1,"$1,200,000 "
RP,Joe,Biagini,WAS,R,13,15,17,12,14,16,14,16,17,14,4,-,12,-,-,-,-,-,-,4,0,7,1,98.1,405,91,65,12,3,11,34,20,2,81,3.11,0.239,0.282,0.374,0.656,0.277,1.13,122,82,144,3.72,1.2,"$4,000,000 "
SP,Carlos,Carrasco,CIN,R,12,12,18,11,11,17,12,13,18,12,11,11,12,11,-,-,-,-,-,14,14,3,6,78.2,340,90,56,26,1,7,43,21,0,60,4.92,0.288,0.329,0.446,0.775,0.333,1.41,95,72,90,3.7,1.8,"$27,490,000 "
SP,Albert,Abreu,NYY,R,13,13,10,13,12,10,13,14,10,15,14,13,12,-,-,-,-,-,-,12,28,4,16,136,627,160,106,23,5,26,112,68,0,96,7.41,0.293,0.371,0.495,0.867,0.311,1.68,168,127,60,5.93,-0.4,"$535,000 "
RP,Chris J.,Diaz,SF,L,13,13,17,14,14,18,12,13,17,12,15,-,12,-,-,-,-,-,-,10,0,3,1,83.1,345,83,56,18,1,8,32,12,1,79,3.46,0.254,0.283,0.388,0.671,0.31,1.14,81,84,126,3.09,1.6,"$2,440,000 "
RP,Jonathan,Holder,NYY,R,18,11,17,18,10,17,18,11,17,14,13,19,12,-,-,-,-,-,-,5,0,3,2,76.2,338,85,59,11,1,14,46,29,2,81,5.4,0.282,0.355,0.465,0.82,0.341,1.49,66,70,82,4.82,-0.1,"$9,000,000 "
CL,Matt,Hill,TB,R,15,14,16,14,13,15,16,16,16,17,-,-,12,-,-,-,-,-,-,5,0,5,6,85.2,388,96,66,19,2,9,53,37,2,63,5.57,0.279,0.354,0.424,0.778,0.318,1.55,106,78,79,4.53,0.2,"$535,000 "
RP,Shane,Greene,CHC,R,11,15,14,11,14,14,12,15,14,11,12,-,12,-,-,12,-,-,-,11,32,11,9,178,744,172,124,36,1,11,64,40,1,120,3.24,0.257,0.309,0.363,0.671,0.294,1.19,225,162,136,3.62,4.1,"$8,800,000 "
RP,Junior,Fernandez,NYM,R,18,9,12,17,8,12,20,10,12,19,5,-,12,-,-,-,-,-,-,14,0,2,4,37,169,43,25,9,2,7,31,18,1,33,7.54,0.291,0.367,0.52,0.887,0.327,1.65,30,42,59,5.4,-0.3,"$535,000 "
RP,Henry,Valencio,TB,R,18,11,11,18,11,11,18,11,11,17,-,-,12,-,11,15,-,-,-,7,25,4,10,140.2,592,126,71,36,1,18,64,50,0,140,4.09,0.237,0.31,0.411,0.72,0.287,1.25,149,116,107,4.16,2,"$535,000 "
SP,Scott,Moss,CHC,L,11,11,15,12,13,15,10,11,14,13,12,-,12,-,-,-,-,-,-,12,0,1,1,72.2,303,65,41,17,1,6,34,23,1,62,4.21,0.24,0.311,0.376,0.688,0.288,1.21,74,72,105,3.79,0.8,"$535,000 "
SP,Luis,Severino,PHI,R,17,14,15,16,13,15,17,14,15,17,20,-,11,-,-,-,-,-,-,12,33,18,7,190.2,785,179,129,25,0,25,78,46,1,202,3.68,0.247,0.293,0.384,0.678,0.306,1.18,198,151,120,3.63,4.4,"$14,000,000 "
SP,Robert,Gsellman,NYY,R,10,13,14,9,12,13,11,14,14,-,10,-,11,13,-,-,-,-,-,15,10,7,4,130,543,121,74,29,2,16,59,40,3,112,4.08,0.244,0.304,0.408,0.712,0.285,1.24,144,120,108,4.07,1.4,"$10,000,000 "
SP,Luis,Salazar,SEA,R,15,10,15,15,9,15,15,10,15,11,4,18,11,-,12,-,-,-,-,14,36,7,13,188.1,801,185,107,44,3,31,97,56,2,173,4.64,0.256,0.32,0.454,0.775,0.295,1.28,183,183,94,4.65,1.9,"$535,000 "
SP,Juan,Villa,BOS,R,16,11,10,15,11,10,16,12,11,19,13,-,11,-,-,-,-,-,-,14,24,7,10,126.2,562,127,76,23,2,26,79,63,0,99,5.61,0.263,0.352,0.481,0.834,0.277,1.5,147,116,80,6.03,-0.4,"$535,000 "
RP,Jacob,Faria,MIL,R,17,9,15,17,9,15,17,10,15,16,18,10,11,-,-,-,-,-,-,17,18,5,9,126.1,553,128,81,21,3,23,77,54,1,125,5.49,0.263,0.341,0.461,0.802,0.307,1.44,92,147,79,5.03,0.3,"$990,000 "
SP,Ryan,Butler,TOR,R,13,14,12,12,13,12,14,15,12,17,13,-,11,-,-,-,-,-,-,8,12,9,4,113,489,98,68,19,0,11,47,51,0,100,3.74,0.227,0.314,0.348,0.662,0.271,1.32,110,117,117,4.22,1.1,"$950,000 "
SP,Ben,Volpe,CWS,R,15,12,14,15,12,13,15,13,14,13,15,-,11,-,14,-,9,-,-,12,32,6,12,172.2,749,175,111,34,5,25,98,58,0,122,5.11,0.261,0.33,0.439,0.769,0.284,1.35,208,165,87,4.99,1.2,"$535,000 "
SP,Brad,Keller,SEA,R,10,12,16,10,11,16,11,13,17,13,12,-,11,-,-,-,-,-,-,14,0,0,1,35.2,156,43,29,10,0,4,20,8,0,26,5.05,0.291,0.327,0.439,0.766,0.331,1.43,42,35,86,3.94,0.3,"$850,000 "
SP,Jharel,Cotton,ARI,R,15,10,15,15,9,14,16,10,15,15,18,10,11,-,-,-,-,-,-,13,32,8,9,178.2,738,152,89,35,4,24,73,56,2,159,3.68,0.228,0.294,0.401,0.695,0.263,1.16,164,195,120,4.28,2.7,"$5,000,000 "
SP,Ty,Blach,STL,L,12,13,16,12,14,17,12,12,16,13,14,9,11,-,-,-,-,-,-,16,29,7,9,173,718,171,128,21,1,21,76,39,0,131,3.95,0.258,0.306,0.388,0.694,0.291,1.21,197,166,111,4.16,2.8,"$14,600,000 "
RP,Alex,Scherff,MIL,R,19,13,8,18,13,8,19,14,8,16,20,-,11,-,-,-,-,-,-,12,0,6,7,76,334,51,35,10,1,5,28,54,5,100,3.32,0.188,0.334,0.288,0.622,0.275,1.38,62,58,134,3.66,1.1,"$535,000 "
RP,Matt,Strahm,LV,L,16,11,16,17,12,16,16,11,16,16,11,15,11,-,-,-,-,-,-,5,0,4,6,54.1,227,50,33,10,0,7,20,19,1,62,3.31,0.246,0.308,0.399,0.707,0.316,1.27,40,56,131,3.66,0.6,"$1,900,000 "
SP,Franklin E.,Perez,HOU,R,18,11,16,17,11,16,18,12,16,15,19,18,10,-,-,-,-,-,-,13,32,15,7,178.2,743,170,108,26,5,31,76,42,0,197,3.83,0.247,0.298,0.435,0.733,0.301,1.19,158,162,115,4.18,2.9,"$4,500,000 "
RP,Thyago,Vieira,SEA,R,15,14,11,14,13,11,16,15,12,18,-,-,10,-,-,-,-,-,-,4,0,3,5,55,253,69,49,12,1,7,25,21,2,53,4.09,0.304,0.365,0.458,0.823,0.367,1.64,61,45,107,4.14,0.4,"$1,050,000 "
SP,Kevin,Gausman,CLE,R,13,12,15,12,12,15,13,13,15,14,14,-,10,-,12,-,-,-,-,16,30,9,11,176,760,192,118,48,5,21,90,49,1,136,4.6,0.28,0.33,0.456,0.786,0.318,1.37,216,153,95,4.21,2.7,"$7,500,000 "
SP,Will,Ethridge,SEA,R,9,14,16,7,11,14,11,16,17,10,1,-,10,12,-,-,-,-,-,12,15,5,6,75.1,327,80,50,17,1,12,37,23,0,41,4.42,0.275,0.338,0.464,0.802,0.281,1.37,80,91,99,5.45,0.1,"$535,000 "
SP,Nathan,Eovaldi,MIL,R,11,14,14,11,13,13,12,14,14,13,-,-,10,-,13,11,-,-,-,17,16,4,5,92,410,106,57,31,0,18,55,29,0,64,5.38,0.283,0.333,0.511,0.844,0.299,1.47,98,104,82,5.37,0.2,"$3,200,000 "
RP,Juan,Trejo,PHI,L,18,10,15,20,11,16,18,9,15,19,12,-,10,-,-,-,-,-,-,12,25,15,8,161,631,134,86,29,3,16,53,30,2,160,2.96,0.226,0.264,0.365,0.63,0.281,1.02,152,150,149,3.13,4.6,"$535,000 "
SP,Lewis,Thorpe,ARI,L,14,14,15,15,16,16,14,14,15,14,17,15,10,-,-,-,-,-,-,13,33,13,10,194,783,162,98,45,3,16,69,49,1,192,3.2,0.224,0.274,0.36,0.635,0.281,1.09,204,163,138,3.15,5.7,"$13,500,000 "
RP,Sean,Lauff,LAA,R,19,14,11,17,13,10,20,15,11,-,19,-,9,14,-,-,-,-,-,17,19,6,8,122,561,142,86,32,7,17,85,52,0,79,6.27,0.289,0.362,0.487,0.848,0.312,1.59,161,112,70,5.24,0.2,"$535,000 "
SP,Gerrit,Cole,NYY,R,10,13,16,9,12,16,10,14,16,12,6,9,9,-,-,-,-,-,-,15,23,7,7,131.1,559,132,84,22,3,23,67,42,0,87,4.59,0.262,0.329,0.455,0.784,0.275,1.32,138,142,97,5.39,0.3,"$1,400,000 "
SP,Luis,Fraijo,BOS,R,13,15,10,12,14,10,13,16,10,-,9,5,9,13,16,-,-,-,-,12,5,0,3,28.2,143,46,27,12,0,7,25,11,0,24,7.85,0.362,0.418,0.622,1.04,0.402,1.99,34,23,57,6.13,-0.2,"$535,000 "
SP,Julio,Urias,LAD,L,14,15,17,14,16,17,14,15,17,16,15,11,9,-,-,-,-,-,-,12,33,19,9,194,781,171,126,34,5,6,53,32,0,177,2.46,0.234,0.274,0.318,0.592,0.299,1.05,209,171,178,2.48,7.4,"$16,700,000 "
SP,Cal,Quantrill,CAR,R,14,12,14,13,12,13,14,13,14,14,13,16,9,-,-,-,-,-,-,11,26,12,9,151.2,657,169,110,41,3,15,80,48,0,132,4.75,0.286,0.344,0.442,0.786,0.344,1.43,154,143,91,3.88,2.6,"$1,289,350 "
RP,Mike,Penner,DET,R,18,13,15,16,11,14,19,14,15,20,-,-,9,-,-,-,-,-,-,1,0,3,1,51,214,45,28,8,2,7,19,20,1,55,3.35,0.236,0.31,0.408,0.718,0.292,1.27,49,43,132,4.07,0.4,"$535,000 "
RP,Mike,Anderson,LV,R,17,11,7,16,10,7,18,12,8,19,3,6,9,-,-,-,-,-,-,12,0,5,2,66.1,290,51,28,12,3,8,26,45,2,69,3.53,0.213,0.339,0.389,0.728,0.261,1.45,63,54,127,4.79,0,"$535,000 "
RP,Kevin,Davis,MIA,R,20,14,6,20,15,6,19,13,6,14,20,17,8,-,-,-,-,-,-,15,1,4,1,86.1,399,68,44,15,3,6,38,72,0,117,3.96,0.212,0.366,0.334,0.7,0.313,1.62,69,63,111,4.17,0.6,"$535,000 "
RP,Roberto,Osuna,-,R,12,12,15,12,11,15,13,12,16,12,15,-,8,-,-,-,-,-,-,5,0,0,5,77.2,339,80,47,15,2,16,40,22,1,48,4.64,0.257,0.308,0.473,0.78,0.256,1.31,82,99,94,5.6,-0.9,Free agent
SP,Joe,Ross,MIA,R,11,14,19,10,12,18,11,15,19,11,11,-,7,13,-,-,-,-,-,14,33,11,9,209.2,858,203,136,42,6,19,74,30,0,134,3.18,0.251,0.283,0.389,0.671,0.278,1.11,276,194,139,3.71,4.6,"$12,100,000 "
CL,Eric,Norton,LV,L,13,13,10,13,13,10,13,12,10,12,15,-,7,-,8,-,-,-,-,17,0,3,1,106.2,475,113,67,38,0,8,50,47,4,75,4.22,0.273,0.353,0.423,0.775,0.315,1.5,121,108,106,4.19,0.7,"$535,000 "
SP,Clarke,Schmidt,CIN,R,12,15,16,12,13,15,12,16,16,-,13,13,7,14,-,-,-,-,-,16,29,9,14,178,760,179,118,46,3,12,92,53,0,117,4.65,0.262,0.32,0.39,0.71,0.298,1.3,231,169,96,3.86,3.6,"$4,500,000 "
SP,Zach,Davies,BAL,R,13,15,16,13,15,16,13,15,17,13,16,6,7,-,-,11,-,-,-,11,30,16,4,183,725,150,92,43,1,14,59,38,1,125,2.9,0.225,0.275,0.355,0.63,0.256,1.03,230,169,153,3.65,4.2,"$15,000,000 "
CL,Mauricio,Cabrera,ATL,R,19,15,14,17,13,13,20,16,14,18,-,-,7,15,-,-,-,-,-,2,0,2,2,56.2,234,49,33,9,0,7,23,18,1,68,3.65,0.231,0.3,0.373,0.673,0.307,1.18,53,41,120,3.53,1.1,"$15,080,000 "
SP,Phil,Kaylor,CWS,R,17,12,13,17,11,13,18,12,14,19,16,-,7,-,-,-,-,-,-,12,26,8,8,145,594,125,72,27,4,22,68,44,0,136,4.22,0.232,0.293,0.42,0.713,0.269,1.17,151,129,103,4.34,2,"$535,000 "
SP,Jacob,deGrom,NYM,R,5,10,16,5,9,15,5,10,16,6,5,4,6,-,-,-,-,-,-,17,6,6,4,86.1,381,98,60,16,1,21,58,31,2,43,6.05,0.287,0.34,0.523,0.864,0.271,1.49,83,123,72,6.44,-1.6,"$20,520,000 "
SP,Eric,Skoglund,PIT,L,12,10,14,12,11,14,12,10,14,12,14,13,6,-,-,-,-,-,-,16,26,6,10,154.1,659,163,108,34,2,19,77,53,10,132,4.49,0.279,0.345,0.442,0.787,0.331,1.4,139,161,98,4.13,2.5,"$950,000 "
SP,Dae-hwan,Kwak,NYM,L,12,13,17,12,14,18,12,12,16,-,12,14,5,-,-,12,-,-,-,8,27,5,14,135.1,593,152,102,30,7,13,69,34,0,92,4.59,0.282,0.328,0.436,0.764,0.315,1.37,181,114,95,4.04,2.3,"$6,000,000 "
RP,Eddie,Grimes,LAA,R,17,12,10,17,12,10,17,13,11,18,7,5,-,-,-,-,-,-,-,17,6,0,2,32.1,151,38,23,7,1,7,24,19,0,20,6.68,0.29,0.377,0.519,0.897,0.295,1.76,33,39,66,6.61,-0.3,"$535,000 "
RP,Melvin,Jimenez,NYM,R,20,10,11,20,10,10,20,11,11,18,10,16,-,-,-,-,-,-,-,13,18,1,9,137,611,128,83,21,1,23,81,69,2,155,5.32,0.242,0.334,0.417,0.751,0.297,1.44,99,140,82,4.77,0.6,"$535,000 "
RP,Jose Mn.,Martinez,CAR,R,18,12,11,19,12,11,17,12,11,18,-,8,-,-,14,-,-,-,-,4,0,4,4,54.1,243,45,21,17,0,7,21,37,7,66,3.48,0.221,0.346,0.407,0.753,0.29,1.51,56,35,124,4.28,0.3,"$535,000 "
SP,Juan,Moroles,CLE,R,16,13,12,16,12,11,16,14,12,-,-,15,-,12,17,-,-,-,-,20,14,8,1,85.2,373,104,72,11,7,14,44,28,0,57,4.62,0.305,0.358,0.501,0.859,0.331,1.54,82,96,96,5.08,0.5,"$535,000 "
RP,Chris,Beeson,CIN,R,20,15,11,20,14,10,20,16,11,20,-,18,-,-,-,-,-,-,-,8,0,1,6,69,279,39,23,13,0,3,23,30,3,93,3,0.157,0.247,0.246,0.493,0.235,1,54,57,148,2.31,2.8,"$535,000 "
RP,Joe,Boyle,CHC,R,19,12,7,20,11,7,19,12,7,18,7,16,-,-,-,-,-,-,-,17,0,2,5,76.1,345,53,36,9,1,7,34,61,2,90,4.01,0.196,0.358,0.315,0.673,0.263,1.49,72,58,109,4.74,-0.1,"$535,000 "
SP,Gilberto,Mendoza,SF,R,20,13,15,20,13,15,20,13,16,-,11,17,-,-,19,18,-,-,-,15,28,11,7,173.2,705,138,101,19,3,15,51,57,0,207,2.64,0.217,0.289,0.327,0.616,0.296,1.12,171,119,165,3.13,5,"$535,000 "
RP,Wladimir,Pinto,SEA,R,18,11,11,20,11,11,17,11,11,19,4,12,-,-,-,-,-,-,-,4,0,7,2,73,289,48,31,5,1,11,16,22,3,98,1.97,0.183,0.251,0.336,0.587,0.24,0.96,55,61,222,3.41,1.4,"$4,380,000 "
RP,Keaton,Carattini,POR,R,19,11,12,19,11,12,19,11,12,18,6,16,-,-,-,-,-,-,-,11,11,4,3,55.1,238,49,31,8,1,9,29,25,0,37,4.72,0.24,0.336,0.422,0.758,0.248,1.34,58,60,93,5.73,-0.1,"$535,000 "
SP,Jorge,Flores,PHI,L,17,13,10,17,14,11,16,12,10,18,9,-,-,-,15,-,-,-,14,16,32,9,13,196.2,832,181,118,32,3,28,88,68,1,208,4.03,0.244,0.31,0.408,0.718,0.298,1.27,203,154,110,4.12,3.3,"$535,000 "
RP,Lucas,Giolito,ATL,R,18,10,15,18,10,15,18,10,15,18,9,15,-,-,-,-,-,-,-,14,0,4,0,66.2,272,63,39,14,3,7,28,11,1,63,3.78,0.249,0.281,0.411,0.693,0.299,1.11,65,64,116,3.28,1.1,"$6,440,000 "
CL,Takayuki,Kawabata,TB,R,20,12,12,20,11,12,20,13,13,18,-,20,-,-,-,-,-,-,-,9,0,3,8,71,293,46,30,6,1,9,26,41,6,87,3.3,0.185,0.307,0.327,0.634,0.242,1.23,50,66,140,4.07,1,"$16,000,000 "
RP,Levi,Kelly,PHI,R,18,12,11,18,12,10,18,12,11,17,17,8,-,-,-,-,-,-,-,14,0,4,1,67.1,268,37,25,7,1,4,20,32,0,70,2.67,0.161,0.263,0.252,0.515,0.208,1.02,58,67,165,3.43,1,"$535,000 "
RP,Michael,Kopech,LAD,R,20,13,9,20,12,9,20,14,9,19,13,20,-,-,-,-,-,-,-,8,0,3,0,72.2,321,50,31,11,2,6,37,52,0,109,4.58,0.191,0.328,0.317,0.645,0.297,1.4,55,50,95,3.57,0.9,"$11,250,000 "
RP,Greg,Bybee,ATL,R,20,12,12,20,11,12,20,13,13,20,-,15,-,-,-,-,-,-,-,19,0,6,4,72.1,302,63,46,11,0,6,27,31,1,95,3.36,0.235,0.317,0.343,0.66,0.341,1.3,60,51,131,3.01,1.8,"$535,000 "
RP,Jhoan,Duran,CAR,R,18,11,12,18,11,11,18,12,12,18,7,16,-,-,-,-,-,-,-,12,6,2,5,95.2,401,78,45,15,3,15,49,46,1,97,4.61,0.223,0.312,0.413,0.725,0.264,1.3,91,87,94,4.69,0.2,"$650,000 "
RP,Luis,Estrada,LV,R,15,12,9,15,12,9,15,12,9,15,6,-,-,-,-,14,-,-,-,12,0,3,5,76.2,349,68,45,14,2,7,42,61,3,62,4.93,0.239,0.376,0.375,0.752,0.282,1.68,88,63,91,5.19,-0.4,"$535,000 "
RP,Billy,Seal,SEA,R,19,12,10,19,12,10,19,12,10,19,-,-,-,-,15,-,-,-,-,5,0,4,1,84.1,362,65,42,12,0,11,30,61,3,69,3.2,0.223,0.361,0.378,0.739,0.254,1.49,93,68,137,5.5,-0.8,"$535,000 "
RP,Mason,Thompson,SF,R,18,11,13,18,11,13,18,11,13,17,14,17,-,-,-,-,-,-,-,7,0,2,8,66,278,54,35,10,2,7,27,22,1,86,3.68,0.219,0.302,0.36,0.662,0.303,1.15,51,55,118,3.36,1.4,"$535,000 "
RP,Juan,Valle,CWS,R,20,11,12,20,12,12,19,11,12,-,16,11,-,-,-,17,-,-,-,7,7,1,3,39.2,183,50,24,10,1,15,30,16,0,46,6.81,0.305,0.372,0.652,1.024,0.337,1.66,35,33,65,7.23,-0.9,"$535,000 "
RP,Acie,Voltaire,TEX,R,18,13,7,18,12,7,18,13,7,19,2,13,-,-,-,-,-,-,-,12,0,5,4,66.1,268,42,27,12,3,0,7,36,0,78,0.95,0.186,0.302,0.265,0.567,0.282,1.18,72,37,461,2.64,2.1,"$535,000 "
SP,Chris,Abraham,CAR,R,14,12,16,14,12,16,13,13,16,16,7,15,-,-,15,-,-,-,-,19,3,1,2,25.1,106,24,14,6,1,3,11,8,0,19,3.91,0.253,0.314,0.432,0.746,0.284,1.26,32,22,111,4.37,0.2,"$535,000 "
RP,Jose,Albertos,DET,R,19,12,12,20,12,12,19,12,12,17,19,12,-,-,-,-,-,-,-,12,7,3,8,103.2,427,93,56,24,0,13,45,27,0,137,3.91,0.235,0.289,0.395,0.684,0.325,1.16,80,82,114,3.12,2.3,"$1,375,000 "
RP,Domingo,German,CWS,R,15,13,13,15,12,12,15,13,13,16,15,13,-,-,-,-,-,-,-,10,3,2,2,80.2,375,95,65,17,2,11,40,38,1,74,4.46,0.292,0.373,0.458,0.831,0.344,1.65,79,80,99,4.81,0,"$1,050,000 "
RP,Kelvin,Herrera,BOS,R,17,14,15,17,14,15,17,14,16,17,17,11,-,-,-,-,-,-,-,1,0,3,0,52.2,227,46,32,9,0,5,20,21,2,70,3.42,0.228,0.305,0.347,0.652,0.32,1.27,54,32,129,3.04,1.3,"$14,000,000 "
SP,Grant,Holmes,CLE,R,16,12,11,16,12,11,16,12,11,15,16,19,-,-,-,-,-,-,-,14,33,14,4,186,780,170,110,32,2,26,76,66,0,180,3.68,0.242,0.311,0.405,0.716,0.289,1.27,185,168,119,4.31,2.7,"$17,250,000 "
RP,Chiah-jen,Liu,ARI,R,20,9,14,20,9,13,20,9,14,-,-,20,-,-,-,17,-,-,-,12,0,5,4,81.2,341,66,32,13,0,21,43,30,4,114,4.74,0.215,0.288,0.463,0.751,0.26,1.18,63,63,93,4.85,-0.2,"$7,000,000 "
RP,Matt,Manning,COL,R,16,13,12,16,13,12,16,13,12,15,14,17,-,-,-,-,-,-,-,8,21,6,7,123,540,127,84,21,2,20,77,49,1,121,5.63,0.263,0.331,0.44,0.771,0.311,1.43,133,103,82,4.61,1.4,"$535,000 "
RP,Carlos,Martinez,LAA,R,17,14,10,17,13,10,17,14,10,14,16,18,-,-,-,-,-,-,-,13,32,10,10,182.1,790,184,123,40,1,20,79,69,0,145,3.9,0.261,0.331,0.406,0.737,0.301,1.39,221,151,118,4.35,3,"$12,750,000 "
SP,Tommy,Martinucci,TEX,L,16,11,13,16,12,14,16,11,13,18,-,12,-,-,15,-,-,-,7,16,32,10,9,197.2,827,179,109,35,5,30,95,62,0,171,4.33,0.244,0.307,0.427,0.735,0.273,1.22,180,215,102,4.62,2.2,"$535,000 "
SP,Jorge,Navarro,CHC,R,13,10,16,14,10,15,13,11,16,17,5,11,-,-,-,-,-,-,-,12,12,2,4,62,282,86,49,14,0,23,45,16,0,51,6.53,0.327,0.367,0.643,1.009,0.332,1.65,64,58,67,7.27,-1,"$1,300,000 "
SP,Jeremy,Ovalle,STL,R,12,15,12,13,14,12,12,15,12,14,4,16,-,-,11,-,-,-,-,11,24,4,10,117.1,508,115,81,23,1,10,57,49,0,88,4.37,0.257,0.329,0.38,0.71,0.297,1.4,149,98,100,4.16,1.9,"$950,000 "
SP,Fernando,Romero,POR,R,13,10,14,13,10,14,13,10,15,17,12,13,-,-,-,-,-,-,-,17,32,10,15,186.2,773,169,100,35,4,30,94,63,0,139,4.53,0.243,0.31,0.435,0.745,0.262,1.24,199,192,97,4.99,1.2,"$950,000 "
SP,Jameson,Taillon,WAS,R,14,16,18,14,16,17,14,17,18,16,15,16,-,-,-,-,-,-,-,8,32,15,6,167.2,681,160,102,38,4,16,69,32,0,137,3.7,0.252,0.293,0.399,0.692,0.295,1.15,189,148,120,3.57,4,"$21,000,000 "
RP,Logan,Webb,SEA,R,17,9,11,17,9,11,17,9,11,17,6,17,-,-,-,-,-,-,-,13,0,4,4,56,257,65,37,19,2,7,29,29,3,63,4.66,0.295,0.387,0.495,0.882,0.382,1.68,42,52,94,4.3,0.3,"$535,000 "
SP,Ernesto,Acevedo,SF,R,15,11,13,15,10,13,16,11,14,16,4,7,-,13,15,-,-,-,-,20,5,1,2,30.2,129,25,15,7,0,3,14,11,0,36,4.11,0.219,0.294,0.36,0.653,0.293,1.17,31,23,106,3.37,0.8,"$535,000 "
SP,Miguel,Almonte,TB,R,17,12,15,17,11,14,17,12,15,16,20,14,-,-,-,-,-,-,-,11,22,5,10,125.2,537,127,75,29,0,23,71,38,1,111,5.08,0.264,0.324,0.468,0.792,0.294,1.31,130,116,87,4.96,0.7,"$18,000,000 "
SP,Juan,Calvillo,CWS,R,20,11,15,20,11,15,20,11,16,11,2,20,-,-,11,-,-,-,-,8,25,8,10,139.2,562,102,51,21,4,26,52,41,0,176,3.35,0.198,0.258,0.406,0.664,0.24,1.02,123,111,132,4.09,2.2,"$535,000 "
SP,Jack,Carey,ATL,R,13,12,14,13,12,14,13,12,15,16,16,13,-,-,-,-,-,-,-,17,32,10,7,182.1,795,204,137,41,3,23,92,59,0,134,4.54,0.287,0.344,0.45,0.794,0.323,1.44,214,172,97,4.51,2.2,"$535,000 "
RP,Carl,Edwards Jr.,-,R,18,8,7,19,8,7,18,9,7,14,10,20,-,-,-,-,-,-,-,3,0,3,4,34,151,40,15,11,0,14,28,14,1,36,7.41,0.294,0.358,0.684,1.041,0.299,1.59,33,27,60,7.65,-1.4,Free agent
RP,Jeremiah,Estrada,LAA,R,15,14,15,16,14,15,14,14,15,17,4,14,-,-,-,-,-,-,-,14,24,8,10,135.2,608,154,98,36,3,17,90,40,0,78,5.97,0.284,0.347,0.455,0.802,0.302,1.43,176,142,73,4.99,0.9,"$535,000 "
SP,Jason,Groome,BOS,L,16,13,15,15,13,16,16,12,15,15,12,19,-,-,-,-,-,-,-,7,29,5,7,151,649,160,102,37,1,20,79,37,1,160,4.71,0.267,0.319,0.432,0.752,0.333,1.3,140,136,95,3.79,3.2,"$535,000 "
SP,Mike,Hatem,NYM,R,15,10,13,15,10,13,14,11,13,-,12,17,-,-,12,15,-,-,-,14,11,1,5,58.2,266,62,34,15,1,12,39,29,2,51,5.98,0.264,0.347,0.489,0.837,0.291,1.55,63,58,73,5.62,-0.1,"$535,000 "
SP,Adrian,Houser,TEX,R,12,14,13,12,14,13,12,15,13,14,10,14,-,-,-,-,-,-,-,13,32,8,15,161.1,728,197,126,44,1,26,98,55,0,109,5.47,0.301,0.363,0.49,0.853,0.327,1.56,189,159,82,5.24,0.7,"$1,200,000 "
SP,Dusty,Jackson,DET,L,20,10,14,20,11,15,20,10,13,16,17,5,-,-,18,-,-,-,-,15,32,13,4,185.1,758,145,91,26,2,26,67,58,0,250,3.25,0.211,0.282,0.369,0.65,0.29,1.1,167,124,136,3.48,4.7,"$535,000 "
SP,Mitch,Keller,LV,R,14,11,15,14,11,15,14,11,15,16,11,18,-,-,-,-,-,-,-,15,33,15,11,192,810,192,100,56,4,32,91,56,2,168,4.27,0.261,0.319,0.479,0.798,0.297,1.29,185,197,105,4.65,2.1,"$2,982,000 "
RP,Franklyn,Kilome,STL,R,17,9,13,18,9,12,17,9,13,17,13,17,-,-,-,-,-,-,-,13,11,7,4,113.1,462,82,54,13,2,13,41,43,0,114,3.26,0.2,0.278,0.337,0.614,0.24,1.1,95,122,135,3.97,1.5,"$950,000 "
CL,Corey,Knebel,WAS,R,20,12,17,20,11,16,20,13,17,18,-,-,-,-,-,-,-,-,20,2,0,3,7,61,244,38,21,9,0,8,18,17,3,91,2.66,0.175,0.255,0.327,0.582,0.25,0.9,42,46,168,3.02,1.8,"$19,000,000 "
RP,Lazaro,Leyva,TEX,R,17,13,10,18,13,10,17,14,11,17,17,16,-,-,-,-,-,-,-,7,0,5,6,84.1,389,82,47,20,5,10,51,59,10,99,5.44,0.254,0.367,0.44,0.807,0.33,1.67,73,71,85,4.24,0.6,"$2,200,000 "
RP,Brendon,Little,LAA,L,15,14,10,12,12,9,16,14,10,16,12,15,-,-,-,-,-,-,-,12,23,6,5,125.2,536,113,74,23,4,12,53,56,0,95,3.8,0.241,0.332,0.385,0.717,0.277,1.34,135,123,115,4.55,1.4,"$535,000 "
SP,Corbin,Martin,CIN,R,16,13,11,17,13,11,16,13,11,17,12,19,-,-,-,-,-,-,-,12,26,12,5,163.1,662,121,83,25,1,12,46,55,0,160,2.53,0.206,0.287,0.313,0.6,0.261,1.08,173,136,175,3.5,3.9,"$5,000,000 "
SP,Humberto,Mejia,WAS,R,13,10,15,13,10,14,12,10,15,16,9,14,-,-,-,-,-,-,-,12,14,7,4,93.1,405,101,67,22,0,12,38,30,3,76,3.66,0.276,0.329,0.434,0.764,0.316,1.4,103,88,122,4.21,1.3,"$535,000 "
SP,James,Paxton,TEX,L,11,11,17,12,11,17,11,11,17,14,5,-,-,-,-,11,-,-,11,16,33,12,11,199.1,871,238,147,45,2,44,110,37,0,149,4.97,0.289,0.324,0.509,0.833,0.306,1.38,214,213,89,5.31,0.7,"$1,700,000 "
SP,Josh,Pennington,DET,R,16,11,14,16,11,13,17,12,14,17,13,19,-,-,-,-,-,-,-,11,31,13,9,171.1,700,139,79,35,1,24,63,55,0,170,3.31,0.219,0.29,0.391,0.681,0.26,1.13,157,165,134,4.23,2.7,"$7,500,000 "
RP,Jose,Torres,LAA,L,18,13,13,18,14,13,18,13,12,16,4,19,-,-,-,-,-,-,6,2,0,2,0,47.2,216,54,36,9,0,9,24,17,0,52,4.53,0.277,0.343,0.462,0.804,0.333,1.49,55,31,97,4.8,-0.1,"$1,650,000 "
RP,Taijuan,Walker,PIT,R,14,10,16,15,11,16,14,10,16,15,12,4,-,-,-,14,-,-,-,15,11,3,4,84,369,95,56,24,1,14,47,31,8,67,5.04,0.288,0.357,0.494,0.851,0.324,1.5,84,85,87,4.84,0.4,"$5,000,000 "
RP,Matt,Barnes,CLE,R,16,13,12,16,12,12,16,13,12,16,17,16,-,-,-,-,-,-,-,4,0,2,4,62.2,276,58,37,13,2,6,32,26,1,74,4.6,0.238,0.316,0.381,0.698,0.313,1.34,58,54,96,3.49,1,"$1,100,000 "
SP,Tyler,Beede,CHC,R,15,12,13,15,12,13,15,12,13,16,14,17,-,-,-,13,-,-,-,18,32,9,18,196.2,843,175,112,33,3,27,97,85,1,165,4.44,0.239,0.323,0.404,0.726,0.271,1.32,214,188,99,4.79,1.8,"$2,120,000 "
CL,Jose,Berrios,CWS,R,16,12,13,16,11,13,16,12,14,15,-,18,-,-,-,-,-,-,-,15,0,4,0,66.2,297,73,49,11,0,13,32,21,0,67,4.32,0.273,0.333,0.461,0.794,0.317,1.41,54,74,103,4.92,-0.2,"$2,140,000 "
SP,Luis,Cessa,CAR,R,13,11,16,13,11,16,13,11,16,16,12,15,-,-,-,-,-,-,-,14,0,4,2,99.2,420,107,74,18,5,10,46,24,0,105,4.15,0.275,0.317,0.424,0.741,0.35,1.31,102,79,106,3.22,1.7,"$1,547,000 "
SP,Enyel,De Los Santos,MIN,R,15,11,17,15,11,17,15,11,17,16,18,14,-,-,-,-,-,-,-,12,30,9,9,163.1,715,196,128,36,1,31,93,36,0,151,5.12,0.295,0.335,0.492,0.828,0.338,1.42,149,171,87,4.68,1.7,"$7,310,000 "
RP,Josh,Fields,WAS,R,16,10,16,17,10,16,16,11,16,16,13,17,-,-,-,-,-,-,-,4,0,5,2,68.1,284,55,33,14,1,7,26,25,3,74,3.42,0.217,0.29,0.362,0.652,0.274,1.17,55,69,130,3.49,1,"$5,000,000 "
RP,Carson,Fulmer,LAA,R,16,10,10,16,10,10,16,10,10,16,14,16,-,-,-,13,-,-,-,11,30,7,13,154.1,671,139,86,30,2,21,89,68,0,151,5.19,0.238,0.325,0.404,0.729,0.284,1.34,139,160,84,4.58,1.7,"$6,000,000 "
SP,D.L.,Hall,SF,L,15,12,13,15,13,13,15,12,13,16,9,19,-,-,-,-,-,-,-,13,12,3,5,81,343,67,42,16,3,6,33,42,1,66,3.67,0.229,0.324,0.365,0.689,0.271,1.35,81,84,119,4.16,0.9,"$535,000 "
RP,Jeremy,Jeffress,STL,R,13,15,14,13,15,14,13,16,14,15,8,11,-,-,-,-,-,-,-,5,0,2,5,75,310,69,52,12,1,4,29,22,2,57,3.48,0.246,0.308,0.338,0.647,0.294,1.21,84,68,126,3.4,1.4,"$3,800,000 "
RP,Kevin,Kleiss,LAA,R,16,13,10,17,13,9,16,14,10,14,19,-,-,-,-,-,-,-,-,10,0,5,5,71,306,67,39,16,3,9,36,32,0,64,4.56,0.254,0.343,0.439,0.783,0.301,1.39,60,76,96,4.68,0,"$535,000 "
SP,German,Marquez,PHI,R,14,12,15,14,11,15,14,12,15,16,12,17,-,-,-,-,-,-,-,16,33,15,8,199,827,189,115,36,3,35,93,53,0,175,4.21,0.252,0.31,0.447,0.757,0.283,1.22,214,176,105,4.78,1.8,"$14,100,000 "
RP,Andrew,McKirahan,TOR,L,17,11,17,17,12,17,17,11,17,16,-,18,-,-,-,-,-,-,-,5,0,3,2,78.2,328,70,43,12,0,15,34,20,0,94,3.89,0.233,0.294,0.423,0.718,0.288,1.14,85,52,113,4.35,0.3,"$5,050,000 "
SP,Shelby,Miller,POR,R,12,15,12,12,14,12,12,15,12,14,11,13,-,-,-,11,-,-,-,15,14,5,6,103.2,450,104,58,30,2,14,49,41,0,94,4.25,0.259,0.332,0.449,0.781,0.304,1.4,117,84,103,4.51,0.9,"$6,000,000 "
RP,Micah,Miniard,-,R,15,14,10,15,13,10,14,14,10,15,5,17,-,-,-,-,-,-,-,13,3,2,8,125.2,541,105,64,18,2,21,63,69,0,102,4.51,0.226,0.328,0.409,0.738,0.244,1.38,136,119,97,5.54,-1.1,Free agent
RP,Chris,Paddack,POR,R,13,10,17,14,10,17,13,11,17,15,14,12,-,-,-,-,-,-,-,13,0,3,4,74,306,73,41,13,1,18,45,20,0,71,5.47,0.261,0.308,0.507,0.815,0.282,1.26,69,72,80,5.36,-0.6,"$2,900,000 "
RP,Francys,Peguero,COL,R,14,12,15,15,12,15,14,12,15,16,-,14,-,-,-,-,-,-,-,12,0,3,2,68.1,294,76,49,11,4,12,37,20,0,62,4.87,0.284,0.328,0.489,0.816,0.322,1.4,67,63,95,4.62,0.2,"$850,000 "
RP,Felipe,Rivero,PIT,L,16,13,12,16,14,13,16,13,12,15,11,17,-,-,-,-,-,-,-,5,0,9,2,66.2,277,48,28,11,5,4,22,34,3,70,2.97,0.201,0.307,0.339,0.646,0.265,1.23,61,59,148,3.48,1.1,"$5,000,000 "
CL,Lucas,Sims,BAL,R,18,12,11,19,11,11,18,12,11,16,12,19,-,-,-,-,-,-,-,15,26,8,6,142.2,590,116,72,17,2,25,65,54,0,153,4.1,0.219,0.293,0.401,0.693,0.257,1.19,125,134,109,4.58,1.7,"$3,360,000 "
RP,Juan,Soto,-,R,13,11,15,13,10,15,13,11,16,13,13,15,-,-,-,-,-,-,-,14,0,2,1,81.2,347,88,56,19,0,13,41,26,0,80,4.52,0.278,0.337,0.462,0.799,0.336,1.4,84,65,97,4.41,0.2,Free agent
RP,Logan,Taylor,TB,R,20,10,15,20,9,14,20,10,15,17,-,20,-,-,-,-,-,-,-,5,0,5,9,53.1,234,54,30,9,1,14,34,20,3,69,5.74,0.255,0.325,0.505,0.83,0.31,1.39,49,39,78,5.16,-0.4,"$2,500,000 "
RP,Rowan,Wick,PHI,R,20,12,12,20,11,12,20,12,12,18,20,14,-,-,-,-,-,-,-,3,0,3,6,65.2,268,54,31,11,0,12,31,23,2,96,4.25,0.222,0.295,0.416,0.71,0.311,1.17,43,48,104,3.77,1,"$18,100,000 "
RP,Dellin,Betances,LAD,R,20,14,12,20,14,12,20,15,12,17,-,20,-,-,-,-,-,-,-,5,0,6,4,66.2,274,49,32,8,0,9,22,29,0,95,2.97,0.203,0.287,0.349,0.635,0.288,1.17,55,43,147,3.48,1.1,"$12,180,000 "
SP,Archie,Bradley,MIL,R,15,13,12,15,12,12,15,13,12,15,14,-,-,-,-,15,-,-,14,16,30,13,7,183.2,785,176,101,47,3,25,92,71,3,163,4.51,0.251,0.323,0.433,0.756,0.291,1.34,192,171,98,4.47,2.4,"$18,000,000 "
RP,Ryan,Castellani,CHC,R,17,12,10,17,12,10,17,12,11,13,18,17,-,-,-,-,-,-,-,16,24,4,11,136,643,156,95,35,2,24,104,76,1,113,6.88,0.287,0.379,0.492,0.871,0.319,1.71,141,139,65,5.75,-0.4,"$840,000 "
CL,Alex,Colome,STL,R,19,14,14,18,14,14,19,14,14,16,13,-,-,-,-,17,-,-,-,3,0,1,1,60,254,53,32,10,2,9,23,18,0,78,3.45,0.229,0.292,0.407,0.699,0.303,1.18,47,51,127,3.67,0.8,"$6,500,000 "
RP,Oscar,De La Cruz,CAR,R,15,12,14,15,12,13,15,12,14,15,14,16,-,-,-,-,-,-,-,13,30,5,20,159.1,717,167,107,32,2,26,98,73,2,110,5.54,0.269,0.359,0.453,0.812,0.29,1.51,181,159,78,5.63,-0.3,"$535,000 "
RP,Marcos,Diplan,TEX,R,16,13,13,16,12,13,16,13,13,15,11,17,-,-,-,-,-,-,-,12,0,4,0,89.1,402,88,60,20,2,6,40,51,4,84,4.03,0.256,0.353,0.378,0.731,0.32,1.56,99,74,114,3.91,1,"$1,375,000 "
SP,Braxton,Garrett,ATL,L,16,13,15,16,13,15,16,13,15,14,17,19,-,-,-,-,-,-,-,16,33,12,13,195.2,819,187,126,33,3,25,97,59,3,196,4.46,0.252,0.312,0.406,0.719,0.309,1.26,214,150,99,3.91,3.8,"$7,968,750 "
RP,Gio,Gonzalez,MIA,L,15,14,14,14,15,14,15,14,14,15,4,16,-,-,-,-,-,-,-,16,3,2,4,45.1,199,48,37,7,1,3,23,21,2,36,4.57,0.274,0.347,0.377,0.724,0.324,1.52,46,46,96,3.8,0.6,"$1,400,000 "
SP,Corey,Kluber,WAS,R,14,14,13,14,14,12,14,14,13,13,14,15,-,11,-,14,-,-,-,10,33,10,9,184.2,777,161,110,37,3,11,78,59,2,153,3.8,0.232,0.302,0.341,0.644,0.28,1.19,205,178,114,3.52,4.4,"$7,100,000 "
RP,Travis,Lakins,HOU,R,15,12,11,15,12,11,15,12,11,15,17,16,-,-,-,-,-,-,-,12,2,1,2,25,116,29,18,9,0,2,20,14,1,21,7.2,0.302,0.412,0.458,0.871,0.37,1.72,28,20,62,4.67,0.1,"$950,000 "
RP,Brett,Martin,LAD,L,16,11,13,15,11,13,16,11,13,16,15,15,-,-,-,-,-,-,-,11,0,2,4,98.1,445,108,71,15,0,22,67,44,0,88,6.13,0.274,0.352,0.48,0.832,0.302,1.55,85,112,73,5.85,-1.2,"$950,000 "
SP,Luis,Monroy,MIA,L,20,9,13,20,9,14,20,9,13,15,20,16,-,-,-,13,-,-,-,13,31,11,7,181.1,709,119,72,21,5,21,55,48,0,235,2.73,0.184,0.248,0.329,0.577,0.249,0.92,150,141,160,3.11,5.3,"$535,000 "
RP,Sean,Newcomb,BAL,L,20,14,9,19,15,9,20,14,9,16,1,20,-,-,-,-,-,-,-,12,0,1,5,77.1,355,66,45,13,2,6,38,56,4,95,4.42,0.229,0.366,0.351,0.717,0.316,1.58,73,55,100,4.15,0.6,"$4,720,000 "
RP,Nick,Pivetta,-,R,13,13,11,13,12,11,13,13,11,14,10,13,-,-,-,-,-,-,-,12,0,2,2,41.2,173,37,24,5,3,5,14,14,0,45,3.02,0.233,0.295,0.396,0.691,0.294,1.22,41,36,145,3.68,0.5,Free agent
RP,Max,Povse,CLE,R,13,14,16,13,14,16,13,14,16,14,14,6,-,-,-,-,-,-,-,15,0,3,6,82.2,330,69,41,19,2,7,26,16,4,75,2.83,0.223,0.264,0.365,0.628,0.27,1.03,91,76,155,3.06,2,"$5,000,000 "
SP,Aaron,Sanchez,POR,R,12,17,14,12,16,14,12,17,14,15,13,12,-,-,-,-,-,-,-,13,33,15,9,202.2,829,178,104,49,5,20,88,66,0,184,3.91,0.235,0.295,0.393,0.688,0.284,1.2,222,173,112,3.71,4.4,"$15,500,000 "
SP,Tyler,Skaggs,BAL,L,15,11,13,14,11,13,15,11,13,15,11,17,-,-,-,11,-,-,-,11,30,6,7,156.1,664,141,95,21,5,20,75,64,0,154,4.32,0.24,0.324,0.395,0.719,0.291,1.31,127,167,103,4.38,2.2,"$3,000,000 "
RP,Andrew,Suarez,PIT,L,14,11,17,14,11,18,14,11,17,15,11,14,-,-,-,-,-,-,-,17,31,6,14,172.1,767,198,125,40,0,33,100,50,12,121,5.22,0.287,0.344,0.488,0.833,0.304,1.44,214,162,84,5.26,0.6,"$1,100,000 "
RP,Hui-ying,Yue,PIT,L,15,10,14,15,10,14,15,10,14,-,-,18,-,-,-,13,-,-,-,7,0,0,2,42,176,38,24,8,0,6,17,16,4,34,3.64,0.239,0.313,0.403,0.715,0.269,1.29,50,33,121,4.44,0.1,"$4,000,000 "
SP,Juan,Cervantes,LV,L,17,14,12,16,14,13,17,13,12,-,4,17,-,-,15,12,8,-,-,12,31,9,9,161.2,719,171,102,39,5,25,90,72,3,140,5.01,0.271,0.344,0.467,0.811,0.309,1.5,172,158,89,4.86,1.4,"$535,000 "
RP,Chris,Devenski,STL,R,13,12,16,14,12,16,13,12,16,13,-,13,-,-,-,-,15,-,-,3,0,6,3,60.1,265,70,42,22,0,6,36,21,0,56,5.37,0.289,0.343,0.455,0.798,0.352,1.51,65,51,82,3.75,0.8,"$1,400,000 "
SP,Vladimir,Gutierrez,CAR,R,14,12,12,15,12,12,14,12,12,14,12,18,-,-,-,-,-,-,-,13,18,7,5,133.1,550,103,63,25,2,13,51,57,1,108,3.44,0.216,0.319,0.359,0.678,0.253,1.2,157,108,125,4.51,1,"$950,000 "
CL,Will,Harris,LAA,R,16,13,17,17,13,16,16,14,17,15,-,18,-,-,-,-,-,-,-,4,0,9,2,68,280,62,38,13,3,8,27,17,1,73,3.57,0.241,0.288,0.409,0.696,0.302,1.16,66,60,124,3.4,1.2,"$8,000,000 "
RP,Johan,Herrera,COL,R,16,13,11,19,14,12,14,12,11,13,18,11,-,-,-,-,-,-,15,18,1,1,3,55.2,256,61,43,9,0,9,32,32,3,57,5.17,0.282,0.379,0.449,0.828,0.338,1.67,51,50,89,5.1,-0.1,"$535,000 "
SP,Bryan,Hoeing,NYM,R,12,13,13,12,12,13,11,13,13,14,6,16,-,-,-,-,-,-,-,15,4,6,3,64.2,281,61,41,13,0,7,37,31,2,43,5.15,0.246,0.332,0.383,0.715,0.273,1.42,86,55,85,4.74,0.1,"$535,000 "
RP,Max,Kranick,HOU,R,13,13,14,13,13,14,13,14,14,14,6,14,-,-,-,-,-,-,-,12,3,2,1,38.2,171,47,31,6,1,9,27,9,0,27,6.28,0.294,0.329,0.512,0.842,0.304,1.45,49,36,71,5.6,-0.2,"$535,000 "
SP,Felix,Lacen,MIN,R,12,10,11,13,10,12,11,10,11,13,15,13,-,-,-,-,-,-,-,13,11,2,6,66.2,288,67,38,14,2,13,37,28,0,40,4.99,0.263,0.34,0.486,0.827,0.267,1.42,77,72,89,5.95,-0.2,"$535,000 "
RP,Graham,Lawson,NYM,R,14,14,15,14,14,15,14,14,15,14,17,4,-,-,-,-,-,-,-,4,2,5,7,76,331,69,40,17,0,12,41,39,3,46,4.86,0.243,0.343,0.43,0.773,0.251,1.42,88,82,90,5.73,-0.9,"$535,000 "
RP,Triston,McKenzie,CHC,R,20,8,11,20,8,11,20,8,11,15,20,15,-,-,-,-,-,-,-,14,0,7,8,57.1,251,66,40,11,2,13,42,17,0,71,6.59,0.287,0.336,0.522,0.858,0.358,1.45,49,43,66,4.68,0,"$535,000 "
SP,Yohander,Mendez,TEX,L,13,12,16,13,12,16,13,12,16,12,18,13,-,-,-,-,-,-,-,12,32,5,14,169,719,178,100,41,5,32,93,42,0,152,4.95,0.27,0.321,0.492,0.813,0.304,1.3,165,163,90,4.85,1.5,"$10,640,000 "
RP,Ryan,Oduber,BOS,L,17,9,14,18,10,14,16,9,13,15,18,16,-,-,-,-,-,-,-,2,0,2,6,77.2,323,63,40,12,0,11,32,30,2,93,3.71,0.223,0.303,0.383,0.686,0.283,1.2,64,65,121,3.99,0.7,"$850,000 "
SP,Hunter,Perdue,NYM,R,13,13,12,13,12,12,13,13,12,14,14,16,-,-,-,-,-,-,-,12,9,4,5,72,311,70,49,12,2,7,33,30,1,55,4.13,0.259,0.334,0.396,0.731,0.296,1.39,90,60,106,4.34,0.7,"$535,000 "
CL,Eric,Peterson,COL,R,16,11,15,16,11,15,16,11,15,14,18,11,-,-,-,-,-,-,-,7,0,9,8,80,336,65,39,13,1,12,38,33,1,103,4.28,0.22,0.304,0.392,0.696,0.29,1.23,58,70,105,3.99,1,"$10,000,000 "
SP,Mike,Soroka,CIN,R,12,15,15,13,14,15,12,15,15,13,12,16,-,-,-,-,-,-,-,17,29,13,6,185.2,775,181,116,44,2,19,70,48,3,132,3.39,0.257,0.313,0.406,0.719,0.291,1.23,218,180,131,4.08,3.3,"$2,934,000 "
RP,Justin,Steele,PIT,L,14,11,12,14,11,12,14,11,12,14,13,16,-,-,-,-,-,-,-,12,16,4,8,124,532,103,75,13,2,13,47,63,7,106,3.41,0.231,0.332,0.357,0.689,0.273,1.34,132,115,129,4.42,1.2,"$535,000 "
RP,Trey,Supak,MIL,R,12,13,17,12,13,17,12,13,17,11,10,15,-,-,-,-,-,-,-,12,0,3,2,80.2,337,72,40,18,2,12,37,19,6,74,4.13,0.234,0.289,0.422,0.711,0.267,1.13,74,88,107,4.07,0.6,"$892,500 "
SP,Michael,Wacha,WAS,R,13,14,15,13,14,15,13,14,15,14,14,9,-,-,-,12,-,-,-,14,33,13,8,200.2,840,202,139,39,8,16,86,47,1,138,3.86,0.262,0.304,0.396,0.7,0.298,1.24,232,208,116,3.66,4.6,"$10,050,000 "
SP,Luke,Weaver,STL,R,13,11,16,13,12,16,13,11,16,11,17,8,-,-,-,11,-,-,-,15,32,13,14,200.1,842,208,127,41,2,38,105,46,0,130,4.72,0.266,0.311,0.47,0.781,0.276,1.27,238,204,94,5.22,1,"$10,000,000 "
RP,Nick,Wittgren,WAS,R,14,12,19,14,12,19,14,12,19,15,12,14,-,-,-,-,-,-,-,4,0,6,3,79.1,323,82,57,14,3,8,34,12,4,61,3.86,0.27,0.3,0.414,0.715,0.31,1.18,85,79,116,3.46,1.2,"$4,000,000 "
RP,Dean,Aldridge,DET,R,18,13,17,18,12,17,17,13,17,15,-,18,-,-,-,-,5,-,-,6,1,4,5,95.1,400,79,50,16,1,12,32,29,0,99,3.02,0.219,0.287,0.368,0.656,0.265,1.13,79,104,147,3.96,0.9,"$2,000,000 "
RP,Cody,Allen,-,R,13,9,12,13,8,11,13,9,12,15,-,12,-,-,-,-,-,-,-,7,0,6,6,79,327,65,31,15,0,19,43,29,2,104,4.9,0.222,0.295,0.468,0.763,0.269,1.19,58,66,91,4.86,-0.1,Free agent
RP,Wes,Benjamin,CWS,L,18,10,15,18,10,15,18,10,15,10,20,3,-,-,-,-,-,-,-,14,0,6,7,97.2,429,93,58,16,0,19,48,38,3,107,4.42,0.245,0.319,0.437,0.756,0.288,1.34,81,101,100,4.84,-0.1,"$2,000,000 "
SP,Tyler,Benninghoff,MIN,R,14,11,16,14,11,16,14,11,16,13,19,10,-,-,-,-,-,-,-,13,32,10,8,181.2,783,189,129,30,1,29,94,62,1,125,4.66,0.268,0.336,0.438,0.773,0.289,1.38,184,207,96,5.16,1,"$535,000 "
RP,Gilberto,Chu,PIT,L,14,11,16,14,12,16,14,11,16,12,15,16,-,-,-,-,-,-,-,11,30,7,14,162.2,699,173,120,28,3,22,74,56,9,108,4.09,0.279,0.343,0.44,0.782,0.306,1.41,191,160,107,4.68,1.6,"$535,000 "
RP,Pedro,Fernandez,-,R,11,12,16,11,11,15,12,12,16,11,-,13,-,10,-,-,-,-,-,14,0,5,4,73.2,332,86,44,23,4,15,53,24,3,46,6.48,0.289,0.356,0.544,0.9,0.298,1.49,87,80,69,5.85,-1.1,Free agent
RP,Jake,Godfrey,LAA,R,15,12,12,16,12,11,15,12,12,14,9,17,-,-,-,-,-,-,-,4,0,9,5,93.1,437,103,70,17,1,15,62,51,11,85,5.98,0.275,0.368,0.447,0.814,0.317,1.65,98,87,75,5.02,-0.3,"$535,000 "
SP,Conner,Greene,WAS,R,13,12,12,14,12,12,13,12,12,12,15,14,-,-,-,12,-,-,-,17,20,8,7,110,480,98,65,17,0,16,62,43,0,92,5.07,0.231,0.309,0.384,0.693,0.255,1.28,117,115,87,4.85,0.9,"$1,100,000 "
SP,Brent,Honeywell,LAD,R,14,12,15,15,13,16,14,12,15,12,16,11,-,-,-,-,-,16,-,16,33,12,12,190.1,803,194,122,34,9,29,90,42,0,181,4.26,0.26,0.305,0.446,0.751,0.306,1.24,204,164,103,4.12,3.1,"$9,750,000 "
SP,Ariel,Jurado,HOU,R,18,13,16,18,13,16,18,14,17,11,20,17,-,-,-,-,-,-,-,14,32,12,7,199.2,820,190,119,34,4,33,99,35,0,229,4.46,0.244,0.279,0.425,0.705,0.303,1.13,185,168,99,3.71,4.4,"$17,500,000 "
SP,Pablo,Lopez,SEA,R,9,14,17,9,14,17,8,14,17,12,9,6,-,-,-,-,-,-,-,16,24,9,9,159.2,683,170,120,31,1,18,84,49,3,52,4.73,0.274,0.331,0.415,0.746,0.273,1.37,213,187,92,5.08,0.6,"$535,000 "
SP,Steven,Matz,MIL,L,9,14,15,9,15,15,9,14,15,12,12,5,-,-,-,-,-,-,-,18,32,17,9,212.1,914,234,160,50,3,21,92,59,10,147,3.9,0.28,0.333,0.423,0.755,0.317,1.38,263,192,114,3.99,4,"$21,000,000 "
SP,Luis,Noguera,COL,L,12,12,13,11,11,13,13,12,13,11,13,16,-,-,-,-,-,-,-,12,8,1,2,37,179,48,33,6,0,9,30,21,1,25,7.3,0.312,0.395,0.526,0.921,0.322,1.86,47,35,63,6.78,-0.3,"$535,000 "
RP,Drew,Smyly,-,L,14,8,16,14,8,16,14,8,16,14,6,15,-,-,-,10,-,-,-,16,11,7,5,111.2,479,121,76,21,0,24,68,31,0,104,5.48,0.274,0.318,0.484,0.802,0.304,1.36,93,123,82,5.03,0,Free agent
RP,Alex,Wood,MIA,L,13,15,14,14,16,15,13,14,14,13,13,-,-,-,-,-,-,-,15,14,31,10,11,184,776,200,131,40,0,29,91,39,0,113,4.45,0.275,0.314,0.449,0.763,0.29,1.3,244,163,98,4.79,1.5,"$9,500,000 "
SP,Madison,Bumgarner,MIL,L,12,12,17,12,12,17,12,12,17,11,7,15,-,-,-,10,-,-,-,10,32,14,6,183,745,169,111,31,2,25,80,32,1,177,3.93,0.241,0.28,0.398,0.678,0.287,1.1,176,177,113,3.73,4,"$9,520,000 "
SP,Nabil,Crismatt,NYM,R,16,10,15,16,10,15,15,10,16,12,20,15,-,-,-,-,-,-,-,12,33,4,10,182.1,765,182,117,37,7,21,83,47,2,153,4.1,0.261,0.313,0.425,0.737,0.306,1.26,207,158,107,3.94,3.4,"$5,887,500 "
RP,Edward,Cuello,PHI,R,20,11,15,20,11,15,20,11,15,12,-,19,-,-,-,16,20,-,-,7,0,7,4,89.1,373,63,36,13,1,13,40,38,3,121,4.03,0.195,0.299,0.362,0.661,0.265,1.13,65,69,110,3.96,0.8,"$535,000 "
RP,Sonny,Gray,-,R,10,12,11,10,12,11,10,12,11,10,5,11,-,-,-,-,-,-,-,18,0,3,4,87,387,105,75,15,2,13,54,35,0,67,5.59,0.303,0.367,0.471,0.838,0.343,1.61,99,77,79,4.91,-0.2,Free agent
SP,Tyler J.,Watson,NYM,L,12,12,14,11,12,14,12,12,14,13,11,16,-,-,-,-,-,-,-,12,10,2,3,50.1,225,56,36,13,2,5,32,22,0,34,5.72,0.28,0.354,0.44,0.794,0.317,1.55,53,58,76,4.58,0.5,"$535,000 "
SP,Cory,Abbott,CAR,R,16,8,13,16,8,13,16,8,13,14,16,17,-,-,-,-,-,-,-,13,0,1,3,58,249,48,28,9,0,11,24,25,3,73,3.72,0.22,0.312,0.413,0.725,0.276,1.26,50,46,116,4.56,0,"$650,000 "
SP,Kyle,Hendricks,CIN,R,12,13,19,12,13,18,12,14,19,9,15,10,-,12,-,-,-,-,-,17,30,13,9,213.2,841,181,110,37,4,30,78,31,3,166,3.29,0.227,0.263,0.397,0.66,0.251,0.99,260,191,135,4.05,3.9,"$17,000,000 "
RP,Will,Smith,-,L,15,9,13,15,9,13,15,9,13,12,13,17,-,-,-,-,-,-,-,5,1,9,1,95,394,74,43,19,1,11,41,38,1,118,3.88,0.21,0.288,0.363,0.651,0.281,1.18,65,95,115,3.49,1.4,Free agent
RP,Sammy,Solis,WAS,L,12,16,12,12,17,13,12,16,12,11,9,14,-,-,-,-,-,-,-,3,0,5,4,69,301,66,44,11,2,9,33,38,3,64,4.3,0.253,0.352,0.414,0.766,0.303,1.51,71,59,104,4.72,0,"$3,000,000 "
"Sunday, September 30th, 2018 - OOTP Baseball 19.8 Build 79",,,,,,,,,,,,,,,,,,,,,,,,,,,,,,,,,,,,,,,,,,,,,,,,,,,
